Workbook

Sheet Instructions
A1: =IFERROR(__xludf.dummyfunction("IMPORTRANGE(""1V5OIElI2MQo07KSlDqNMWMvWuTLDbyT-YC4EEx4A3Gw"", ""Live Instructions!A1:K123"")"),"Roller Derby Officiating Game History") -> Roller Derby Officiating Game History | J1: =IFERROR(__xludf.dummyfunction("""COMPUTED_VALUE"""),"") | K1: =IFERROR(__xludf.dummyfunction("""COMPUTED_VALUE"""),"")
A2: =IFERROR(__xludf.dummyfunction("""COMPUTED_VALUE"""),"Any roller derby Official may use this form. Use of this form does not imply affiliation with a WFTDA or MRDA league.") -> Any roller derby Official may use this form. Use of this form does not imply affiliation with a WFTDA or MRDA league.
A4: =IFERROR(__xludf.dummyfunction("""COMPUTED_VALUE"""),"How to use this form") -> How to use this form
A5: =IFERROR(__xludf.dummyfunction("""COMPUTED_VALUE"""),"• Make a copy of this Google document (File > Make a Copy ...) and name in the following format: ") -> • Make a copy of this Google document (File > Make a Copy ...) and name in the following format: | F5: =IFERROR(__xludf.dummyfunction("""COMPUTED_VALUE"""),"Officiating Name - Game History") -> Officiating Name - Game History | I5: =IFERROR(__xludf.dummyfunction("""COMPUTED_VALUE"""),"(Example: Jane Q Derby - Game History)") -> (Example: Jane Q Derby - Game History)
A6: =IFERROR(__xludf.dummyfunction("""COMPUTED_VALUE"""),"• Review this sample résumé to see examples of the below instructions:") -> • Review this sample résumé to see examples of the below instructions: | E6: =IFERROR(__xludf.dummyfunction("""COMPUTED_VALUE"""),"http://wftda.org/gh15ss") -> http://wftda.org/gh15ss
A8: =IFERROR(__xludf.dummyfunction("""COMPUTED_VALUE"""),"Instructions") -> Instructions
A9: =IFERROR(__xludf.dummyfunction("""COMPUTED_VALUE"""),"• DON'T DELETE ME! I'M IMPORTANT! Information on this tab is referenced by the other tabs in this Game History.") -> • DON'T DELETE ME! I'M IMPORTANT! Information on this tab is referenced by the other tabs in this Game History.
A10: =IFERROR(__xludf.dummyfunction("""COMPUTED_VALUE"""),"• Once you feel you have an adequate understanding of how to use this document, hide this tab by selecting the drop-down arrow at the right of the tab and select ""Hide sheet"".") -> • Once you feel you have an adequate understanding of how to use this document, hide this tab by selecting the drop-down arrow at the right of the tab and select "Hide sheet".
A12: =IFERROR(__xludf.dummyfunction("""COMPUTED_VALUE"""),"Summary") -> Summary
A13: =IFERROR(__xludf.dummyfunction("""COMPUTED_VALUE"""),"• The Summary page is a snapshot of your officiating history in the WFTDA and MRDA") -> • The Summary page is a snapshot of your officiating history in the WFTDA and MRDA
A14: =IFERROR(__xludf.dummyfunction("""COMPUTED_VALUE"""),"• Complete the personal information in rows 3 through 8.") -> • Complete the personal information in rows 3 through 8.
A15: =IFERROR(__xludf.dummyfunction("""COMPUTED_VALUE"""),"• Click on the pink ""Insert Photo Here"" image and choose ""Replace Image..."" in the available drop-down menu. To resize, hold the Shift key and drag the bottom right corner of image.") -> • Click on the pink "Insert Photo Here" image and choose "Replace Image..." in the available drop-down menu. To resize, hold the Shift key and drag the bottom right corner of image.
A16: =IFERROR(__xludf.dummyfunction("""COMPUTED_VALUE"""),"• Enter the details for any Officiating Clinics attended in their respective association tables. Specify any Ref- or NSO-focused training, the city and state/province, and the year attended.") -> • Enter the details for any Officiating Clinics attended in their respective association tables. Specify any Ref- or NSO-focused training, the city and state/province, and the year attended.
A17: =IFERROR(__xludf.dummyfunction("""COMPUTED_VALUE"""),"• Do not alter any other data below line 8. This information is automatically generated from the Game History. Making changes here will break your document formulas.") -> • Do not alter any other data below line 8. This information is automatically generated from the Game History. Making changes here will break your document formulas.
A19: =IFERROR(__xludf.dummyfunction("""COMPUTED_VALUE"""),"Game History") -> Game History
A20: =IFERROR(__xludf.dummyfunction("""COMPUTED_VALUE"""),"Event Details -") -> Event Details -
A21: =IFERROR(__xludf.dummyfunction("""COMPUTED_VALUE"""),"• DATE: Add new games at the top of your game history (above row 4). Format the date as YYYY-MM-DD. (This format is already set, so do not change it.)") -> • DATE: Add new games at the top of your game history (above row 4). Format the date as YYYY-MM-DD. (This format is already set, so do not change it.)
A22: =IFERROR(__xludf.dummyfunction("""COMPUTED_VALUE"""),"• TOURNAMENT: Enter the name of any multi-day tournament here. For all other games, leave this field blank.") -> • TOURNAMENT: Enter the name of any multi-day tournament here. For all other games, leave this field blank.
B23: =IFERROR(__xludf.dummyfunction("""COMPUTED_VALUE"""),"◦ If you were a Tournament Head Official or Games Officer, make one entry for the entire tournament rather than listing all the games held during that tournament.") -> ◦ If you were a Tournament Head Official or Games Officer, make one entry for the entire tournament rather than listing all the games held during that tournament.
A24: =IFERROR(__xludf.dummyfunction("""COMPUTED_VALUE"""),"• LOCATION: Enter the venue name and geographical location (city and state/province or, when outside North America, city and country).") -> • LOCATION: Enter the venue name and geographical location (city and state/province or, when outside North America, city and country).
A26: =IFERROR(__xludf.dummyfunction("""COMPUTED_VALUE"""),"Leagues and Teams -") -> Leagues and Teams -
A27: =IFERROR(__xludf.dummyfunction("""COMPUTED_VALUE"""),"• In all instances, enter the full name of the league. Do not abbreviate as numerous leagues have the same initials.") -> • In all instances, enter the full name of the league. Do not abbreviate as numerous leagues have the same initials.
A28: =IFERROR(__xludf.dummyfunction("""COMPUTED_VALUE"""),"• HOST LEAGUE: Enter the full name of the league hosting the game. This is often determined in the game contract, so do not presume based on the game location.") -> • HOST LEAGUE: Enter the full name of the league hosting the game. This is often determined in the game contract, so do not presume based on the game location.
A29: =IFERROR(__xludf.dummyfunction("""COMPUTED_VALUE"""),"• HOME TEAM/HIGHER SEED: Enter the full home league name and its team playing. Host Leagues are considered the home team if they are playing (unless specified otherwise in the game contract). If the Host League is not playing, the higher ranked team is c"&"onsidered the home team (unless specified otherwise in the game contract).") -> • HOME TEAM/HIGHER SEED: Enter the full home league name and its team playing. Host Leagues are considered the home team if they are playing (unless specified otherwise in the game contract). If the Host League is not playing, the higher ranked team is considered the home team (unless specified otherwise in the game contract).
B30: =IFERROR(__xludf.dummyfunction("""COMPUTED_VALUE"""),"◦ If the game was part of a tournament and you were a Head Official or Games Officer, leave this cell blank. Note the total number of games in the Notes cell.") -> ◦ If the game was part of a tournament and you were a Head Official or Games Officer, leave this cell blank. Note the total number of games in the Notes cell.
A31: =IFERROR(__xludf.dummyfunction("""COMPUTED_VALUE"""),"• VISITING TEAM/LOWER SEED: Enter the full visiting league name and its team playing. If the Host League is not playing, the lower ranked team is considered the visiting team (unless specified otherwise in the game contract).") -> • VISITING TEAM/LOWER SEED: Enter the full visiting league name and its team playing. If the Host League is not playing, the lower ranked team is considered the visiting team (unless specified otherwise in the game contract).
B32: =IFERROR(__xludf.dummyfunction("""COMPUTED_VALUE"""),"◦ If the game was part of a tournament and you were a Head Official or Games Officer, leave this cell blank.") -> ◦ If the game was part of a tournament and you were a Head Official or Games Officer, leave this cell blank.
A34: =IFERROR(__xludf.dummyfunction("""COMPUTED_VALUE"""),"Game Specifics -") -> Game Specifics -
A35: =IFERROR(__xludf.dummyfunction("""COMPUTED_VALUE"""),"• The terms that can be entered in these cells are restricted. If you attempt to use abbreviations not included in the charts below, you will receive an error message.") -> • The terms that can be entered in these cells are restricted. If you attempt to use abbreviations not included in the charts below, you will receive an error message.
A36: =IFERROR(__xludf.dummyfunction("""COMPUTED_VALUE"""),"• Data in these cells can be filtered so you can view more specific information within the game history. Use the drop-down menu in the column head to define your filter.") -> • Data in these cells can be filtered so you can view more specific information within the game history. Use the drop-down menu in the column head to define your filter.
A37: =IFERROR(__xludf.dummyfunction("""COMPUTED_VALUE"""),"• ASSOC: List the association abbreviation as defined in the Association chart below.") -> • ASSOC: List the association abbreviation as defined in the Association chart below.
B38: =IFERROR(__xludf.dummyfunction("""COMPUTED_VALUE"""),"◦ WFTDA: Games played between all-female teams, including WFTDA member/apprentice leagues and non-member/apprentice all-female teams that play by WFTDA rules.") -> ◦ WFTDA: Games played between all-female teams, including WFTDA member/apprentice leagues and non-member/apprentice all-female teams that play by WFTDA rules.
B39: =IFERROR(__xludf.dummyfunction("""COMPUTED_VALUE"""),"◦ MRDA: Games played between all-male teams or an all-male team versus any other team as long as the game follows the current MRDA rules.") -> ◦ MRDA: Games played between all-male teams or an all-male team versus any other team as long as the game follows the current MRDA rules.
B40: =IFERROR(__xludf.dummyfunction("""COMPUTED_VALUE"""),"◦ Flat Track-rules games played by non-association teams should be separated into the most appropriate association category. Co-ed games are marked as an ""Other"" game type for WFTDA and ""Regulation"" for MRDA. If you are unable to determine to your be"&"st judgment WFTDA or MRDA, default to MRDA.") -> ◦ Flat Track-rules games played by non-association teams should be separated into the most appropriate association category. Co-ed games are marked as an "Other" game type for WFTDA and "Regulation" for MRDA. If you are unable to determine to your best judgment WFTDA or MRDA, default to MRDA.
A41: =IFERROR(__xludf.dummyfunction("""COMPUTED_VALUE"""),"• TYPE: List the type of game played as defined in the Game Type chart below.") -> • TYPE: List the type of game played as defined in the Game Type chart below.
B42: =IFERROR(__xludf.dummyfunction("""COMPUTED_VALUE"""),"◦ If the game does not conform to any of the defined Game Types listed in the chart below, list the game on the Other History tab.") -> ◦ If the game does not conform to any of the defined Game Types listed in the chart below, list the game on the Other History tab.
A43: =IFERROR(__xludf.dummyfunction("""COMPUTED_VALUE"""),"• POSITION: List the position code of your role as defined in the Positions chart below. If you were a Head Official, enter T/C/HR or T/C/HNSO here.") -> • POSITION: List the position code of your role as defined in the Positions chart below. If you were a Head Official, enter T/C/HR or T/C/HNSO here.
A44: =IFERROR(__xludf.dummyfunction("""COMPUTED_VALUE"""),"• HO 2ND POSITION (IF APPLICABLE): If you were a Head Official working in another position (such as PBM or IPR), enter the code of that second position here.") -> • HO 2ND POSITION (IF APPLICABLE): If you were a Head Official working in another position (such as PBM or IPR), enter the code of that second position here.
A45: =IFERROR(__xludf.dummyfunction("""COMPUTED_VALUE"""),"• POSITIONAL SOFTWARE OPERATOR?: This pertains to positions that used Rinxter or software later endorsed to replace Rinxter (not league-coded apps). Mark this as") -> • POSITIONAL SOFTWARE OPERATOR?: This pertains to positions that used Rinxter or software later endorsed to replace Rinxter (not league-coded apps). Mark this as | K45: =IFERROR(__xludf.dummyfunction("""COMPUTED_VALUE"""),"Y") -> Y
A47: =IFERROR(__xludf.dummyfunction("""COMPUTED_VALUE"""),"Head Referee/Witness, Head NSO/Witness, and Details -") -> Head Referee/Witness, Head NSO/Witness, and Details -
A48: =IFERROR(__xludf.dummyfunction("""COMPUTED_VALUE"""),"• HEAD REFEREE: List the name of the game Head Referee. If you were the Head Referee, list the name of a witness who can confirm your participation, such as a team captain.") -> • HEAD REFEREE: List the name of the game Head Referee. If you were the Head Referee, list the name of a witness who can confirm your participation, such as a team captain.
B49: =IFERROR(__xludf.dummyfunction("""COMPUTED_VALUE"""),"◦ If the game was part of a tournament, list the Tournament Head Referee in this cell and reference the Crew Head Referee in the Notes section.") -> ◦ If the game was part of a tournament, list the Tournament Head Referee in this cell and reference the Crew Head Referee in the Notes section.
A50: =IFERROR(__xludf.dummyfunction("""COMPUTED_VALUE"""),"• HEAD NSO: List the name of the game Head NSO. If you were the Head NSO, list the name of a witness who can confirm your participation, such as a team captain or league rep.") -> • HEAD NSO: List the name of the game Head NSO. If you were the Head NSO, list the name of a witness who can confirm your participation, such as a team captain or league rep.
B51: =IFERROR(__xludf.dummyfunction("""COMPUTED_VALUE"""),"◦ If the game was part of a tournament, list the Tournament Head NSO in this cell and reference the Crew Head NSO in the Notes section.") -> ◦ If the game was part of a tournament, list the Tournament Head NSO in this cell and reference the Crew Head NSO in the Notes section.
A52: =IFERROR(__xludf.dummyfunction("""COMPUTED_VALUE"""),"• NOTES: Use this cell to detail any additional relevant game information.") -> • NOTES: Use this cell to detail any additional relevant game information. | E52: =IFERROR(__xludf.dummyfunction("""COMPUTED_VALUE"""),"(Example: ""Championship Game,"" tournament details for THOs, or the reasons why the Game Type is ""Other."")") -> (Example: "Championship Game," tournament details for THOs, or the reasons why the Game Type is "Other.")
A54: =IFERROR(__xludf.dummyfunction("""COMPUTED_VALUE"""),"ASSOCIATIONS") -> ASSOCIATIONS | G54: =IFERROR(__xludf.dummyfunction("""COMPUTED_VALUE"""),"OTHER ASSOCIATIONS") -> OTHER ASSOCIATIONS
A55: =IFERROR(__xludf.dummyfunction("""COMPUTED_VALUE"""),"WFTDA") -> WFTDA | B55: =IFERROR(__xludf.dummyfunction("""COMPUTED_VALUE"""),"Women's Flat Track Derby Association") -> Women's Flat Track Derby Association | D55: =IFERROR(__xludf.dummyfunction("""COMPUTED_VALUE"""),"http://www.wftda.com/") -> http://www.wftda.com/ | G55: =IFERROR(__xludf.dummyfunction("""COMPUTED_VALUE"""),"Banked") -> Banked | H55: =IFERROR(__xludf.dummyfunction("""COMPUTED_VALUE"""),"Banked Track Roller Derby") -> Banked Track Roller Derby
A56: =IFERROR(__xludf.dummyfunction("""COMPUTED_VALUE"""),"MRDA") -> MRDA | B56: =IFERROR(__xludf.dummyfunction("""COMPUTED_VALUE"""),"Men's Roller Derby Association") -> Men's Roller Derby Association | D56: =IFERROR(__xludf.dummyfunction("""COMPUTED_VALUE"""),"http://www.mensrollerderbyassociation.com/") -> http://www.mensrollerderbyassociation.com/ | G56: =IFERROR(__xludf.dummyfunction("""COMPUTED_VALUE"""),"USARS") -> USARS | H56: =IFERROR(__xludf.dummyfunction("""COMPUTED_VALUE"""),"USA Roller Sports") -> USA Roller Sports
A57: =IFERROR(__xludf.dummyfunction("""COMPUTED_VALUE"""),"Juniors") -> Juniors | B57: =IFERROR(__xludf.dummyfunction("""COMPUTED_VALUE"""),"Girls, boys, or mixed/agender") -> Girls, boys, or mixed/agender | D57: =IFERROR(__xludf.dummyfunction("""COMPUTED_VALUE"""),"Games against or between 18yo or younger") -> Games against or between 18yo or younger | G57: =IFERROR(__xludf.dummyfunction("""COMPUTED_VALUE"""),"MADE") -> MADE | H57: =IFERROR(__xludf.dummyfunction("""COMPUTED_VALUE"""),"Modern Athletic Derby Endeavor") -> Modern Athletic Derby Endeavor
A59: =IFERROR(__xludf.dummyfunction("""COMPUTED_VALUE"""),"GAME TYPE") -> GAME TYPE
A60: =IFERROR(__xludf.dummyfunction("""COMPUTED_VALUE"""),"Champs") -> Champs | B60: =IFERROR(__xludf.dummyfunction("""COMPUTED_VALUE"""),"Championship Tournament Games") -> Championship Tournament Games | D60: =IFERROR(__xludf.dummyfunction("""COMPUTED_VALUE"""),"A Sanctioned game played at an association-sponsored championship tournament.") -> A Sanctioned game played at an association-sponsored championship tournament.
A61: =IFERROR(__xludf.dummyfunction("""COMPUTED_VALUE"""),"Playoff") -> Playoff | B61: =IFERROR(__xludf.dummyfunction("""COMPUTED_VALUE"""),"Playoff Tournament Games") -> Playoff Tournament Games | D61: =IFERROR(__xludf.dummyfunction("""COMPUTED_VALUE"""),"A Sanctioned game played at an association-sponsored tournament, such as the WFTDA Division 1 Playoffs (not the Big ""O"" or MVC).") -> A Sanctioned game played at an association-sponsored tournament, such as the WFTDA Division 1 Playoffs (not the Big "O" or MVC).
A62: =IFERROR(__xludf.dummyfunction("""COMPUTED_VALUE"""),"Sanc") -> Sanc | B62: =IFERROR(__xludf.dummyfunction("""COMPUTED_VALUE"""),"Sanctioned Games") -> Sanctioned Games | D62: =IFERROR(__xludf.dummyfunction("""COMPUTED_VALUE"""),"A Regulation game that counts toward rankings.") -> A Regulation game that counts toward rankings.
A63: =IFERROR(__xludf.dummyfunction("""COMPUTED_VALUE"""),"Reg") -> Reg | B63: =IFERROR(__xludf.dummyfunction("""COMPUTED_VALUE"""),"Regulation Games") -> Regulation Games | D63: =IFERROR(__xludf.dummyfunction("""COMPUTED_VALUE"""),"Games played between two member/apprentice leagues that fully follow flat track rules, but the results do not count toward rankings.") -> Games played between two member/apprentice leagues that fully follow flat track rules, but the results do not count toward rankings.
A64: =IFERROR(__xludf.dummyfunction("""COMPUTED_VALUE"""),"Other") -> Other | B64: =IFERROR(__xludf.dummyfunction("""COMPUTED_VALUE"""),"Non-Regulation Games") -> Non-Regulation Games | D64: =IFERROR(__xludf.dummyfunction("""COMPUTED_VALUE"""),"Games played near but not exact to the rules, e.g., home teams, non-association games, challenge bouts, 20-minute periods, some co-ed games, and other variations that do not fundamentally change flat track derby. Specify the change in the Notes cell.") -> Games played near but not exact to the rules, e.g., home teams, non-association games, challenge bouts, 20-minute periods, some co-ed games, and other variations that do not fundamentally change flat track derby. Specify the change in the Notes cell.
A66: =IFERROR(__xludf.dummyfunction("""COMPUTED_VALUE"""),"CODE") -> CODE | B66: =IFERROR(__xludf.dummyfunction("""COMPUTED_VALUE"""),"POSITION") -> POSITION | D66: =IFERROR(__xludf.dummyfunction("""COMPUTED_VALUE"""),"DESCRIPTION") -> DESCRIPTION
A67: =IFERROR(__xludf.dummyfunction("""COMPUTED_VALUE"""),"GO") -> GO | B67: =IFERROR(__xludf.dummyfunction("""COMPUTED_VALUE"""),"Games Tournament Oversight") -> Games Tournament Oversight | D67: =IFERROR(__xludf.dummyfunction("""COMPUTED_VALUE"""),"Manages medium-to-large multi-day events to ensure fair competition, resolve grievances, and enforce tournament policies") -> Manages medium-to-large multi-day events to ensure fair competition, resolve grievances, and enforce tournament policies
A68: =IFERROR(__xludf.dummyfunction("""COMPUTED_VALUE"""),"THR") -> THR | B68: =IFERROR(__xludf.dummyfunction("""COMPUTED_VALUE"""),"Tournament Head Referee") -> Tournament Head Referee | D68: =IFERROR(__xludf.dummyfunction("""COMPUTED_VALUE"""),"Head Referee for a tournament") -> Head Referee for a tournament
A69: =IFERROR(__xludf.dummyfunction("""COMPUTED_VALUE"""),"CHR") -> CHR | B69: =IFERROR(__xludf.dummyfunction("""COMPUTED_VALUE"""),"Crew Head Referee") -> Crew Head Referee | D69: =IFERROR(__xludf.dummyfunction("""COMPUTED_VALUE"""),"Head Referee of a fixed crew that works multiple games over the course of a tournament") -> Head Referee of a fixed crew that works multiple games over the course of a tournament
A70: =IFERROR(__xludf.dummyfunction("""COMPUTED_VALUE"""),"HR") -> HR | B70: =IFERROR(__xludf.dummyfunction("""COMPUTED_VALUE"""),"Head Referee") -> Head Referee | D70: =IFERROR(__xludf.dummyfunction("""COMPUTED_VALUE"""),"The final rules adjudicator during a game") -> The final rules adjudicator during a game
A71: =IFERROR(__xludf.dummyfunction("""COMPUTED_VALUE"""),"THNSO") -> THNSO | B71: =IFERROR(__xludf.dummyfunction("""COMPUTED_VALUE"""),"Tournament Head NSO") -> Tournament Head NSO | D71: =IFERROR(__xludf.dummyfunction("""COMPUTED_VALUE"""),"Head NSO for a tournament") -> Head NSO for a tournament
A72: =IFERROR(__xludf.dummyfunction("""COMPUTED_VALUE"""),"CHNSO") -> CHNSO | B72: =IFERROR(__xludf.dummyfunction("""COMPUTED_VALUE"""),"Crew Head NSO") -> Crew Head NSO | D72: =IFERROR(__xludf.dummyfunction("""COMPUTED_VALUE"""),"Head NSO of a fixed crew that works multiple games over the course of a tournament") -> Head NSO of a fixed crew that works multiple games over the course of a tournament
A73: =IFERROR(__xludf.dummyfunction("""COMPUTED_VALUE"""),"HNSO") -> HNSO | B73: =IFERROR(__xludf.dummyfunction("""COMPUTED_VALUE"""),"Head NSO") -> Head NSO | D73: =IFERROR(__xludf.dummyfunction("""COMPUTED_VALUE"""),"Leads the NSO crew and communicates non-skating information to the Head Referee") -> Leads the NSO crew and communicates non-skating information to the Head Referee
A74: =IFERROR(__xludf.dummyfunction("""COMPUTED_VALUE"""),"JR") -> JR | B74: =IFERROR(__xludf.dummyfunction("""COMPUTED_VALUE"""),"Jammer Referee") -> Jammer Referee | D74: =IFERROR(__xludf.dummyfunction("""COMPUTED_VALUE"""),"Responsible for assessessing points scored by a Jammer") -> Responsible for assessessing points scored by a Jammer
A75: =IFERROR(__xludf.dummyfunction("""COMPUTED_VALUE"""),"IPR") -> IPR | B75: =IFERROR(__xludf.dummyfunction("""COMPUTED_VALUE"""),"Inside Pack Referee") -> Inside Pack Referee | D75: =IFERROR(__xludf.dummyfunction("""COMPUTED_VALUE"""),"Responsible for pack definition") -> Responsible for pack definition
A76: =IFERROR(__xludf.dummyfunction("""COMPUTED_VALUE"""),"OPR") -> OPR | B76: =IFERROR(__xludf.dummyfunction("""COMPUTED_VALUE"""),"Outside Pack Referee") -> Outside Pack Referee | D76: =IFERROR(__xludf.dummyfunction("""COMPUTED_VALUE"""),"Responsible for penalty calls on the outside of the track") -> Responsible for penalty calls on the outside of the track
A77: =IFERROR(__xludf.dummyfunction("""COMPUTED_VALUE"""),"PT") -> PT | B77: =IFERROR(__xludf.dummyfunction("""COMPUTED_VALUE"""),"Penalty Tracker") -> Penalty Tracker | D77: =IFERROR(__xludf.dummyfunction("""COMPUTED_VALUE"""),"Tracks penalties called by Referees and communicates them to the IWB") -> Tracks penalties called by Referees and communicates them to the IWB
A78: =IFERROR(__xludf.dummyfunction("""COMPUTED_VALUE"""),"PW") -> PW | B78: =IFERROR(__xludf.dummyfunction("""COMPUTED_VALUE"""),"Penalty Wrangler") -> Penalty Wrangler | D78: =IFERROR(__xludf.dummyfunction("""COMPUTED_VALUE"""),"Assists the Penalty Tracker in hearing and communicating penalties") -> Assists the Penalty Tracker in hearing and communicating penalties
A79: =IFERROR(__xludf.dummyfunction("""COMPUTED_VALUE"""),"IWB") -> IWB | B79: =IFERROR(__xludf.dummyfunction("""COMPUTED_VALUE"""),"Inside Whiteboard") -> Inside Whiteboard | D79: =IFERROR(__xludf.dummyfunction("""COMPUTED_VALUE"""),"Creates a visual list of penalties received by players, whether they've sat for those penalties, and available timeouts") -> Creates a visual list of penalties received by players, whether they've sat for those penalties, and available timeouts
A80: =IFERROR(__xludf.dummyfunction("""COMPUTED_VALUE"""),"OWB") -> OWB | B80: =IFERROR(__xludf.dummyfunction("""COMPUTED_VALUE"""),"Outside Whiteboard") -> Outside Whiteboard | D80: =IFERROR(__xludf.dummyfunction("""COMPUTED_VALUE"""),"Prior to 2013 ruleset only. If your IWB is located on the outside of the track, continue to list the position as IWB") -> Prior to 2013 ruleset only. If your IWB is located on the outside of the track, continue to list the position as IWB
A81: =IFERROR(__xludf.dummyfunction("""COMPUTED_VALUE"""),"JT") -> JT | B81: =IFERROR(__xludf.dummyfunction("""COMPUTED_VALUE"""),"Jam Timer") -> Jam Timer | D81: =IFERROR(__xludf.dummyfunction("""COMPUTED_VALUE"""),"Begins each jam and acts as backup timer to the Scoreboard Operator") -> Begins each jam and acts as backup timer to the Scoreboard Operator
A82: =IFERROR(__xludf.dummyfunction("""COMPUTED_VALUE"""),"SK") -> SK | B82: =IFERROR(__xludf.dummyfunction("""COMPUTED_VALUE"""),"Scorekeeper") -> Scorekeeper | D82: =IFERROR(__xludf.dummyfunction("""COMPUTED_VALUE"""),"Communicates the score from the Jammer Referee to the Scoreboard Operator, keeping a written record of each pass") -> Communicates the score from the Jammer Referee to the Scoreboard Operator, keeping a written record of each pass
A83: =IFERROR(__xludf.dummyfunction("""COMPUTED_VALUE"""),"SO") -> SO | B83: =IFERROR(__xludf.dummyfunction("""COMPUTED_VALUE"""),"Scoreboard Operator") -> Scoreboard Operator | D83: =IFERROR(__xludf.dummyfunction("""COMPUTED_VALUE"""),"Maintains the official time and score for a game") -> Maintains the official time and score for a game
A84: =IFERROR(__xludf.dummyfunction("""COMPUTED_VALUE"""),"PBM") -> PBM | B84: =IFERROR(__xludf.dummyfunction("""COMPUTED_VALUE"""),"Penalty Box Manager") -> Penalty Box Manager | D84: =IFERROR(__xludf.dummyfunction("""COMPUTED_VALUE"""),"Times penalties (typically for Jammers) and communicates box information to the center") -> Times penalties (typically for Jammers) and communicates box information to the center
A85: =IFERROR(__xludf.dummyfunction("""COMPUTED_VALUE"""),"PBT") -> PBT | B85: =IFERROR(__xludf.dummyfunction("""COMPUTED_VALUE"""),"Penalty Box Timer") -> Penalty Box Timer | D85: =IFERROR(__xludf.dummyfunction("""COMPUTED_VALUE"""),"Times penalties (typically for Blockers)") -> Times penalties (typically for Blockers)
A86: =IFERROR(__xludf.dummyfunction("""COMPUTED_VALUE"""),"LT") -> LT | B86: =IFERROR(__xludf.dummyfunction("""COMPUTED_VALUE"""),"Lineup Tracker") -> Lineup Tracker | D86: =IFERROR(__xludf.dummyfunction("""COMPUTED_VALUE"""),"Tracks players that participate in each jam and when those players serve penalties") -> Tracks players that participate in each jam and when those players serve penalties
A87: =IFERROR(__xludf.dummyfunction("""COMPUTED_VALUE"""),"ALTR") -> ALTR | B87: =IFERROR(__xludf.dummyfunction("""COMPUTED_VALUE"""),"Alternate Referee") -> Alternate Referee | D87: =IFERROR(__xludf.dummyfunction("""COMPUTED_VALUE"""),"Fulfills secondary duties and steps in when an active Referee needs to be replaced") -> Fulfills secondary duties and steps in when an active Referee needs to be replaced
A88: =IFERROR(__xludf.dummyfunction("""COMPUTED_VALUE"""),"ALTN") -> ALTN | B88: =IFERROR(__xludf.dummyfunction("""COMPUTED_VALUE"""),"Alternate NSO") -> Alternate NSO | D88: =IFERROR(__xludf.dummyfunction("""COMPUTED_VALUE"""),"Fulfills secondary duties and steps in when an active NSO needs to be replaced") -> Fulfills secondary duties and steps in when an active NSO needs to be replaced
A90: =IFERROR(__xludf.dummyfunction("""COMPUTED_VALUE"""),"Annuals") -> Annuals
A91: =IFERROR(__xludf.dummyfunction("""COMPUTED_VALUE"""),"• This tab parses your Game History into one- and two-year increments. These data are used by the association tournament selection panels to confirm your eligibility for application.") -> • This tab parses your Game History into one- and two-year increments. These data are used by the association tournament selection panels to confirm your eligibility for application.
A92: =IFERROR(__xludf.dummyfunction("""COMPUTED_VALUE"""),"• This sheet is locked to prevent tampering. All data are automatically generated from the Game History.") -> • This sheet is locked to prevent tampering. All data are automatically generated from the Game History.
A94: =IFERROR(__xludf.dummyfunction("""COMPUTED_VALUE"""),"Other Summary") -> Other Summary
A95: =IFERROR(__xludf.dummyfunction("""COMPUTED_VALUE"""),"• This tab automatically populates all the data listed on the Other History tab. There is no personal data to enter here. You should make no changes to this tab.") -> • This tab automatically populates all the data listed on the Other History tab. There is no personal data to enter here. You should make no changes to this tab.
A97: =IFERROR(__xludf.dummyfunction("""COMPUTED_VALUE"""),"Other History") -> Other History
A98: =IFERROR(__xludf.dummyfunction("""COMPUTED_VALUE"""),"• List game history in the same fashion as described above. List here all those games that do not meet the standards set by Game Type, including any games played under different rules.") -> • List game history in the same fashion as described above. List here all those games that do not meet the standards set by Game Type, including any games played under different rules.
B99: =IFERROR(__xludf.dummyfunction("""COMPUTED_VALUE"""),"◦ Juniors: Games played between junior-aged teams of matching skill levels, including girls versus girls, boys versus boys, and open/non-gender divisions.") -> ◦ Juniors: Games played between junior-aged teams of matching skill levels, including girls versus girls, boys versus boys, and open/non-gender divisions.
A100: =IFERROR(__xludf.dummyfunction("""COMPUTED_VALUE"""),"• This information is not considered as part of any WFTDA/MRDA evaluation of your experience but is included so that you may utilize a single game history for your officiating career.") -> • This information is not considered as part of any WFTDA/MRDA evaluation of your experience but is included so that you may utilize a single game history for your officiating career.
A102: =IFERROR(__xludf.dummyfunction("""COMPUTED_VALUE"""),"© 2015 Women’s Flat Track Derby Association") -> © 2015 Women’s Flat Track Derby Association
A103: =IFERROR(__xludf.dummyfunction("""COMPUTED_VALUE"""),"Latest Rules:") -> Latest Rules: | B103: =IFERROR(__xludf.dummyfunction("""COMPUTED_VALUE"""),42736) -> 42736
A104: =IFERROR(__xludf.dummyfunction("""COMPUTED_VALUE"""),"Last Revised 2017-01-05") -> Last Revised 2017-01-05

Sheet Summary
A1: Flat Track Derby Game History Summary
A3: Official's Legal Name | C3: Alan Robertson | I3: Today's Date | J3: =TODAY() -> 46203
A4: Official's Derby Name | C4: Redacted | I4: Officiating Since | J4: 44807
A5: Affiliated League | C5: Central Coast Roller Derby United / Sydney Roller Derby League
A6: Insurance # | F6: Provider | H6: Skate Victoria
A7: Ref Cert Level | E7: Endorsement(s)
A8: NSO Cert Level | E8: Endorsement(s)
A10: WFTDA
A11: Skating Positions | C11: Code | D11: Game Designation | I11: Non-Skating Positions | J11: Code | K11: Game Designation
D12: Playoff | E12: Sanc | F12: Reg | G12: Other | K12: Playoff | L12: Sanc | M12: Reg | N12: Other
A13: Head Referee | C13: HR | D13: — | E13: =COUNTIFS('Game History'!G:G,"WFTDA",'Game History'!H:H,"Sanc",'Game History'!I:I,Instructions!A70) -> 0 | F13: =COUNTIFS('Game History'!G:G,"WFTDA",'Game History'!H:H,"Reg",'Game History'!I:I,Instructions!A70) -> 0 | G13: =COUNTIFS('Game History'!G:G,"WFTDA",'Game History'!H:H,"Other",'Game History'!I:I,Instructions!A70) -> 0 | I13: Head NSO | J13: HNSO | K13: — | L13: =COUNTIFS('Game History'!G:G,"WFTDA",'Game History'!H:H,"Sanc",'Game History'!I:I,Instructions!A73) -> 0 | M13: =COUNTIFS('Game History'!G:G,"WFTDA",'Game History'!H:H,"Reg",'Game History'!I:I,Instructions!A73) -> 0 | N13: =COUNTIFS('Game History'!G:G,"WFTDA",'Game History'!H:H,"Other",'Game History'!I:I,Instructions!A73) -> 0
A14: Jammer Referee | C14: JR | D14: =COUNTIFS('Game History'!G:G,"WFTDA",'Game History'!H:H,"Champs",'Game History'!I:I,Instructions!A74)+COUNTIFS('Game History'!G:G,"WFTDA",'Game History'!H:H,"Playoff",'Game History'!I:I,Instructions!A74) -> 0 | E14: =COUNTIFS('Game History'!G:G,"WFTDA",'Game History'!H:H,"Sanc",'Game History'!I:I,Instructions!A74) -> 2 | F14: =COUNTIFS('Game History'!G:G,"WFTDA",'Game History'!H:H,"Reg",'Game History'!I:I,Instructions!A74) -> 8 | G14: =COUNTIFS('Game History'!G:G,"WFTDA",'Game History'!H:H,"Other",'Game History'!I:I,Instructions!A74) -> 12 | I14: Penalty Tracker | J14: PT | K14: =COUNTIFS('Game History'!G:G,"WFTDA",'Game History'!H:H,"Champs",'Game History'!I:I,Instructions!A77)+COUNTIFS('Game History'!G:G,"WFTDA",'Game History'!H:H,"Playoff",'Game History'!I:I,Instructions!A77) -> 0 | L14: =COUNTIFS('Game History'!G:G,"WFTDA",'Game History'!H:H,"Sanc",'Game History'!I:I,Instructions!A77) -> 0 | M14: =COUNTIFS('Game History'!G:G,"WFTDA",'Game History'!H:H,"Reg",'Game History'!I:I,Instructions!A77) -> 2 | N14: =COUNTIFS('Game History'!G:G,"WFTDA",'Game History'!H:H,"Other",'Game History'!I:I,Instructions!A77) -> 2
A15: Inside Pack Referee | C15: IPR | D15: =COUNTIFS('Game History'!G:G,"WFTDA",'Game History'!H:H,"Champs",'Game History'!I:I,Instructions!A75)+COUNTIFS('Game History'!G:G,"WFTDA",'Game History'!H:H,"Playoff",'Game History'!I:I,Instructions!A75) -> 0 | E15: =COUNTIFS('Game History'!G:G,"WFTDA",'Game History'!H:H,"Sanc",'Game History'!I:I,Instructions!A75) -> 0 | F15: =COUNTIFS('Game History'!G:G,"WFTDA",'Game History'!H:H,"Reg",'Game History'!I:I,Instructions!A75) -> 8 | G15: =COUNTIFS('Game History'!G:G,"WFTDA",'Game History'!H:H,"Other",'Game History'!I:I,Instructions!A75) -> 0 | I15: Penalty Wrangler | J15: PW | K15: =COUNTIFS('Game History'!G:G,"WFTDA",'Game History'!H:H,"Champs",'Game History'!I:I,Instructions!A78)+COUNTIFS('Game History'!G:G,"WFTDA",'Game History'!H:H,"Playoff",'Game History'!I:I,Instructions!A78) -> 0 | L15: =COUNTIFS('Game History'!G:G,"WFTDA",'Game History'!H:H,"Sanc",'Game History'!I:I,Instructions!A78) -> 0 | M15: =COUNTIFS('Game History'!G:G,"WFTDA",'Game History'!H:H,"Reg",'Game History'!I:I,Instructions!A78) -> 0 | N15: =COUNTIFS('Game History'!G:G,"WFTDA",'Game History'!H:H,"Other",'Game History'!I:I,Instructions!A78) -> 0
A16: Outside Pack Referee | C16: OPR | D16: =COUNTIFS('Game History'!G:G,"WFTDA",'Game History'!H:H,"Champs",'Game History'!I:I,Instructions!A76)+COUNTIFS('Game History'!G:G,"WFTDA",'Game History'!H:H,"Playoff",'Game History'!I:I,Instructions!A76) -> 2 | E16: =COUNTIFS('Game History'!G:G,"WFTDA",'Game History'!H:H,"Sanc",'Game History'!I:I,Instructions!A76) -> 13 | F16: =COUNTIFS('Game History'!G:G,"WFTDA",'Game History'!H:H,"Reg",'Game History'!I:I,Instructions!A76) -> 25 | G16: =COUNTIFS('Game History'!G:G,"WFTDA",'Game History'!H:H,"Other",'Game History'!I:I,Instructions!A76) -> 5 | I16: Inside White Board | J16: IWB | K16: =COUNTIFS('Game History'!G:G,"WFTDA",'Game History'!H:H,"Champs",'Game History'!I:I,Instructions!A79)+COUNTIFS('Game History'!G:G,"WFTDA",'Game History'!H:H,"Playoff",'Game History'!I:I,Instructions!A79) -> 0 | L16: =COUNTIFS('Game History'!G:G,"WFTDA",'Game History'!H:H,"Sanc",'Game History'!I:I,Instructions!A79) -> 0 | M16: =COUNTIFS('Game History'!G:G,"WFTDA",'Game History'!H:H,"Reg",'Game History'!I:I,Instructions!A79) -> 0 | N16: =COUNTIFS('Game History'!G:G,"WFTDA",'Game History'!H:H,"Other",'Game History'!I:I,Instructions!A79) -> 0
A17: Alternate Referee | C17: ALTR | D17: =COUNTIFS('Game History'!G:G,"WFTDA",'Game History'!H:H,"Champs",'Game History'!I:I,Instructions!A87)+COUNTIFS('Game History'!G:G,"WFTDA",'Game History'!H:H,"Playoff",'Game History'!I:I,Instructions!A87) -> 0 | E17: =COUNTIFS('Game History'!G:G,"WFTDA",'Game History'!H:H,"Sanc",'Game History'!I:I,Instructions!A87) -> 1 | F17: =COUNTIFS('Game History'!G:G,"WFTDA",'Game History'!H:H,"Reg",'Game History'!I:I,Instructions!A87) -> 2 | G17: =COUNTIFS('Game History'!G:G,"WFTDA",'Game History'!H:H,"Other",'Game History'!I:I,Instructions!A87) -> 1 | I17: Outside White Board | J17: OWB | K17: =COUNTIFS('Game History'!G:G,"WFTDA",'Game History'!H:H,"Champs",'Game History'!I:I,Instructions!A80)+COUNTIFS('Game History'!G:G,"WFTDA",'Game History'!H:H,"Playoff",'Game History'!I:I,Instructions!A80) -> 0 | L17: =COUNTIFS('Game History'!G:G,"WFTDA",'Game History'!H:H,"Sanc",'Game History'!I:I,Instructions!A80) -> 0 | M17: =COUNTIFS('Game History'!G:G,"WFTDA",'Game History'!H:H,"Reg",'Game History'!I:I,Instructions!A80) -> 0 | N17: =COUNTIFS('Game History'!G:G,"WFTDA",'Game History'!H:H,"Other",'Game History'!I:I,Instructions!A80) -> 0
A18: Total Referee | D18: =SUM(D14:D17) -> 2 | E18: =SUM(E13:E17) -> 16 | F18: =SUM(F13:F17) -> 43 | G18: =SUM(G13:G17) -> 18 | I18: Jam Timer | J18: JT | K18: =COUNTIFS('Game History'!G:G,"WFTDA",'Game History'!H:H,"Champs",'Game History'!I:I,Instructions!A81)+COUNTIFS('Game History'!G:G,"WFTDA",'Game History'!H:H,"Playoff",'Game History'!I:I,Instructions!A81) -> 0 | L18: =COUNTIFS('Game History'!G:G,"WFTDA",'Game History'!H:H,"Sanc",'Game History'!I:I,Instructions!A81) -> 0 | M18: =COUNTIFS('Game History'!G:G,"WFTDA",'Game History'!H:H,"Reg",'Game History'!I:I,Instructions!A81) -> 5 | N18: =COUNTIFS('Game History'!G:G,"WFTDA",'Game History'!H:H,"Other",'Game History'!I:I,Instructions!A81) -> 0
I19: Scorekeeper | J19: SK | K19: =COUNTIFS('Game History'!G:G,"WFTDA",'Game History'!H:H,"Champs",'Game History'!I:I,Instructions!A82)+COUNTIFS('Game History'!G:G,"WFTDA",'Game History'!H:H,"Playoff",'Game History'!I:I,Instructions!A82) -> 0 | L19: =COUNTIFS('Game History'!G:G,"WFTDA",'Game History'!H:H,"Sanc",'Game History'!I:I,Instructions!A82) -> 2 | M19: =COUNTIFS('Game History'!G:G,"WFTDA",'Game History'!H:H,"Reg",'Game History'!I:I,Instructions!A82) -> 6 | N19: =COUNTIFS('Game History'!G:G,"WFTDA",'Game History'!H:H,"Other",'Game History'!I:I,Instructions!A82) -> 1
A20: Tournament Head Referee | C20: THR | D20: =COUNTIFS('Game History'!G:G,"WFTDA",'Game History'!H:H,"Champs",'Game History'!I:I,Instructions!A68)+COUNTIFS('Game History'!G:G,"WFTDA",'Game History'!H:H,"Playoff",'Game History'!I:I,Instructions!A68) -> 0 | E20: =COUNTIFS('Game History'!G:G,"WFTDA",'Game History'!H:H,"Sanc",'Game History'!I:I,Instructions!A68) -> 0 | F20: =COUNTIFS('Game History'!G:G,"WFTDA",'Game History'!H:H,"Reg",'Game History'!I:I,Instructions!A68) -> 0 | G20: =COUNTIFS('Game History'!G:G,"WFTDA",'Game History'!H:H,"Other",'Game History'!I:I,Instructions!A68) -> 0 | I20: Scoreboard Operator | J20: SO | K20: =COUNTIFS('Game History'!G:G,"WFTDA",'Game History'!H:H,"Champs",'Game History'!I:I,Instructions!A83)+COUNTIFS('Game History'!G:G,"WFTDA",'Game History'!H:H,"Playoff",'Game History'!I:I,Instructions!A83) -> 2 | L20: =COUNTIFS('Game History'!G:G,"WFTDA",'Game History'!H:H,"Sanc",'Game History'!I:I,Instructions!A83) -> 1 | M20: =COUNTIFS('Game History'!G:G,"WFTDA",'Game History'!H:H,"Reg",'Game History'!I:I,Instructions!A83) -> 16 | N20: =COUNTIFS('Game History'!G:G,"WFTDA",'Game History'!H:H,"Other",'Game History'!I:I,Instructions!A83) -> 3
A21: Crew Head Referee | C21: CHR | D21: =COUNTIFS('Game History'!G:G,"WFTDA",'Game History'!H:H,"Champs",'Game History'!I:I,Instructions!A69)+COUNTIFS('Game History'!G:G,"WFTDA",'Game History'!H:H,"Playoff",'Game History'!I:I,Instructions!A69)+COUNTIFS('Game History'!G:G,"WFTDA",'Game History'!H:H,"Champs",'Game History'!I:I,Instructions!A70)+COUNTIFS('Game History'!G:G,"WFTDA",'Game History'!H:H,"Playoff",'Game History'!I:I,Instructions!A70) -> 0 | E21: =COUNTIFS('Game History'!G:G,"WFTDA",'Game History'!H:H,"Sanc",'Game History'!I:I,Instructions!A69) -> 0 | F21: =COUNTIFS('Game History'!G:G,"WFTDA",'Game History'!H:H,"Reg",'Game History'!I:I,Instructions!A69) -> 0 | G21: =COUNTIFS('Game History'!G:G,"WFTDA",'Game History'!H:H,"Other",'Game History'!I:I,Instructions!A69) -> 0 | I21: Penalty Box Manager | J21: PBM | K21: =COUNTIFS('Game History'!G:G,"WFTDA",'Game History'!H:H,"Champs",'Game History'!I:I,Instructions!A84)+COUNTIFS('Game History'!G:G,"WFTDA",'Game History'!H:H,"Playoff",'Game History'!I:I,Instructions!A84) -> 0 | L21: =COUNTIFS('Game History'!G:G,"WFTDA",'Game History'!H:H,"Sanc",'Game History'!I:I,Instructions!A84) -> 0 | M21: =COUNTIFS('Game History'!G:G,"WFTDA",'Game History'!H:H,"Reg",'Game History'!I:I,Instructions!A84) -> 4 | N21: =COUNTIFS('Game History'!G:G,"WFTDA",'Game History'!H:H,"Other",'Game History'!I:I,Instructions!A84) -> 0
A22: Games Official | C22: GO | D22: =COUNTIFS('Game History'!G:G,"WFTDA",'Game History'!H:H,"Champs",'Game History'!I:I,Instructions!A67)+COUNTIFS('Game History'!G:G,"WFTDA",'Game History'!H:H,"Playoff",'Game History'!I:I,Instructions!A67) -> 0 | E22: =COUNTIFS('Game History'!G:G,"WFTDA",'Game History'!H:H,"Sanc",'Game History'!I:I,Instructions!A67) -> 0 | F22: =COUNTIFS('Game History'!G:G,"WFTDA",'Game History'!H:H,"Reg",'Game History'!I:I,Instructions!A67) -> 0 | G22: =COUNTIFS('Game History'!G:G,"WFTDA",'Game History'!H:H,"Other",'Game History'!I:I,Instructions!A67) -> 0 | I22: Penalty Box Timer | J22: PBT | K22: =COUNTIFS('Game History'!G:G,"WFTDA",'Game History'!H:H,"Champs",'Game History'!I:I,Instructions!A85)+COUNTIFS('Game History'!G:G,"WFTDA",'Game History'!H:H,"Playoff",'Game History'!I:I,Instructions!A85) -> 0 | L22: =COUNTIFS('Game History'!G:G,"WFTDA",'Game History'!H:H,"Sanc",'Game History'!I:I,Instructions!A85) -> 0 | M22: =COUNTIFS('Game History'!G:G,"WFTDA",'Game History'!H:H,"Reg",'Game History'!I:I,Instructions!A85) -> 12 | N22: =COUNTIFS('Game History'!G:G,"WFTDA",'Game History'!H:H,"Other",'Game History'!I:I,Instructions!A85) -> 9
A23: Tournament Head NSO | C23: THNSO | D23: =COUNTIFS('Game History'!G:G,"WFTDA",'Game History'!H:H,"Champs",'Game History'!I:I,Instructions!A71)+COUNTIFS('Game History'!G:G,"WFTDA",'Game History'!H:H,"Playoff",'Game History'!I:I,Instructions!A71) -> 0 | E23: =COUNTIFS('Game History'!G:G,"WFTDA",'Game History'!H:H,"Sanc",'Game History'!I:I,Instructions!A71) -> 0 | F23: =COUNTIFS('Game History'!G:G,"WFTDA",'Game History'!H:H,"Reg",'Game History'!I:I,Instructions!A71) -> 0 | G23: =COUNTIFS('Game History'!G:G,"WFTDA",'Game History'!H:H,"Other",'Game History'!I:I,Instructions!A71) -> 0 | I23: Lineup Tracker | J23: LT | K23: =COUNTIFS('Game History'!G:G,"WFTDA",'Game History'!H:H,"Champs",'Game History'!I:I,Instructions!A86)+COUNTIFS('Game History'!G:G,"WFTDA",'Game History'!H:H,"Playoff",'Game History'!I:I,Instructions!A86) -> 0 | L23: =COUNTIFS('Game History'!G:G,"WFTDA",'Game History'!H:H,"Sanc",'Game History'!I:I,Instructions!A86) -> 0 | M23: =COUNTIFS('Game History'!G:G,"WFTDA",'Game History'!H:H,"Reg",'Game History'!I:I,Instructions!A86) -> 2 | N23: =COUNTIFS('Game History'!G:G,"WFTDA",'Game History'!H:H,"Other",'Game History'!I:I,Instructions!A86) -> 0
A24: Crew Head NSO | C24: CHNSO | D24: =COUNTIFS('Game History'!G:G,"WFTDA",'Game History'!H:H,"Champs",'Game History'!I:I,Instructions!A72)+COUNTIFS('Game History'!G:G,"WFTDA",'Game History'!H:H,"Playoff",'Game History'!I:I,Instructions!A72)+COUNTIFS('Game History'!G:G,"WFTDA",'Game History'!H:H,"Champs",'Game History'!I:I,Instructions!A73)+COUNTIFS('Game History'!G:G,"WFTDA",'Game History'!H:H,"Playoff",'Game History'!I:I,Instructions!A73) -> 0 | E24: =COUNTIFS('Game History'!G:G,"WFTDA",'Game History'!H:H,"Sanc",'Game History'!I:I,Instructions!A72) -> 0 | F24: =COUNTIFS('Game History'!G:G,"WFTDA",'Game History'!H:H,"Reg",'Game History'!I:I,Instructions!A72) -> 0 | G24: =COUNTIFS('Game History'!G:G,"WFTDA",'Game History'!H:H,"Other",'Game History'!I:I,Instructions!A72) -> 0 | I24: Alternate NSO | J24: ALTN | K24: =COUNTIFS('Game History'!G:G,"WFTDA",'Game History'!H:H,"Champs",'Game History'!I:I,Instructions!A88)+COUNTIFS('Game History'!G:G,"WFTDA",'Game History'!H:H,"Playoff",'Game History'!I:I,Instructions!A88) -> 0 | L24: =COUNTIFS('Game History'!G:G,"WFTDA",'Game History'!H:H,"Sanc",'Game History'!I:I,Instructions!A88) -> 0 | M24: =COUNTIFS('Game History'!G:G,"WFTDA",'Game History'!H:H,"Reg",'Game History'!I:I,Instructions!A88) -> 0 | N24: =COUNTIFS('Game History'!G:G,"WFTDA",'Game History'!H:H,"Other",'Game History'!I:I,Instructions!A88) -> 0
I25: Total NSO | K25: =SUM(K14:K24) -> 2 | L25: =SUM(L13:L24) -> 3 | M25: =SUM(M13:M24) -> 47 | N25: =SUM(N13:N24) -> 15
A26: WFTDA Officiating Clinics attended | I26: Total Software Operator Game Experience | M26: =COUNTIFS('Game History'!G:G,"WFTDA",'Game History'!K:K,"Y") -> 0
A27: REF or NSO Track | B27: Location | C27: Year | D27: REF or NSO Track | E27: Location | G27: Year
I28: WFTDA Games Totals | K28: Current Rule Set | M28: Lifetime
K29: Referee | L29: NSO | M29: Referee | N29: NSO
K30: =SUM(D18:F18) -> 61 | L30: =SUM(K25:M25) -> 52 | M30: =SUM(D18:G18) -> 79 | N30: =SUM(K25:N25) -> 67
A33: MRDA
A34: Skating Positions | C34: Code | D34: Game Designation | I34: Non-Skating Positions | J34: Code | K34: Game Designation
D35: Playoff | E35: Sanc | F35: Reg | G35: Other | K35: Playoff | L35: Sanc | M35: Reg | N35: Other
A36: Head Referee | C36: HR | D36: — | E36: =COUNTIFS('Game History'!G:G,"MRDA",'Game History'!H:H,"Sanc",'Game History'!I:I,Instructions!A70) -> 0 | F36: =COUNTIFS('Game History'!G:G,"MRDA",'Game History'!H:H,"Reg",'Game History'!I:I,Instructions!A70) -> 0 | G36: =COUNTIFS('Game History'!G:G,"MRDA",'Game History'!H:H,"Other",'Game History'!I:I,Instructions!A70) -> 0 | I36: Head NSO | J36: HNSO | K36: — | L36: =COUNTIFS('Game History'!G:G,"MRDA",'Game History'!H:H,"Sanc",'Game History'!I:I,Instructions!A73) -> 0 | M36: =COUNTIFS('Game History'!G:G,"MRDA",'Game History'!H:H,"Reg",'Game History'!I:I,Instructions!A73) -> 0 | N36: =COUNTIFS('Game History'!G:G,"MRDA",'Game History'!H:H,"Other",'Game History'!I:I,Instructions!A73) -> 0
A37: Jammer Referee | C37: JR | D37: =COUNTIFS('Game History'!G:G,"MRDA",'Game History'!H:H,"Champs",'Game History'!I:I,Instructions!A74)+COUNTIFS('Game History'!G:G,"MRDA",'Game History'!H:H,"Playoff",'Game History'!I:I,Instructions!A74) -> 0 | E37: =COUNTIFS('Game History'!G:G,"MRDA",'Game History'!H:H,"Sanc",'Game History'!I:I,Instructions!A74) -> 0 | F37: =COUNTIFS('Game History'!G:G,"MRDA",'Game History'!H:H,"Reg",'Game History'!I:I,Instructions!A74) -> 0 | G37: =COUNTIFS('Game History'!G:G,"MRDA",'Game History'!H:H,"Other",'Game History'!I:I,Instructions!A74) -> 0 | I37: Penalty Tracker | J37: PT | K37: =COUNTIFS('Game History'!G:G,"MRDA",'Game History'!H:H,"Champs",'Game History'!I:I,Instructions!A77)+COUNTIFS('Game History'!G:G,"MRDA",'Game History'!H:H,"Playoff",'Game History'!I:I,Instructions!A77) -> 0 | L37: =COUNTIFS('Game History'!G:G,"MRDA",'Game History'!H:H,"Sanc",'Game History'!I:I,Instructions!A77) -> 0 | M37: =COUNTIFS('Game History'!G:G,"MRDA",'Game History'!H:H,"Reg",'Game History'!I:I,Instructions!A77) -> 0 | N37: =COUNTIFS('Game History'!G:G,"MRDA",'Game History'!H:H,"Other",'Game History'!I:I,Instructions!A77) -> 0
A38: Inside Pack Referee | C38: IPR | D38: =COUNTIFS('Game History'!G:G,"MRDA",'Game History'!H:H,"Champs",'Game History'!I:I,Instructions!A75)+COUNTIFS('Game History'!G:G,"MRDA",'Game History'!H:H,"Playoff",'Game History'!I:I,Instructions!A75) -> 0 | E38: =COUNTIFS('Game History'!G:G,"MRDA",'Game History'!H:H,"Sanc",'Game History'!I:I,Instructions!A75) -> 0 | F38: =COUNTIFS('Game History'!G:G,"MRDA",'Game History'!H:H,"Reg",'Game History'!I:I,Instructions!A75) -> 0 | G38: =COUNTIFS('Game History'!G:G,"MRDA",'Game History'!H:H,"Other",'Game History'!I:I,Instructions!A75) -> 0 | I38: Penalty Wrangler | J38: PW | K38: =COUNTIFS('Game History'!G:G,"MRDA",'Game History'!H:H,"Champs",'Game History'!I:I,Instructions!A78)+COUNTIFS('Game History'!G:G,"MRDA",'Game History'!H:H,"Playoff",'Game History'!I:I,Instructions!A78) -> 0 | L38: =COUNTIFS('Game History'!G:G,"MRDA",'Game History'!H:H,"Sanc",'Game History'!I:I,Instructions!A78) -> 0 | M38: =COUNTIFS('Game History'!G:G,"MRDA",'Game History'!H:H,"Reg",'Game History'!I:I,Instructions!A78) -> 0 | N38: =COUNTIFS('Game History'!G:G,"MRDA",'Game History'!H:H,"Other",'Game History'!I:I,Instructions!A78) -> 0
A39: Outside Pack Referee | C39: OPR | D39: =COUNTIFS('Game History'!G:G,"MRDA",'Game History'!H:H,"Champs",'Game History'!I:I,Instructions!A76)+COUNTIFS('Game History'!G:G,"MRDA",'Game History'!H:H,"Playoff",'Game History'!I:I,Instructions!A76) -> 0 | E39: =COUNTIFS('Game History'!G:G,"MRDA",'Game History'!H:H,"Sanc",'Game History'!I:I,Instructions!A76) -> 0 | F39: =COUNTIFS('Game History'!G:G,"MRDA",'Game History'!H:H,"Reg",'Game History'!I:I,Instructions!A76) -> 0 | G39: =COUNTIFS('Game History'!G:G,"MRDA",'Game History'!H:H,"Other",'Game History'!I:I,Instructions!A76) -> 0 | I39: Inside White Board | J39: IWB | K39: =COUNTIFS('Game History'!G:G,"MRDA",'Game History'!H:H,"Champs",'Game History'!I:I,Instructions!A79)+COUNTIFS('Game History'!G:G,"MRDA",'Game History'!H:H,"Playoff",'Game History'!I:I,Instructions!A79) -> 0 | L39: =COUNTIFS('Game History'!G:G,"MRDA",'Game History'!H:H,"Sanc",'Game History'!I:I,Instructions!A79) -> 0 | M39: =COUNTIFS('Game History'!G:G,"MRDA",'Game History'!H:H,"Reg",'Game History'!I:I,Instructions!A79) -> 0 | N39: =COUNTIFS('Game History'!G:G,"MRDA",'Game History'!H:H,"Other",'Game History'!I:I,Instructions!A79) -> 0
A40: Alternate Referee | C40: ALTR | D40: =COUNTIFS('Game History'!G:G,"MRDA",'Game History'!H:H,"Champs",'Game History'!I:I,Instructions!A87)+COUNTIFS('Game History'!G:G,"MRDA",'Game History'!H:H,"Playoff",'Game History'!I:I,Instructions!A87) -> 0 | E40: =COUNTIFS('Game History'!G:G,"MRDA",'Game History'!H:H,"Sanc",'Game History'!I:I,Instructions!A87) -> 0 | F40: =COUNTIFS('Game History'!G:G,"MRDA",'Game History'!H:H,"Reg",'Game History'!I:I,Instructions!A87) -> 0 | G40: =COUNTIFS('Game History'!G:G,"MRDA",'Game History'!H:H,"Other",'Game History'!I:I,Instructions!A87) -> 0 | I40: Outside White Board | J40: OWB | K40: =COUNTIFS('Game History'!G:G,"MRDA",'Game History'!H:H,"Champs",'Game History'!I:I,Instructions!A80)+COUNTIFS('Game History'!G:G,"MRDA",'Game History'!H:H,"Playoff",'Game History'!I:I,Instructions!A80) -> 0 | L40: =COUNTIFS('Game History'!G:G,"MRDA",'Game History'!H:H,"Sanc",'Game History'!I:I,Instructions!A80) -> 0 | M40: =COUNTIFS('Game History'!G:G,"MRDA",'Game History'!H:H,"Reg",'Game History'!I:I,Instructions!A80) -> 0 | N40: =COUNTIFS('Game History'!G:G,"MRDA",'Game History'!H:H,"Other",'Game History'!I:I,Instructions!A80) -> 0
A41: Total Referee | D41: =SUM(D36:D40) -> 0 | E41: =SUM(E36:E40) -> 0 | F41: =SUM(F36:F40) -> 0 | G41: =SUM(G36:G40) -> 0 | I41: Jam Timer | J41: JT | K41: =COUNTIFS('Game History'!G:G,"MRDA",'Game History'!H:H,"Champs",'Game History'!I:I,Instructions!A81)+COUNTIFS('Game History'!G:G,"MRDA",'Game History'!H:H,"Playoff",'Game History'!I:I,Instructions!A81) -> 0 | L41: =COUNTIFS('Game History'!G:G,"MRDA",'Game History'!H:H,"Sanc",'Game History'!I:I,Instructions!A81) -> 0 | M41: =COUNTIFS('Game History'!G:G,"MRDA",'Game History'!H:H,"Reg",'Game History'!I:I,Instructions!A81) -> 0 | N41: =COUNTIFS('Game History'!G:G,"MRDA",'Game History'!H:H,"Other",'Game History'!I:I,Instructions!A81) -> 0
I42: Scorekeeper | J42: SK | K42: =COUNTIFS('Game History'!G:G,"MRDA",'Game History'!H:H,"Champs",'Game History'!I:I,Instructions!A82)+COUNTIFS('Game History'!G:G,"MRDA",'Game History'!H:H,"Playoff",'Game History'!I:I,Instructions!A82) -> 0 | L42: =COUNTIFS('Game History'!G:G,"MRDA",'Game History'!H:H,"Sanc",'Game History'!I:I,Instructions!A82) -> 0 | M42: =COUNTIFS('Game History'!G:G,"MRDA",'Game History'!H:H,"Reg",'Game History'!I:I,Instructions!A82) -> 0 | N42: =COUNTIFS('Game History'!G:G,"MRDA",'Game History'!H:H,"Other",'Game History'!I:I,Instructions!A82) -> 0
A43: Tournament Head Referee | C43: THR | D43: =COUNTIFS('Game History'!G:G,"MRDA",'Game History'!H:H,"Champs",'Game History'!I:I,Instructions!A68)+COUNTIFS('Game History'!G:G,"MRDA",'Game History'!H:H,"Playoff",'Game History'!I:I,Instructions!A68) -> 0 | E43: =COUNTIFS('Game History'!G:G,"MRDA",'Game History'!H:H,"Sanc",'Game History'!I:I,Instructions!A68) -> 0 | F43: =COUNTIFS('Game History'!G:G,"MRDA",'Game History'!H:H,"Reg",'Game History'!I:I,Instructions!A68) -> 0 | G43: =COUNTIFS('Game History'!G:G,"MRDA",'Game History'!H:H,"Other",'Game History'!I:I,Instructions!A68) -> 0 | I43: Scoreboard Operator | J43: SO | K43: =COUNTIFS('Game History'!G:G,"MRDA",'Game History'!H:H,"Champs",'Game History'!I:I,Instructions!A83)+COUNTIFS('Game History'!G:G,"MRDA",'Game History'!H:H,"Playoff",'Game History'!I:I,Instructions!A83) -> 0 | L43: =COUNTIFS('Game History'!G:G,"MRDA",'Game History'!H:H,"Sanc",'Game History'!I:I,Instructions!A83) -> 0 | M43: =COUNTIFS('Game History'!G:G,"MRDA",'Game History'!H:H,"Reg",'Game History'!I:I,Instructions!A83) -> 1 | N43: =COUNTIFS('Game History'!G:G,"MRDA",'Game History'!H:H,"Other",'Game History'!I:I,Instructions!A83) -> 0
A44: Crew Head Referee | C44: CHR | D44: =COUNTIFS('Game History'!G:G,"MRDA",'Game History'!H:H,"Champs",'Game History'!I:I,Instructions!A69)+COUNTIFS('Game History'!G:G,"MRDA",'Game History'!H:H,"Playoff",'Game History'!I:I,Instructions!A69)+COUNTIFS('Game History'!G:G,"MRDA",'Game History'!H:H,"Champs",'Game History'!I:I,Instructions!A70)+COUNTIFS('Game History'!G:G,"MRDA",'Game History'!H:H,"Playoff",'Game History'!I:I,Instructions!A70) -> 0 | E44: =COUNTIFS('Game History'!G:G,"MRDA",'Game History'!H:H,"Sanc",'Game History'!I:I,Instructions!A69) -> 0 | F44: =COUNTIFS('Game History'!G:G,"MRDA",'Game History'!H:H,"Reg",'Game History'!I:I,Instructions!A69) -> 0 | G44: =COUNTIFS('Game History'!G:G,"MRDA",'Game History'!H:H,"Other",'Game History'!I:I,Instructions!A69) -> 0 | I44: Penalty Box Manager | J44: PBM | K44: =COUNTIFS('Game History'!G:G,"MRDA",'Game History'!H:H,"Champs",'Game History'!I:I,Instructions!A84)+COUNTIFS('Game History'!G:G,"MRDA",'Game History'!H:H,"Playoff",'Game History'!I:I,Instructions!A84) -> 0 | L44: =COUNTIFS('Game History'!G:G,"MRDA",'Game History'!H:H,"Sanc",'Game History'!I:I,Instructions!A84) -> 0 | M44: =COUNTIFS('Game History'!G:G,"MRDA",'Game History'!H:H,"Reg",'Game History'!I:I,Instructions!A84) -> 0 | N44: =COUNTIFS('Game History'!G:G,"MRDA",'Game History'!H:H,"Other",'Game History'!I:I,Instructions!A84) -> 0
A45: Games Official | C45: GO | D45: =COUNTIFS('Game History'!G:G,"MRDA",'Game History'!H:H,"Champs",'Game History'!I:I,Instructions!A67)+COUNTIFS('Game History'!G:G,"MRDA",'Game History'!H:H,"Playoff",'Game History'!I:I,Instructions!A67) -> 0 | E45: =COUNTIFS('Game History'!G:G,"MRDA",'Game History'!H:H,"Sanc",'Game History'!I:I,Instructions!A67) -> 0 | F45: =COUNTIFS('Game History'!G:G,"MRDA",'Game History'!H:H,"Reg",'Game History'!I:I,Instructions!A67) -> 0 | G45: =COUNTIFS('Game History'!G:G,"MRDA",'Game History'!H:H,"Other",'Game History'!I:I,Instructions!A67) -> 0 | I45: Penalty Box Timer | J45: PBT | K45: =COUNTIFS('Game History'!G:G,"MRDA",'Game History'!H:H,"Champs",'Game History'!I:I,Instructions!A85)+COUNTIFS('Game History'!G:G,"MRDA",'Game History'!H:H,"Playoff",'Game History'!I:I,Instructions!A85) -> 0 | L45: =COUNTIFS('Game History'!G:G,"MRDA",'Game History'!H:H,"Sanc",'Game History'!I:I,Instructions!A85) -> 0 | M45: =COUNTIFS('Game History'!G:G,"MRDA",'Game History'!H:H,"Reg",'Game History'!I:I,Instructions!A85) -> 0 | N45: =COUNTIFS('Game History'!G:G,"MRDA",'Game History'!H:H,"Other",'Game History'!I:I,Instructions!A85) -> 0
A46: Tournament Head NSO | C46: THNSO | D46: =COUNTIFS('Game History'!G:G,"MRDA",'Game History'!H:H,"Champs",'Game History'!I:I,Instructions!A71)+COUNTIFS('Game History'!G:G,"MRDA",'Game History'!H:H,"Playoff",'Game History'!I:I,Instructions!A71) -> 0 | E46: =COUNTIFS('Game History'!G:G,"MRDA",'Game History'!H:H,"Sanc",'Game History'!I:I,Instructions!A71) -> 0 | F46: =COUNTIFS('Game History'!G:G,"MRDA",'Game History'!H:H,"Reg",'Game History'!I:I,Instructions!A71) -> 0 | G46: =COUNTIFS('Game History'!G:G,"MRDA",'Game History'!H:H,"Other",'Game History'!I:I,Instructions!A71) -> 0 | I46: Lineup Tracker | J46: LT | K46: =COUNTIFS('Game History'!G:G,"MRDA",'Game History'!H:H,"Champs",'Game History'!I:I,Instructions!A86)+COUNTIFS('Game History'!G:G,"MRDA",'Game History'!H:H,"Playoff",'Game History'!I:I,Instructions!A86) -> 0 | L46: =COUNTIFS('Game History'!G:G,"MRDA",'Game History'!H:H,"Sanc",'Game History'!I:I,Instructions!A86) -> 0 | M46: =COUNTIFS('Game History'!G:G,"MRDA",'Game History'!H:H,"Reg",'Game History'!I:I,Instructions!A86) -> 0 | N46: =COUNTIFS('Game History'!G:G,"MRDA",'Game History'!H:H,"Other",'Game History'!I:I,Instructions!A86) -> 0
A47: Crew Head NSO | C47: CHNSO | D47: =COUNTIFS('Game History'!G:G,"MRDA",'Game History'!H:H,"Champs",'Game History'!I:I,Instructions!A72)+COUNTIFS('Game History'!G:G,"MRDA",'Game History'!H:H,"Playoff",'Game History'!I:I,Instructions!A72)+COUNTIFS('Game History'!G:G,"MRDA",'Game History'!H:H,"Champs",'Game History'!I:I,Instructions!A73)+COUNTIFS('Game History'!G:G,"MRDA",'Game History'!H:H,"Playoff",'Game History'!I:I,Instructions!A73) -> 0 | E47: =COUNTIFS('Game History'!G:G,"MRDA",'Game History'!H:H,"Sanc",'Game History'!I:I,Instructions!A72) -> 0 | F47: =COUNTIFS('Game History'!G:G,"MRDA",'Game History'!H:H,"Reg",'Game History'!I:I,Instructions!A72) -> 0 | G47: =COUNTIFS('Game History'!G:G,"MRDA",'Game History'!H:H,"Other",'Game History'!I:I,Instructions!A72) -> 0 | I47: Alternate NSO | J47: ALTN | K47: =COUNTIFS('Game History'!G:G,"MRDA",'Game History'!H:H,"Champs",'Game History'!I:I,Instructions!A88)+COUNTIFS('Game History'!G:G,"MRDA",'Game History'!H:H,"Playoff",'Game History'!I:I,Instructions!A88) -> 0 | L47: =COUNTIFS('Game History'!G:G,"MRDA",'Game History'!H:H,"Sanc",'Game History'!I:I,Instructions!A88) -> 0 | M47: =COUNTIFS('Game History'!G:G,"MRDA",'Game History'!H:H,"Reg",'Game History'!I:I,Instructions!A88) -> 0 | N47: =COUNTIFS('Game History'!G:G,"MRDA",'Game History'!H:H,"Other",'Game History'!I:I,Instructions!A88) -> 0
I48: Total NSO | K48: =SUM(K36:K47) -> 0 | L48: =SUM(L36:L47) -> 0 | M48: =SUM(M36:M47) -> 1 | N48: =SUM(N36:N47) -> 0
A49: MRDA Officiating Clinics attended | I49: Total Software Operator Game Experience | M49: =COUNTIFS('Game History'!G:G,"MRDA",'Game History'!K:K,"Y") -> 0
A50: REF or NSO Track | B50: Location | C50: Year | D50: REF or NSO Track | E50: Location | G50: Year
I51: MRDA Games Totals | K51: Current Rule Set | M51: Lifetime
K52: Referee | L52: NSO | M52: Referee | N52: NSO
K53: =COUNTIFS('Game History'!A:A,(">="&Instructions!B103),'Game History'!G:G,"MRDA",'Game History'!I:I,Instructions!A68)+COUNTIFS('Game History'!A:A,(">="&Instructions!B103),'Game History'!G:G,"MRDA",'Game History'!I:I,Instructions!A69)+COUNTIFS('Game History'!A:A,(">="&Instructions!B103),'Game History'!G:G,"MRDA",'Game History'!I:I,Instructions!A70)+COUNTIFS('Game History'!A:A,(">="&Instructions!B103),'Game History'!G:G,"MRDA",'Game History'!I:I,Instructions!A74)+COUNTIFS('Game History'!A:A,(">="&Instructions!B103),'Game History'!G:G,"MRDA",'Game History'!I:I,Instructions!A75)+COUNTIFS('Game History'!A:A,(">="&Instructions!B103),'Game History'!G:G,"MRDA",'Game History'!I:I,Instructions!A76)+COUNTIFS('Game History'!A:A,(">="&Instructions!B103),'Game History'!G:G,"MRDA",'Game History'!I:I,Instructions!A87) -> 0 | L53: =COUNTIFS('Game History'!A:A,(">="&Instructions!B103),'Game History'!G:G,"MRDA",'Game History'!I:I,Instructions!A71)+COUNTIFS('Game History'!A:A,(">="&Instructions!B103),'Game History'!G:G,"MRDA",'Game History'!I:I,Instructions!A72)+COUNTIFS('Game History'!A:A,(">="&Instructions!B103),'Game History'!G:G,"MRDA",'Game History'!I:I,Instructions!A73)+COUNTIFS('Game History'!A:A,(">="&Instructions!B103),'Game History'!G:G,"MRDA",'Game History'!I:I,Instructions!A77)+COUNTIFS('Game History'!A:A,(">="&Instructions!B103),'Game History'!G:G,"MRDA",'Game History'!I:I,Instructions!A78)+COUNTIFS('Game History'!A:A,(">="&Instructions!B103),'Game History'!G:G,"MRDA",'Game History'!I:I,Instructions!A79)+COUNTIFS('Game History'!A:A,(">="&Instructions!B103),'Game History'!G:G,"MRDA",'Game History'!I:I,Instructions!A80)+COUNTIFS('Game History'!A:A,(">="&Instructions!B103),'Game History'!G:G,"MRDA",'Game History'!I:I,Instructions!A81)+COUNTIFS('Game History'!A:A,(">="&Instructions!B103),'Game History'!G:G,"MRDA",'Game History'!I:I,Instructions!A82)+COUNTIFS('Game History'!A:A,(">="&Instructions!B103),'Game History'!G:G,"MRDA",'Game History'!I:I,Instructions!A83)+COUNTIFS('Game History'!A:A,(">="&Instructions!B103),'Game History'!G:G,"MRDA",'Game History'!I:I,Instructions!A84)+COUNTIFS('Game History'!A:A,(">="&Instructions!B103),'Game History'!G:G,"MRDA",'Game History'!I:I,Instructions!A85)+COUNTIFS('Game History'!A:A,(">="&Instructions!B103),'Game History'!G:G,"MRDA",'Game History'!I:I,Instructions!A86)+COUNTIFS('Game History'!A:A,(">="&Instructions!B103),'Game History'!G:G,"MRDA",'Game History'!I:I,Instructions!A88) -> 0 | M53: =SUM(D41+E41+F41+G41+D43+E43+F43+G43+D44+E44+F44+G44) -> 0 | N53: =SUM(K48+L48+M48+N48+D46+E46+F46+G46+D47+E47+F47+G47) -> 1

Sheet Game History
B1: Game and Officiating Position History
B2: Event Details | D2: Leagues and Teams | I2: Game Specifics | L2: Head Referee/Witness | M2: Head NSO/Witness | N2: Notes
A3: Date | B3: Tournament | C3: Location | D3: Host League | E3: Home Team/Higher Seed | F3: Visiting Team/Lower Seed | G3: Assoc | H3: Type | I3: Position | J3: HO 2nd Position (if applicable) | K3: Positional Software Operator? | O3: =COUNT(O4:O2000) -> 150
A4: 44807 | B4: 5x5 | C4: Blue Mountains, NSW, Australia | D4: Blue Mountains Roller Derby League | E4: Sydney Roller Derby League (Velociraptors) | F4: Newcastle Roller Derby League | G4: WFTDA | H4: Reg | I4: SK | L4: John Ref Kennedy | O4: 1 | P4: =COUNT(O4:O12) -> 9
A5: 44822 | B5: Inner West 10th Birthday | C5: Sydney Boys High, Sydney | D5: Inner West Roller Derby League | E5: Inner West Roller Derby League | F5: Northern Beaches Roller Derby League | G5: WFTDA | H5: Reg | I5: LT | L5: John Ref Kennedy | M5: Ritual Ideas | N5: Joint PT/LT position | O5: 2
A6: 44822 | B6: Inner West 10th Birthday | C6: Sydney Boys High, Sydney | D6: Inner West Roller Derby League | E6: Sydney Roller Derby League (Velociraptors) | F6: Inner West Roller Derby League | G6: WFTDA | H6: Reg | I6: PBM | L6: The Spanish Inquisition | M6: Ritual Ideas | O6: 3
A7: 44822 | B7: Inner West 10th Birthday | C7: Sydney Boys High, Sydney | D7: Inner West Roller Derby League | E7: Sydney Roller Derby League (Velociraptors) | F7: Inner West Roller Derby League | G7: WFTDA | H7: Reg | I7: PBM | L7: John Ref Kennedy | M7: Ritual Ideas | O7: 4
A8: 44863 | B8: 5x5 | C8: Windsor, NSW | D8: Blue Mountains Roller Derby League | E8: Central Coast Roller Derby League / S2D2 | F8: Northern Beaches Roller Derby League | G8: WFTDA | H8: Reg | I8: PBT | L8: Clareful Consideration | M8: Bellows | O8: 5
A9: 44863 | B9: 5x5 | C9: Windsor, NSW | D9: Blue Mountains Roller Derby League | E9: Sydney Roller Derby League (Velociraptors) | F9: Canberra Roller Derby League / Varsity Roller Derby League | G9: WFTDA | H9: Reg | I9: SK | L9: Jim Peccable | M9: Leo Slayer | O9: 6
A10: 44878 | B10: Jurassic Packs | C10: Bass Hill Velodrome, Sydney | D10: Sydney Roller Derby League | E10: Potluck | F10: Potluck | G10: WFTDA | H10: Other | I10: SK | L10: Denominator | M10: Nasty Surprise | O10: 7
A11: 44878 | B11: Jurassic Packs | C11: Bass Hill Velodrome, Sydney Australia | D11: Sydney Roller Derby League | E11: Potluck | F11: Potluck | G11: WFTDA | H11: Other | I11: SO | L11: Bones | M11: Ritual Ideas | O11: 8
A12: 44878 | B12: Jurassic Packs | C12: Bass Hill Velodrome, Sydney Australia | D12: Sydney Roller Derby League | E12: Potluck | F12: Potluck | G12: WFTDA | H12: Other | I12: PT | L12: The Spanish Inquisition | M12: Sparkles | N12: Joint PT/LT position | O12: 9
A13: 44974 | B13: Pride Fight | C13: Sydney | D13: Sydney Roller Derby League | E13: Rainbows | F13: Sparkles | G13: WFTDA | H13: Other | I13: PBT | L13: The Spanish Inquisition | M13: Ritual Ideas | O13: 10 | P13: =COUNT(O13:O45) -> 33
A14: 44974 | B14: Pride Fight | C14: Sydney | D14: Sydney Roller Derby League | E14: Butch | F14: Femme | G14: WFTDA | H14: Other | I14: PT | L14: Denominator | M14: Nasty Surprise | N14: Joint PT/LT position | O14: 11
A15: 45003 | B15: Northern Rivers Revolt | C15: Byron Bay, Australia | D15: Tweed Valley Rollers | E15: Brisbane City Rollers (Red Kennedys) | F15: Sydney Roller Derby League (Snipers) | G15: WFTDA | H15: Reg | I15: PBT | L15: John Ref Kennedy | O15: 12
A16: 45003 | B16: Northern Rivers Revolt | C16: Byron Bay, Australia | D16: Tweed Valley Rollers | E16: Northern Beaches (Sirens) | F16: Van Diemens | G16: WFTDA | H16: Reg | I16: PBT | L16: John Ref Kennedy | O16: 13
A17: 45003 | B17: Northern Rivers Revolt | C17: Byron Bay, Australia | D17: Tweed Valley Rollers | E17: Van Diemens | F17: Sydney Roller Derby League (Snipers) | G17: WFTDA | H17: Reg | I17: PBT | L17: John Ref Kennedy | O17: 14
A18: 45003 | B18: Northern Rivers Revolt | C18: Byron Bay, Australia | D18: Tweed Valley Rollers | E18: South Seas Roller Derby (Banshees) | F18: Northern Beaches Roller Derby (Sirens) | G18: WFTDA | H18: Reg | I18: PBT | L18: John Ref Kennedy | O18: 15
A19: 45004 | B19: Northern Rivers Revolt | C19: Byron Bay, Australia | D19: Tweed Valley Rollers | E19: Brisbane City Rollers (Red Kennedys) | F19: River Valley Rollers | G19: WFTDA | H19: Reg | I19: PBT | L19: John Ref Kennedy | O19: 16
A20: 45004 | B20: Northern Rivers Revolt | C20: Byron Bay, Australia | D20: Tweed Valley Rollers | E20: Sydney Roller Derby League (Velociraptors) | F20: Northern Beaches Roller Derby | G20: WFTDA | H20: Reg | I20: PBT | L20: John Ref Kennedy | O20: 17
A21: 45004 | B21: Northern Rivers Revolt | C21: Byron Bay, Australia | D21: Tweed Valley Rollers | E21: River Valley Rollers | F21: Van Diemens | G21: WFTDA | H21: Reg | I21: PBT | L21: John Ref Kennedy | O21: 18
A22: 45004 | B22: Northern Rivers Revolt | C22: Byron Bay, Australia | D22: Tweed Valley Rollers | E22: Sydney Roller Derby League (Velociraptors) | F22: South Seas Roller Derby (Banshees) | G22: WFTDA | H22: Reg | I22: PBT | L22: John Ref Kennedy | O22: 19
A23: 45031 | B23: 5x5 | C23: Sydney, Australia | D23: Inner West Roller Derby League | E23: Inner West Roller Derby League | F23: Northern Beaches Roller Derby | G23: WFTDA | H23: Reg | I23: SO | L23: Jim Peccable | M23: Ritual Ideas | O23: 20
A24: 45066 | B24: 5x5 | C24: Newcastle, Australia | D24: Newcastle Roller Derby League | E24: Inner West Roller Derby League B | F24: Western Sydney Rollers / South Side Derby | G24: WFTDA | H24: Reg | I24: SO | L24: Clareful Consideration | M24: Vengeful Vixen | O24: 21
A25: 45066 | B25: 5x5 | C25: Newcastle, Australia | D25: Newcastle Roller Derby League | E25: Newcastle Roller Derby League | F25: Inner West Roller Derby League | G25: WFTDA | H25: Reg | I25: PT | L25: Jim Peccable | M25: Seath Lord | N25: Joint PT/LT position | O25: 22
A26: 45081 | B26: 5x5 | C26: Sydney, Australia | D26: Maitland Roller Derby League | E26: Varsity Derby League | F26: Sydney Roller Derby League (Velociraptors) | G26: WFTDA | H26: Reg | I26: JT | L26: Jim Peccable | M26: Leo Slayer | O26: 23
A27: 2023-07-01 | B27: ERRD Smackdown Tournament 2023 | C27: PCYC Hawkesbury - Sydney, Australia | D27: Western Sydney Rollers | E27: CRASH Mixed Gender Roller Derby - The Ultimate Incredibles | F27: Toowoomba City Rollers - Quad Squad | G27: WFTDA | H27: Other | I27: OPR | L27: Clareful Consideration | M27: Body BagHer | N27: THR - John Ref. Kennedy / THNSO - Switzerland | O27: 24
A28: 2023-07-01 | B28: ERRD Smackdown Tournament 2023 | C28: PCYC Hawkesbury - Sydney, Australia | D28: Western Sydney Rollers | E28: Northern Beaches Roller Derby League - Sirens | F28: Sydney Roller Derby League - Velociraptors | G28: WFTDA | H28: Reg | I28: OPR | L28: Clareful Consideration | M28: Body BagHer | N28: THR - John Ref. Kennedy / THNSO - Switzerland | O28: 25
A29: 2023-07-01 | B29: ERRD Smackdown Tournament 2023 | C29: PCYC Hawkesbury - Sydney, Australia | D29: Western Sydney Rollers | E29: Newcastle Roller Derby League - Dockyard Dames | F29: Eastern Region Roller Derby - ERRaDicators | G29: WFTDA | H29: Reg | I29: JR | L29: Clareful Consideration | M29: Body BagHer | O29: 26
A30: 2023-07-01 | B30: ERRD Smackdown Tournament 2023 | C30: PCYC Hawkesbury - Sydney, Australia | D30: Western Sydney Rollers | E30: Northern Beaches Roller Derby League - Sirens | F30: Inner West Roller Derby League - Bamshees | G30: WFTDA | H30: Reg | I30: PT | L30: Jim Peccable | M30: Switzerland | N30: Joint PT/LT position | O30: 27
A31: 2023-07-01 | B31: ERRD Smackdown Tournament 2023 | C31: PCYC Hawkesbury - Sydney, Australia | D31: Western Sydney Rollers | E31: Newcastle Junior Roller Derby - The Combos | F31: Toowoomba City Rollers - Range Rascals | G31: WFTDA | H31: Other | I31: JR | L31: Clareful Consideration | M31: Vixen | N31: Juniors Game, Level 4 | O31: 28
A32: 2023-07-01 | B32: ERRD Smackdown Tournament 2023 | C32: PCYC Hawkesbury - Sydney, Australia | D32: Western Sydney Rollers | E32: Wollongong Illawarra Roller Derby League - Steel City Derby Dolls | F32: Central Coast Roller Derby United - Asgardians | G32: WFTDA | H32: Reg | I32: OPR | L32: Jim Peccable | M32: Switzerland | O32: 29
A33: 2023-07-02 | B33: ERRD Smackdown Tournament 2023 | C33: PCYC Hawkesbury - Sydney, Australia | D33: Western Sydney Rollers | E33: Newcastle Roller Derby League - Dockyard Dames | F33: Eastern Region Roller Derby - ERRaDicators | G33: WFTDA | H33: Reg | I33: OPR | L33: Clareful Consideration | M33: Body BagHer | O33: 30
A34: 2023-07-02 | B34: ERRD Smackdown Tournament 2023 | C34: PCYC Hawkesbury - Sydney, Australia | D34: Western Sydney Rollers | E34: CRASH Mixed Gender Roller Derby - The Ultimate Incredibles | F34: Inner West Roller Derby League - Skatecrashers | G34: WFTDA | H34: Other | I34: OPR | L34: Clareful Consideration | M34: Body BagHer | O34: 31
A35: 2023-07-02 | B35: ERRD Smackdown Tournament 2023 | C35: PCYC Hawkesbury - Sydney, Australia | D35: Western Sydney Rollers | E35: Canberra Roller Derby League - Vice City Rollers | F35: CRASH Mixed Gender Roller Derby - The Ultimate Incredibles | G35: WFTDA | H35: Other | I35: OPR | L35: Spanish Inquisition | M35: Dinotello TR2 | O35: 32
A36: 2024-07-23 | B36: Fundays Round 1 2023 | C36: Dunc Gray Velodrome, Bass Hill NSW, Australia | D36: Sydney Roller Derby League | E36: The Young and the Rest of Us | F36: Baby got Back Blocks | G36: WFTDA | H36: Other | I36: JR | L36: Spanish Inquisition | M36: Nasty Surprise | O36: 33
A37: 45144 | B37: 5x5 | C37: Sydney, Australia | D37: Inner West Roller Derby League | E37: Northern Beaches (Sirens) | F37: Blue Mountains Roller Derby League | G37: WFTDA | H37: Reg | I37: SK | L37: Snarls Dickens | M37: Even Stephen | O37: 34
A38: 45144 | B38: 5x5 | C38: Sydney, Australia | D38: Inner West Roller Derby League | E38: Newcastle Roller Derby League | F38: Sydney Roller Derby League ( | G38: WFTDA | H38: Reg | I38: JT | L38: Denominator | M38: Seath Lord | O38: 35
A39: 45158 | B39: Fundays Round 2 2023 | C39: Dunc Gray Velodrome, Bass Hill NSW, Australia | D39: Sydney Roller Derby League | E39: A League of their Bones | F39: Baby got Back Blocks | G39: WFTDA | H39: Other | I39: JR | O39: 36
A40: 45178 | B40: 5x5 | C40: Denman Prospect, ACT | D40: Varsity Roller Derby League | E40: Western Sydney Rollers / South Side Derby League | F40: Northern Beaches Roller Derby | G40: WFTDA | H40: Reg | I40: SO | L40: John Ref Kennedy | M40: Leo Slayer | O40: 37
A41: 45178 | B41: 5x5 | C41: Denman Prospect, ACT | D41: Varsity Roller Derby League | E41: Varsity Derby League | F41: Inner West Roller Derby League | G41: WFTDA | H41: Reg | I41: SO | L41: Clareful Consideration | M41: Seath Lord | O41: 38
A42: 45220 | B42: 5x5 | C42: Windsor, NSW | D42: Blue Mountains Roller Derby League | E42: Sydney Roller Derby League (Velociraptors) | F42: Inner West Roller Derby League | G42: WFTDA | H42: Reg | I42: SO | L42: Snarls Dickens | M42: Leo Slayer | O42: 39
A43: 45360 | B43: Roller Derby Extravaganza 2024 | C43: Sydney Boys High, Sydney | D43: Inner West Roller Derby League | E43: Drag Queens | F43: Drag Kings | G43: WFTDA | H43: Other | I43: ALTR | L43: Denominator | M43: Even Stephen | O43: 40
A44: 45360 | B44: Roller Derby Extravaganza 2024 | C44: Sydney Boys High, Sydney | D44: Inner West Roller Derby League | E44: Coastal All Stars | F44: Country All Stars | G44: WFTDA | H44: Other | I44: JR | L44: Denominator | M44: Even Stephen | O44: 41
A45: 45552 | B45: Fundays Round 3 2023 | C45: Dunc Gray Velodrome, Bass Hill NSW, Australia | D45: Sydney Roller Derby League | E45: A League of their Bones | F45: The Young and the Rest of Us | G45: WFTDA | H45: Other | I45: OPR | O45: 42
A46: 2024-03-29 | B46: Get Sanctioned Eggstravaganza 2024 | C46: Dunc Gray Velodrome, Bass Hill NSW, Australia | D46: Sydney Roller Derby League | E46: Convict City Rollers Orange Thunder | F46: Canberra Roller Derby League Vice City Rollers | G46: WFTDA | H46: Sanc | I46: JR | L46: Honey Badger | M46: Connie | N46: Sláine (THR), Menace (THR), Frank N Hurter (THNSO), Seath Lord (THNSO) | O46: 43 | P46: =COUNT(O46:O88) -> 43
A47: 2024-03-29 | B47: Get Sanctioned Eggstravaganza 2024 | C47: Dunc Gray Velodrome, Bass Hill NSW, Australia | D47: Sydney Roller Derby League | E47: Pirate City Rollers Union | F47: South Sea Roller Derby Banshees | G47: WFTDA | H47: Sanc | I47: OPR | L47: Jim Peccable | M47: Nasty Surprise | N47: Sláine (THR), Menace (THR), Frank N Hurter (THNSO), Seath Lord (THNSO) | O47: 44
A48: 2024-03-29 | B48: Get Sanctioned Eggstravaganza 2024 | C48: Dunc Gray Velodrome, Bass Hill NSW, Australia | D48: Sydney Roller Derby League | E48: Newcastle Roller Derby League Dockyard Dames | F48: Convict City Rollers Orange Thunder | G48: WFTDA | H48: Sanc | I48: OPR | L48: Mental Case | M48: Switzerland | N48: Sláine (THR), Menace (THR), Frank N Hurter (THNSO), Seath Lord (THNSO) | O48: 45
A49: 2024-03-30 | B49: Get Sanctioned Eggstravaganza 2024 | C49: Dunc Gray Velodrome, Bass Hill NSW, Australia | D49: Sydney Roller Derby League | E49: Convict City Rollers Orange Thunder | F49: South Sea Roller Derby Banshees | G49: WFTDA | H49: Sanc | I49: SK | L49: John Ref Kennedy | M49: Connie | N49: Sláine (THR), Menace (THR), Frank N Hurter (THNSO), Seath Lord (THNSO) | O49: 46
A50: 2024-03-30 | B50: Get Sanctioned Eggstravaganza 2024 | C50: Dunc Gray Velodrome, Bass Hill NSW, Australia | D50: Sydney Roller Derby League | E50: Canberra Roller Derby League Vice City Rollers | F50: Pirate City Rollers Union | G50: WFTDA | H50: Sanc | I50: JR | L50: Vector | M50: Switzerland | N50: Sláine (THR), Menace (THR), Frank N Hurter (THNSO), Seath Lord (THNSO) | O50: 47
A51: 2024-03-30 | B51: Get Sanctioned Eggstravaganza 2024 | C51: Dunc Gray Velodrome, Bass Hill NSW, Australia | D51: Sydney Roller Derby League | E51: Sydney Roller Derby League | F51: Convict City Rollers Orange Thunder | G51: WFTDA | H51: Sanc | I51: OPR | L51: Denominator | M51: Nasty Surprise | N51: Sláine (THR), Menace (THR), Frank N Hurter (THNSO), Seath Lord (THNSO) | O51: 48
A52: 2024-03-31 | B52: Get Sanctioned Eggstravaganza 2024 | C52: Dunc Gray Velodrome, Bass Hill NSW, Australia | D52: Sydney Roller Derby League | E52: Pirate City Rollers Union | F52: Convict City Rollers Orange Thunder | G52: WFTDA | H52: Sanc | I52: OPR | L52: Jim Peccable | M52: Switzerland | N52: Sláine (THR), Menace (THR), Frank N Hurter (THNSO), Seath Lord (THNSO) | O52: 49
A53: 45402 | B53: WSR Family and Friends | C53: Penrith Valley Sports Center, Sydney, Australia | D53: Western Sydney Rollers | E53: The Barbies | F53: The Swifties | G53: WFTDA | H53: Reg | I53: JR | L53: Snarls Dickens | M53: Bellows | O53: 50
A54: 45409 | B54: 5x5 Round 1 2024 | C54: PCYC Northern Beaches | D54: Northern Beaches Roller Derby League | E54: Wollongong Illawarra Roller Derby League - Steel City Derby Dolls | F54: Maitland Roller Derby Jailbreakers | G54: WFTDA | H54: Reg | I54: PBT | L54: Clare Rool | M54: Vengeful Vixen | O54: 51
A55: 45409 | B55: 5x5 Round 1 2024 | C55: PCYC Northern Beaches | D55: Northern Beaches Roller Derby League | E55: Northern Beaches Roller Derby League – Sirens | F55: Inner West Roller Derby League – Bamshees | G55: WFTDA | H55: Reg | I55: SK | L55: John Ref Kennedy | M55: Even Stephen | O55: 52
A56: 45438 | B56: 5x5 Round 2 2024 | C56: PCYC Hawkesbury - Sydney, Australia | D56: Blue Mountains Roller Derby League | E56: Northern Beaches Roller Derby League – Sirens | F56: Western Sydney Rollers / New England Roller Derby League | G56: WFTDA | H56: Reg | I56: OPR | L56: Jim Peccable | M56: Switzerland | O56: 53
A57: 45438 | B57: 5x5 Round 2 2024 | C57: PCYC Hawkesbury - Sydney, Australia | D57: Blue Mountains Roller Derby League | E57: Blue Mountains Roller Derby League | F57: Inner West Roller Derby League – Bamshees | G57: WFTDA | H57: Reg | I57: JT | L57: Clare Rool | M57: Vengeful Vixen | O57: 54
A58: 2024-06-08 | B58: The Great Southern Slam 2024 | C58: Adelaide Showgrounds, Adelaide, Australia | D58: Adelaide Roller Derby | E58: South Central Roller Derby | F58: Diamond Vlley's Diamond Firetails | G58: WFTDA | H58: Reg | I58: OPR | L58: Jim Peccable | M58: Seath Lord | N58: Sláine, Spanners (THR) / Connie, Seath Lord (THNSO) | O58: 55
A59: 2024-06-08 | B59: The Great Southern Slam 2024 | C59: Adelaide Showgrounds, Adelaide, Australia | D59: Adelaide Roller Derby | E59: Auckland Roller Derby's Auckland Bolts | F59: Adelaide Roller Derby's Rads | G59: WFTDA | H59: Sanc | I59: SO | L59: Honey Badger | M59: Bullseye | N59: Sláine, Spanners (THR) / Connie, Seath Lord (THNSO) | O59: 56
A60: 2024-06-08 | B60: The Great Southern Slam 2024 | C60: Adelaide Showgrounds, Adelaide, Australia | D60: Adelaide Roller Derby | E60: WestSide Roller Derby's Glory | F60: Van Diemen Rollers | G60: WFTDA | H60: Reg | I60: OPR | L60: Jim Peccable | M60: Seath Lord | N60: Sláine, Spanners (THR) / Connie, Seath Lord (THNSO) | O60: 57
A61: 2024-06-08 | B61: The Great Southern Slam 2024 | C61: Adelaide Showgrounds, Adelaide, Australia | D61: Adelaide Roller Derby | E61: Brisbane City Rollers' Punk Blockers | F61: Sydney Roller Derby's As | G61: WFTDA | H61: Playoff | I61: SO | L61: Honey Badger | M61: Bullseye | N61: Sláine, Spanners (THR) / Connie, Seath Lord (THNSO) | O61: 58
A62: 2024-06-09 | B62: The Great Southern Slam 2024 | C62: Adelaide Showgrounds, Adelaide, Australia | D62: Adelaide Roller Derby | E62: South Sea's Sirens | F62: Canberra's Vice City Rollers | G62: WFTDA | H62: Playoff | I62: OPR | L62: Jim Peccable | M62: Seath Lord | N62: Sláine, Spanners (THR) / Connie, Seath Lord (THNSO) | O62: 59
A63: 2024-06-09 | B63: The Great Southern Slam 2024 | C63: Adelaide Showgrounds, Adelaide, Australia | D63: Adelaide Roller Derby | E63: Victorian Roller Derby's All Stars | F63: Perth Roller Derby's West Coast Evils | G63: WFTDA | H63: Playoff | I63: SO | L63: Honey Badger | M63: Bullseye | N63: Sláine, Spanners (THR) / Connie, Seath Lord (THNSO) | O63: 60
A64: 2024-06-09 | B64: The Great Southern Slam 2024 | C64: Adelaide Showgrounds, Adelaide, Australia | D64: Adelaide Roller Derby | E64: Canberra's Vice City Rollers | F64: Convict City's Orange Thunder | G64: WFTDA | H64: Playoff | I64: OPR | L64: Jim Peccable | M64: Glitterbiscuit | N64: Sláine, Spanners (THR) / Connie, Seath Lord (THNSO) | O64: 61
A65: 2024-06-10 | B65: The Great Southern Slam 2024 | C65: Adelaide Showgrounds, Adelaide, Australia | D65: Adelaide Roller Derby | E65: Pivot City Ranges | F65: Dragon City's The Chiko Rollers | G65: WFTDA | H65: Reg | I65: JR | L65: Dude'll | M65: Glitterbiscuit | N65: Sláine, Spanners (THR) / Connie, Seath Lord (THNSO) | O65: 62
A66: 2024-06-10 | B66: The Great Southern Slam 2024 | C66: Adelaide Showgrounds, Adelaide, Australia | D66: Adelaide Roller Derby | E66: Pivot City Ranges | F66: South Sea's Banshees | G66: WFTDA | H66: Reg | I66: JR | L66: Dude'll | M66: Glitterbiscuit | N66: Sláine, Spanners (THR) / Connie, Seath Lord (THNSO) | O66: 63
A67: 2024-14-07 | B67: 5x5 Round 3 2024 | C67: Penrith Valley Sports Center, Sydney, Australia | D67: Western Sydney Rollers | E67: Sydney Roller Derby League | F67: Wollongong Illawarra Roller Derby | G67: WFTDA | H67: Reg | I67: JT | L67: John Ref Kennedy | M67: Ritual Ideas | O67: 64
A68: 2024-14-07 | B68: 5x5 Round 3 2024 | C68: Penrith Valley Sports Center, Sydney, Australia | D68: Western Sydney Rollers | E68: Inner West Roller Derby League | F68: Western Sydney Rollers / New England Roller Derby League | G68: WFTDA | H68: Reg | I68: SO | L68: Clare | M68: Tinker-Belt-Her | O68: 65
A69: 45514 | B69: 5x5 Round 4 2024 | C69: Niagra Park Stadium | D69: Maitland Roller Derby League | E69: Blue Mountains Roller Derby League | F69: Western Sydney Rollers / New England Roller Derby League | G69: WFTDA | H69: Reg | I69: OPR | L69: John Ref Kennedy | M69: Seath Lord | O69: 66
A70: 45514 | B70: 5x5 Round 4 2024 | C70: Niagra Park Stadium | D70: Maitland Roller Derby League | E70: Sydney Roller Derby League | F70: Maitland Roller Derby Jailbreakers | G70: WFTDA | H70: Reg | I70: JT | L70: Mental Case | M70: Vengeful Vixen | O70: 67
A71: 45542 | B71: 5x5 Prelim Finals 2024 | C71: Dunc Gray Velodrome, Bass Hill NSW, Australia | D71: Sydney Roller Derby League | E71: Northern Beaches Roller Derby League | F71: Sydney Roller Derby League | G71: WFTDA | H71: Reg | I71: ALTR | L71: Mr Grump | M71: Vengeful Vixen | O71: 68
A72: 45542 | B72: 5x5 Prelim Finals 2024 | C72: Dunc Gray Velodrome, Bass Hill NSW, Australia | D72: Sydney Roller Derby League | E72: Wollongong Illawarra Roller Derby League - Steel City Derby Dolls | F72: Blue Mountains Roller Derby League | G72: WFTDA | H72: Reg | I72: PBM | L72: Rawn Bear | M72: Seath Lord | O72: 69
A73: 2024-10-05 | B73: Tropicarnage Cup 2024 | C73: Mount Warren Indoor Sports Centre, Mount Warren Park, Australia | D73: Queensland Roller Derby League | E73: Coastal Assassins Roller Derby Assassins | F73: Rockabellas Roller Derby League The Bellas | G73: WFTDA | H73: Reg | I73: OPR | L73: Sharky | M73: Seath Lord | N73: THR Menace // THNSO Ruby Soho | O73: 70
A74: 2024-10-05 | B74: Tropicarnage Cup 2024 | C74: Mount Warren Indoor Sports Centre, Mount Warren Park, Australia | D74: Queensland Roller Derby League | E74: Sydney Roller Derby League - Sydney | F74: Canberra Roller Derby League Vice City Rollers | G74: WFTDA | H74: Reg | I74: OPR | L74: Sharky | M74: Seath Lord | N74: THR Menace // THNSO Ruby Soho | O74: 71
A75: 2024-10-05 | B75: Tropicarnage Cup 2024 | C75: Mount Warren Indoor Sports Centre, Mount Warren Park, Australia | D75: Queensland Roller Derby League | E75: Brisbane City Rollers Red Kennedys | F75: Victorian Roller Derby League Thunder | G75: WFTDA | H75: Reg | I75: OPR | L75: Sharky | M75: Seath Lord | N75: THR Menace // THNSO Ruby Soho | O75: 72
A76: 2024-10-06 | B76: Tropicarnage Cup 2024 | C76: Mount Warren Indoor Sports Centre, Mount Warren Park, Australia | D76: Queensland Roller Derby League | E76: South Seas Roller Derby Sirens | F76: Canberra Roller Derby League Vice City Rollers | G76: WFTDA | H76: Reg | I76: OPR | L76: Sharky | M76: Seath Lord | N76: THR Menace // THNSO Ruby Soho | O76: 73
A77: 2024-10-06 | B77: Tropicarnage Cup 2024 | C77: Mount Warren Indoor Sports Centre, Mount Warren Park, Australia | D77: Queensland Roller Derby League | E77: Sun State Roller Derby Swarm | F77: Sydney Roller Derby League - Sydney | G77: WFTDA | H77: Sanc | I77: OPR | L77: Sharky | M77: Seath Lord | N77: THR Menace // THNSO Ruby Soho | O77: 74
A78: 2024-10-06 | B78: Tropicarnage Cup 2024 | C78: Mount Warren Indoor Sports Centre, Mount Warren Park, Australia | D78: Queensland Roller Derby League | E78: Brisbane City Rollers Red Kennedys | F78: Canberra Roller Derby League Vice City Rollers | G78: WFTDA | H78: Reg | I78: OPR | L78: Sharky | M78: Seath Lord | N78: THR Menace // THNSO Ruby Soho | O78: 75
A79: 2024-10-07 | B79: Tropicarnage Cup 2024 | C79: Mount Warren Indoor Sports Centre, Mount Warren Park, Australia | D79: Queensland Roller Derby League | E79: Coastal Assassins Roller Derby Assassins | F79: Sulphur City Steam Rollers The Runaways | G79: WFTDA | H79: Reg | I79: OPR | L79: Sharky | M79: Seath Lord | N79: THR Menace // THNSO Ruby Soho | O79: 76
A80: 2024-10-07 | B80: Tropicarnage Cup 2024 | C80: Mount Warren Indoor Sports Centre, Mount Warren Park, Australia | D80: Queensland Roller Derby League | E80: Dead End Derby Living Dead Stars | F80: Inner West Roller Derby League Skatecrashers | G80: WFTDA | H80: Reg | I80: OPR | L80: Sharky | M80: Meekeighlah | N80: THR Menace // THNSO Ruby Soho | O80: 77
A81: 45577 | B81: 5x5 Grand Finals 2024 | C81: Niagra Park Stadium | D81: Central Coast Roller Derby United | E81: Blue Mountains Roller Derby League | F81: Central Coast Roller Derby United – Asgardians | G81: WFTDA | H81: Reg | I81: OPR | L81: John Ref Kennedy | M81: Ritual Ideas | O81: 78
A82: 45577 | B82: 5x5 Grand Finals 2024 | C82: Niagra Park Stadium | D82: Central Coast Roller Derby United | E82: Inner West Roller Derby League | F82: Wollongong Illawarra Roller Derby | G82: WFTDA | H82: Reg | I82: SO | L82: Mental Case | M82: Vengeful Vixen | O82: 79
A83: 45599 | B83: WSR Halloween Bout 2024 | C83: Penrith Valley Sports Center, Sydney, Australia | D83: Western Sydney Rollers | E83: Frankenstein’s Blockers | F83: Deadset Mummies | G83: WFTDA | H83: Other | I83: SO | L83: Jim Peccable | M83: Vengeful Vixen | O83: 80
A84: 45605 | B84: Regional Redemption 2024 | C84: Sydney Boys High, Sydney | D84: Inner West Roller Derby League | E84: Country Bumpkins | F84: City Slickers | G84: WFTDA | H84: Reg | I84: JR | L84: John Ref Kennedy | M84: Ritual Ideas | O84: 81
A85: 45605 | B85: Regional Redemption 2024 | C85: Sydney Boys High, Sydney | D85: Inner West Roller Derby League | E85: Inner West Roller Derby League | F85: Varsity Roller Derby League | G85: WFTDA | H85: Reg | I85: OPR | L85: Denominator | M85: Ritual Ideas | O85: 82
A86: 45501 | B86: Fun Days Round 1 2024 | C86: Dunc Gray Velodrome, Bass Hill NSW, Australia | D86: Sydney Roller Derby League | E86: Smells Like Clean Padding | F86: I Like Big Bouts and I Cannot Lie | G86: WFTDA | H86: Other | I86: JR | L86: The Spanish Inquisition | M86: Ritual Ideas | O86: 83
A87: 45529 | B87: Fun Days Round 2 2024 | C87: Dunc Gray Velodrome, Bass Hill NSW, Australia | D87: Sydney Roller Derby League | E87: Smells Like Clean Padding | F87: The Bold and the Bootyful | G87: WFTDA | H87: Other | I87: IPR | L87: Candy Striper | M87: Statisfaction | O87: 84
A88: 45592 | B88: Fun Days Round 3 2024 | C88: Dunc Gray Velodrome, Bass Hill NSW, Australia | D88: Sydney Roller Derby League | E88: Smells Like Clean Padding | F88: Fundercats 2: Electric Boogaloo | G88: WFTDA | H88: Other | I88: SK | L88: John Ref Kennedy | M88: Snarls Dickens | O88: 85
A89: 2025-03-09 | B89: East Coast Clash 2025 | C89: Darebin Community Sports Stadium, Reservoir, Australia | D89: Ballarat Roller Derby League | E89: Geelong Roller Derby: Bloody Marys | F89: Kingston City Rollers: Royals | G89: WFTDA | H89: Reg | I89: SO | L89: Denominator | M89: Bullseye | N89: THR Frank N Hurter // THR Spanners // THNSO BustaHammy // THNSO Menace | 3 Day Event, 24 Total Games | O89: 86 | P89: =COUNT(O89:O134) -> 46
A90: 2025-03-09 | B90: East Coast Clash 2025 | C90: Darebin Community Sports Stadium, Reservoir, Australia | D90: Ballarat Roller Derby League | E90: Brisbane City Rollers: Hitsquad | F90: Light City Derby: Sabres | G90: MRDA | H90: Reg | I90: SO | L90: Slackerjack | M90: Muggles | O90: 87
A91: 2025-03-10 | B91: East Coast Clash 2025 | C91: Darebin Community Sports Stadium, Reservoir, Australia | D91: Ballarat Roller Derby League | E91: East Vic Roller Derby: The Witches | F91: Team Regional Victoria | G91: WFTDA | H91: Reg | I91: PBT | O91: 88
A92: 2025-03-10 | B92: East Coast Clash 2025 | C92: Darebin Community Sports Stadium, Reservoir, Australia | D92: Ballarat Roller Derby League | E92: Convict City Rollers: Orange Thunder | F92: West Side Roller Derby: Glory | G92: WFTDA | H92: Reg | I92: PBT | L92: Denominator | M92: Scrapple Pie | N92: THR Frank N Hurter // THR Spanners // THNSO BustaHammy // THNSO Menace | 3 Day Event, 24 Total Games | O92: 89
A93: 2025-03-10 | B93: East Coast Clash 2025 | C93: Darebin Community Sports Stadium, Reservoir, Australia | D93: Ballarat Roller Derby League | E93: Geelong Roller Derby: Bloody Marys | F93: Ballarat Roller Derby League: Ratpack | G93: WFTDA | H93: Reg | I93: LT | L93: NickerBocker | M93: Muggles | N93: THR Frank N Hurter // THR Spanners // THNSO BustaHammy // THNSO Menace | 3 Day Event, 24 Total Games | O93: 90
A94: 2025-03-22 | B94: Northern Rivers Revolt 2025 | C94: Cavanbah Centre, Byron Bay, Australia | D94: Northern Rivers Roller Derby/Tweed Valley Rollers | E94: Convict City Rollers - Black Lightning | F94: Geelong Roller Derby - Bloody Marys | G94: WFTDA | H94: Other | I94: JR | L94: Spanners | M94: Ruby | N94: THR Honey Badger // THNSO Mercy | 2 Day Event, 16 Total Games 20 minute periods 5 penalties per skater | O94: 91
A95: 2025-03-22 | B95: Northern Rivers Revolt 2025 | C95: Cavanbah Centre, Byron Bay, Australia | D95: Northern Rivers Roller Derby/Tweed Valley Rollers | E95: Pirate City Rollers/Auckland Roller Derby League - BayBlades | F95: Team RAD | G95: WFTDA | H95: Other | I95: JR | L95: Spanners | M95: Ruby | N95: THR Honey Badger // THNSO Mercy | 2 Day Event, 16 Total Games 20 minute periods 5 penalties per skater | O95: 92
A96: 2025-03-22 | B96: Northern Rivers Revolt 2025 | C96: Cavanbah Centre, Byron Bay, Australia | D96: Northern Rivers Roller Derby/Tweed Valley Rollers | E96: Team RAD | F96: Geelong Roller Derby - Bloody Marys | G96: WFTDA | H96: Other | I96: JR | L96: Spanners | M96: Ruby | N96: THR Honey Badger // THNSO Mercy | 2 Day Event, 16 Total Games 20 minute periods 5 penalties per skater | O96: 93
A97: 2025-03-22 | B97: Northern Rivers Revolt 2025 | C97: Cavanbah Centre, Byron Bay, Australia | D97: Northern Rivers Roller Derby/Tweed Valley Rollers | E97: Brisbane City Rollers - Rahmones | F97: Pirate City Rollers/Auckland Roller Derby League - BayBlades | G97: WFTDA | H97: Other | I97: JR | L97: Spanners | M97: Ruby | N97: THR Honey Badger // THNSO Mercy | 2 Day Event, 16 Total Games 20 minute periods 5 penalties per skater | O97: 94
A98: 2025-03-23 | B98: Northern Rivers Revolt 2025 | C98: Cavanbah Centre, Byron Bay, Australia | D98: Northern Rivers Roller Derby/Tweed Valley Rollers | E98: Convict City Rollers- Black Lightning | F98: Tweed Valley Rollers/Northern Rivers Roller Derby - River Valley Rollers | G98: WFTDA | H98: Other | I98: JR | L98: Spanners | M98: Ruby | N98: THR Honey Badger // THNSO Mercy | 2 Day Event, 16 Total Games 20 minute periods 5 penalties per skater | O98: 95
A99: 2025-03-23 | B99: Northern Rivers Revolt 2025 | C99: Cavanbah Centre, Byron Bay, Australia | D99: Northern Rivers Roller Derby/Tweed Valley Rollers | E99: Geelong Roller Derby - Bloody Marys | F99: Pirate City Rollers/Auckland Roller Derby League - Bayblades | G99: WFTDA | H99: Other | I99: JR | L99: Spanners | M99: Ruby | N99: THR Honey Badger // THNSO Mercy | 2 Day Event, 16 Total Games 20 minute periods 5 penalties per skater | O99: 96
A100: 2025-03-23 | B100: Northern Rivers Revolt 2025 | C100: Cavanbah Centre, Byron Bay, Australia | D100: Northern Rivers Roller Derby/Tweed Valley Rollers | E100: Team RAD | F100: Tweed Valley Rollers/Northern Rivers Roller Derby - River Valley Rollers | G100: WFTDA | H100: Other | I100: JR | L100: Spanners | M100: Ruby | N100: THR Honey Badger // THNSO Mercy | 2 Day Event, 16 Total Games 20 minute periods 5 penalties per skater | O100: 97
...

Sheet Annuals
A1: Annual Totals by Position
A2: WFTDA Referee
A4: 1 YEAR | B4: Playoff | C4: Sanc | D4: Reg | E4: Total | H4: 18 MONTHS | I4: Playoff | J4: Sanc | K4: Reg | L4: Total
A5: THR | B5: =COUNTIFS('Game History'!A:A,(">"&(TODAY()-365)),'Game History'!G:G,"WFTDA",'Game History'!H:H,"Champs",'Game History'!I:I,Instructions!A68)+COUNTIFS('Game History'!A:A,(">"&(TODAY()-365)),'Game History'!G:G,"WFTDA",'Game History'!H:H,"Playoff",'Game History'!I:I,Instructions!A68) -> 0 | C5: =COUNTIFS('Game History'!A:A,(">"&(TODAY()-365)),'Game History'!G:G,"WFTDA",'Game History'!H:H,"Sanc",'Game History'!I:I,Instructions!A68) -> 0 | D5: =COUNTIFS('Game History'!A:A,(">"&(TODAY()-365)),'Game History'!G:G,"WFTDA",'Game History'!H:H,"Reg",'Game History'!I:I,Instructions!A68) -> 0 | E5: =SUM(B5,C5,D5) -> 0 | H5: THR | I5: =COUNTIFS('Game History'!A:A,(">"&(TODAY()-548)),'Game History'!G:G,"WFTDA",'Game History'!H:H,"Champs",'Game History'!I:I,Instructions!A68)+COUNTIFS('Game History'!A:A,(">"&(TODAY()-548)),'Game History'!G:G,"WFTDA",'Game History'!H:H,"Playoff",'Game History'!I:I,Instructions!A68) -> 0 | J5: =COUNTIFS('Game History'!A:A,(">"&(TODAY()-548)),'Game History'!G:G,"WFTDA",'Game History'!H:H,"Sanc",'Game History'!I:I,Instructions!A68) -> 0 | K5: =COUNTIFS('Game History'!A:A,(">"&(TODAY()-548)),'Game History'!G:G,"WFTDA",'Game History'!H:H,"Reg",'Game History'!I:I,Instructions!A68) -> 0 | L5: =SUM(I5,J5,K5) -> 0
A6: CHR | B6: =COUNTIFS('Game History'!A:A,(">"&(TODAY()-365)),'Game History'!G:G,"WFTDA",'Game History'!H:H,"Champs",'Game History'!I:I,Instructions!A69)+COUNTIFS('Game History'!A:A,(">"&(TODAY()-365)),'Game History'!G:G,"WFTDA",'Game History'!H:H,"Playoff",'Game History'!I:I,Instructions!A69)+COUNTIFS('Game History'!A:A,(">"&(TODAY()-365)),'Game History'!G:G,"WFTDA",'Game History'!H:H,"Champs",'Game History'!I:I,Instructions!A70)+COUNTIFS('Game History'!A:A,(">"&(TODAY()-365)),'Game History'!G:G,"WFTDA",'Game History'!H:H,"Playoff",'Game History'!I:I,Instructions!A70) -> 0 | C6: =COUNTIFS('Game History'!A:A,(">"&(TODAY()-365)),'Game History'!G:G,"WFTDA",'Game History'!H:H,"Sanc",'Game History'!I:I,Instructions!A69) -> 0 | D6: =COUNTIFS('Game History'!A:A,(">"&(TODAY()-365)),'Game History'!G:G,"WFTDA",'Game History'!H:H,"Reg",'Game History'!I:I,Instructions!A69) -> 0 | E6: =SUM(B6,C6,D6) -> 0 | H6: CHR | I6: =COUNTIFS('Game History'!A:A,(">"&(TODAY()-548)),'Game History'!G:G,"WFTDA",'Game History'!H:H,"Champs",'Game History'!I:I,Instructions!A69)+COUNTIFS('Game History'!A:A,(">"&(TODAY()-548)),'Game History'!G:G,"WFTDA",'Game History'!H:H,"Playoff",'Game History'!I:I,Instructions!A69)+COUNTIFS('Game History'!A:A,(">"&(TODAY()-548)),'Game History'!G:G,"WFTDA",'Game History'!H:H,"Champs",'Game History'!I:I,Instructions!A70)+COUNTIFS('Game History'!A:A,(">"&(TODAY()-548)),'Game History'!G:G,"WFTDA",'Game History'!H:H,"Playoff",'Game History'!I:I,Instructions!A70) -> 0 | J6: =COUNTIFS('Game History'!A:A,(">"&(TODAY()-548)),'Game History'!G:G,"WFTDA",'Game History'!H:H,"Sanc",'Game History'!I:I,Instructions!A69) -> 0 | K6: =COUNTIFS('Game History'!A:A,(">"&(TODAY()-548)),'Game History'!G:G,"WFTDA",'Game History'!H:H,"Reg",'Game History'!I:I,Instructions!A69) -> 0 | L6: =SUM(I6,J6,K6) -> 0
A7: HR | B7: — | C7: =COUNTIFS('Game History'!A:A,(">"&(TODAY()-365)),'Game History'!G:G,"WFTDA",'Game History'!H:H,"Sanc",'Game History'!I:I,Instructions!A70) -> 0 | D7: =COUNTIFS('Game History'!A:A,(">"&(TODAY()-365)),'Game History'!G:G,"WFTDA",'Game History'!H:H,"Reg",'Game History'!I:I,Instructions!A70) -> 0 | E7: =SUM(C7+D7) -> 0 | H7: HR | I7: — | J7: =COUNTIFS('Game History'!A:A,(">"&(TODAY()-548)),'Game History'!G:G,"WFTDA",'Game History'!H:H,"Sanc",'Game History'!I:I,Instructions!A70) -> 0 | K7: =COUNTIFS('Game History'!A:A,(">"&(TODAY()-548)),'Game History'!G:G,"WFTDA",'Game History'!H:H,"Reg",'Game History'!I:I,Instructions!A70) -> 0 | L7: =SUM(J7+K7) -> 0
A8: JR | B8: =COUNTIFS('Game History'!A:A,(">"&(TODAY()-365)),'Game History'!G:G,"WFTDA",'Game History'!H:H,"Champs",'Game History'!I:I,Instructions!A74)+COUNTIFS('Game History'!A:A,(">"&(TODAY()-365)),'Game History'!G:G,"WFTDA",'Game History'!H:H,"Playoff",'Game History'!I:I,Instructions!A74)+COUNTIFS('Game History'!A:A,(">"&(TODAY()-365)),'Game History'!G:G,"WFTDA",'Game History'!H:H,"Champs",'Game History'!J:J,Instructions!A74)+COUNTIFS('Game History'!A:A,(">"&(TODAY()-365)),'Game History'!G:G,"WFTDA",'Game History'!H:H,"Playoff",'Game History'!J:J,Instructions!A74) -> 0 | C8: =COUNTIFS('Game History'!A:A,(">"&(TODAY()-365)),'Game History'!G:G,"WFTDA",'Game History'!H:H,"Sanc",'Game History'!I:I,Instructions!A74)+COUNTIFS('Game History'!A:A,(">"&(TODAY()-365)),'Game History'!G:G,"WFTDA",'Game History'!H:H,"Sanc",'Game History'!J:J,Instructions!A74) -> 0 | D8: =COUNTIFS('Game History'!A:A,(">"&(TODAY()-365)),'Game History'!G:G,"WFTDA",'Game History'!H:H,"Reg",'Game History'!I:I,Instructions!A74)+COUNTIFS('Game History'!A:A,(">"&(TODAY()-365)),'Game History'!G:G,"WFTDA",'Game History'!H:H,"Reg",'Game History'!J:J,Instructions!A74) -> 2 | E8: =SUM(B8,C8,D8) -> 2 | H8: JR | I8: =COUNTIFS('Game History'!A:A,(">"&(TODAY()-548)),'Game History'!G:G,"WFTDA",'Game History'!H:H,"Champs",'Game History'!I:I,Instructions!A74)+COUNTIFS('Game History'!A:A,(">"&(TODAY()-548)),'Game History'!G:G,"WFTDA",'Game History'!H:H,"Playoff",'Game History'!I:I,Instructions!A74)+COUNTIFS('Game History'!A:A,(">"&(TODAY()-548)),'Game History'!G:G,"WFTDA",'Game History'!H:H,"Champs",'Game History'!J:J,Instructions!A74)+COUNTIFS('Game History'!A:A,(">"&(TODAY()-548)),'Game History'!G:G,"WFTDA",'Game History'!H:H,"Playoff",'Game History'!J:J,Instructions!A74) -> 0 | J8: =COUNTIFS('Game History'!A:A,(">"&(TODAY()-548)),'Game History'!G:G,"WFTDA",'Game History'!H:H,"Sanc",'Game History'!I:I,Instructions!A74)+COUNTIFS('Game History'!A:A,(">"&(TODAY()-548)),'Game History'!G:G,"WFTDA",'Game History'!H:H,"Sanc",'Game History'!J:J,Instructions!A74) -> 0 | K8: =COUNTIFS('Game History'!A:A,(">"&(TODAY()-548)),'Game History'!G:G,"WFTDA",'Game History'!H:H,"Reg",'Game History'!I:I,Instructions!A74)+COUNTIFS('Game History'!A:A,(">"&(TODAY()-548)),'Game History'!G:G,"WFTDA",'Game History'!H:H,"Reg",'Game History'!J:J,Instructions!A74) -> 2 | L8: =SUM(I8,J8,K8) -> 2
A9: IPR | B9: =COUNTIFS('Game History'!A:A,(">"&(TODAY()-365)),'Game History'!G:G,"WFTDA",'Game History'!H:H,"Champs",'Game History'!I:I,Instructions!A75)+COUNTIFS('Game History'!A:A,(">"&(TODAY()-365)),'Game History'!G:G,"WFTDA",'Game History'!H:H,"Playoff",'Game History'!I:I,Instructions!A75)+COUNTIFS('Game History'!A:A,(">"&(TODAY()-365)),'Game History'!G:G,"WFTDA",'Game History'!H:H,"Champs",'Game History'!J:J,Instructions!A75)+COUNTIFS('Game History'!A:A,(">"&(TODAY()-365)),'Game History'!G:G,"WFTDA",'Game History'!H:H,"Playoff",'Game History'!J:J,Instructions!A75) -> 0 | C9: =COUNTIFS('Game History'!A:A,(">"&(TODAY()-365)),'Game History'!G:G,"WFTDA",'Game History'!H:H,"Sanc",'Game History'!I:I,Instructions!A75)+COUNTIFS('Game History'!A:A,(">"&(TODAY()-365)),'Game History'!G:G,"WFTDA",'Game History'!H:H,"Sanc",'Game History'!J:J,Instructions!A75) -> 0 | D9: =COUNTIFS('Game History'!A:A,(">"&(TODAY()-365)),'Game History'!G:G,"WFTDA",'Game History'!H:H,"Reg",'Game History'!I:I,Instructions!A75)+COUNTIFS('Game History'!A:A,(">"&(TODAY()-365)),'Game History'!G:G,"WFTDA",'Game History'!H:H,"Reg",'Game History'!J:J,Instructions!A75) -> 1 | E9: =SUM(B9,C9,D9) -> 1 | H9: IPR | I9: =COUNTIFS('Game History'!A:A,(">"&(TODAY()-548)),'Game History'!G:G,"WFTDA",'Game History'!H:H,"Champs",'Game History'!I:I,Instructions!A75)+COUNTIFS('Game History'!A:A,(">"&(TODAY()-548)),'Game History'!G:G,"WFTDA",'Game History'!H:H,"Playoff",'Game History'!I:I,Instructions!A75)+COUNTIFS('Game History'!A:A,(">"&(TODAY()-548)),'Game History'!G:G,"WFTDA",'Game History'!H:H,"Champs",'Game History'!J:J,Instructions!A75)+COUNTIFS('Game History'!A:A,(">"&(TODAY()-548)),'Game History'!G:G,"WFTDA",'Game History'!H:H,"Playoff",'Game History'!J:J,Instructions!A75) -> 0 | J9: =COUNTIFS('Game History'!A:A,(">"&(TODAY()-548)),'Game History'!G:G,"WFTDA",'Game History'!H:H,"Sanc",'Game History'!I:I,Instructions!A75)+COUNTIFS('Game History'!A:A,(">"&(TODAY()-548)),'Game History'!G:G,"WFTDA",'Game History'!H:H,"Sanc",'Game History'!J:J,Instructions!A75) -> 0 | K9: =COUNTIFS('Game History'!A:A,(">"&(TODAY()-548)),'Game History'!G:G,"WFTDA",'Game History'!H:H,"Reg",'Game History'!I:I,Instructions!A75)+COUNTIFS('Game History'!A:A,(">"&(TODAY()-548)),'Game History'!G:G,"WFTDA",'Game History'!H:H,"Reg",'Game History'!J:J,Instructions!A75) -> 1 | L9: =SUM(I9,J9,K9) -> 1
A10: OPR | B10: =COUNTIFS('Game History'!A:A,(">"&(TODAY()-365)),'Game History'!G:G,"WFTDA",'Game History'!H:H,"Champs",'Game History'!I:I,Instructions!A76)+COUNTIFS('Game History'!A:A,(">"&(TODAY()-365)),'Game History'!G:G,"WFTDA",'Game History'!H:H,"Playoff",'Game History'!I:I,Instructions!A76)+COUNTIFS('Game History'!A:A,(">"&(TODAY()-365)),'Game History'!G:G,"WFTDA",'Game History'!H:H,"Champs",'Game History'!J:J,Instructions!A76)+COUNTIFS('Game History'!A:A,(">"&(TODAY()-365)),'Game History'!G:G,"WFTDA",'Game History'!H:H,"Playoff",'Game History'!J:J,Instructions!A76) -> 0 | C10: =COUNTIFS('Game History'!A:A,(">"&(TODAY()-365)),'Game History'!G:G,"WFTDA",'Game History'!H:H,"Sanc",'Game History'!I:I,Instructions!A76)+COUNTIFS('Game History'!A:A,(">"&(TODAY()-365)),'Game History'!G:G,"WFTDA",'Game History'!H:H,"Sanc",'Game History'!J:J,Instructions!A76) -> 0 | D10: =COUNTIFS('Game History'!A:A,(">"&(TODAY()-365)),'Game History'!G:G,"WFTDA",'Game History'!H:H,"Reg",'Game History'!I:I,Instructions!A76)+COUNTIFS('Game History'!A:A,(">"&(TODAY()-365)),'Game History'!G:G,"WFTDA",'Game History'!H:H,"Reg",'Game History'!J:J,Instructions!A76) -> 4 | E10: =SUM(B10,C10,D10) -> 4 | H10: OPR | I10: =COUNTIFS('Game History'!A:A,(">"&(TODAY()-548)),'Game History'!G:G,"WFTDA",'Game History'!H:H,"Champs",'Game History'!I:I,Instructions!A76)+COUNTIFS('Game History'!A:A,(">"&(TODAY()-548)),'Game History'!G:G,"WFTDA",'Game History'!H:H,"Playoff",'Game History'!I:I,Instructions!A76)+COUNTIFS('Game History'!A:A,(">"&(TODAY()-548)),'Game History'!G:G,"WFTDA",'Game History'!H:H,"Champs",'Game History'!J:J,Instructions!A76)+COUNTIFS('Game History'!A:A,(">"&(TODAY()-548)),'Game History'!G:G,"WFTDA",'Game History'!H:H,"Playoff",'Game History'!J:J,Instructions!A76) -> 0 | J10: =COUNTIFS('Game History'!A:A,(">"&(TODAY()-548)),'Game History'!G:G,"WFTDA",'Game History'!H:H,"Sanc",'Game History'!I:I,Instructions!A76)+COUNTIFS('Game History'!A:A,(">"&(TODAY()-548)),'Game History'!G:G,"WFTDA",'Game History'!H:H,"Sanc",'Game History'!J:J,Instructions!A76) -> 0 | K10: =COUNTIFS('Game History'!A:A,(">"&(TODAY()-548)),'Game History'!G:G,"WFTDA",'Game History'!H:H,"Reg",'Game History'!I:I,Instructions!A76)+COUNTIFS('Game History'!A:A,(">"&(TODAY()-548)),'Game History'!G:G,"WFTDA",'Game History'!H:H,"Reg",'Game History'!J:J,Instructions!A76) -> 4 | L10: =SUM(I10,J10,K10) -> 4
A11: ALT | B11: =COUNTIFS('Game History'!A:A,(">"&(TODAY()-365)),'Game History'!G:G,"WFTDA",'Game History'!H:H,"Champs",'Game History'!I:I,Instructions!A87)+COUNTIFS('Game History'!A:A,(">"&(TODAY()-365)),'Game History'!G:G,"WFTDA",'Game History'!H:H,"Playoff",'Game History'!I:I,Instructions!A87) -> 0 | C11: =COUNTIFS('Game History'!A:A,(">"&(TODAY()-365)),'Game History'!G:G,"WFTDA",'Game History'!H:H,"Sanc",'Game History'!I:I,Instructions!A87) -> 0 | D11: =COUNTIFS('Game History'!A:A,(">"&(TODAY()-365)),'Game History'!G:G,"WFTDA",'Game History'!H:H,"Reg",'Game History'!I:I,Instructions!A87) -> 0 | E11: =SUM(B11,C11,D11) -> 0 | H11: ALT | I11: =COUNTIFS('Game History'!A:A,(">"&(TODAY()-548)),'Game History'!G:G,"WFTDA",'Game History'!H:H,"Champs",'Game History'!I:I,Instructions!A87)+COUNTIFS('Game History'!A:A,(">"&(TODAY()-548)),'Game History'!G:G,"WFTDA",'Game History'!H:H,"Playoff",'Game History'!I:I,Instructions!A87) -> 0 | J11: =COUNTIFS('Game History'!A:A,(">"&(TODAY()-548)),'Game History'!G:G,"WFTDA",'Game History'!H:H,"Sanc",'Game History'!I:I,Instructions!A87) -> 0 | K11: =COUNTIFS('Game History'!A:A,(">"&(TODAY()-548)),'Game History'!G:G,"WFTDA",'Game History'!H:H,"Reg",'Game History'!I:I,Instructions!A87) -> 0 | L11: =SUM(I11,J11,K11) -> 0
A12: Total* | B12: =SUM(B5:B11) -> 0 | C12: =SUM(C5:C11) -> 0 | D12: =SUM(D5:D11) -> 7 | E12: =SUM(E5:E11) -> 7 | H12: Total* | I12: =SUM(I5:I11) -> 0 | J12: =SUM(J5:J11) -> 0 | K12: =SUM(K5:K11) -> 7 | L12: =SUM(L5:L11) -> 7
A15: WFTDA Non-Skating Official
A17: 1 YEAR | B17: Playoff | C17: Sanc | D17: Reg | E17: Total | H17: 18 MONTHS | I17: Playoff | J17: Sanc | K17: Reg | L17: Total
A18: THNSO | B18: =COUNTIFS('Game History'!A:A,(">"&(TODAY()-365)),'Game History'!G:G,"WFTDA",'Game History'!H:H,"Champs",'Game History'!I:I,Instructions!A71)+COUNTIFS('Game History'!A:A,(">"&(TODAY()-365)),'Game History'!G:G,"WFTDA",'Game History'!H:H,"Playoff",'Game History'!I:I,Instructions!A71) -> 0 | C18: =COUNTIFS('Game History'!A:A,(">"&(TODAY()-365)),'Game History'!G:G,"WFTDA",'Game History'!H:H,"Sanc",'Game History'!I:I,Instructions!A71) -> 0 | D18: =COUNTIFS('Game History'!A:A,(">"&(TODAY()-365)),'Game History'!G:G,"WFTDA",'Game History'!H:H,"Reg",'Game History'!I:I,Instructions!A71) -> 0 | E18: =SUM(B18+C18+D18) -> 0 | H18: THNSO | I18: =COUNTIFS('Game History'!A:A,(">"&(TODAY()-548)),'Game History'!G:G,"WFTDA",'Game History'!H:H,"Champs",'Game History'!I:I,Instructions!A71)+COUNTIFS('Game History'!A:A,(">"&(TODAY()-548)),'Game History'!G:G,"WFTDA",'Game History'!H:H,"Playoff",'Game History'!I:I,Instructions!A71) -> 0 | J18: =COUNTIFS('Game History'!A:A,(">"&(TODAY()-548)),'Game History'!G:G,"WFTDA",'Game History'!H:H,"Sanc",'Game History'!I:I,Instructions!A71) -> 0 | K18: =COUNTIFS('Game History'!A:A,(">"&(TODAY()-548)),'Game History'!G:G,"WFTDA",'Game History'!H:H,"Reg",'Game History'!I:I,Instructions!A71) -> 0 | L18: =SUM(I18+J18+K18) -> 0
A19: CHNSO | B19: =COUNTIFS('Game History'!A:A,(">"&(TODAY()-365)),'Game History'!G:G,"WFTDA",'Game History'!H:H,"Champs",'Game History'!I:I,Instructions!A72)+COUNTIFS('Game History'!A:A,(">"&(TODAY()-365)),'Game History'!G:G,"WFTDA",'Game History'!H:H,"Playoff",'Game History'!I:I,Instructions!A72)+COUNTIFS('Game History'!A:A,(">"&(TODAY()-365)),'Game History'!G:G,"WFTDA",'Game History'!H:H,"Champs",'Game History'!I:I,Instructions!A73)+COUNTIFS('Game History'!A:A,(">"&(TODAY()-365)),'Game History'!G:G,"WFTDA",'Game History'!H:H,"Playoff",'Game History'!I:I,Instructions!A73) -> 0 | C19: =COUNTIFS('Game History'!A:A,(">"&(TODAY()-365)),'Game History'!G:G,"WFTDA",'Game History'!H:H,"Sanc",'Game History'!I:I,Instructions!A72) -> 0 | D19: =COUNTIFS('Game History'!A:A,(">"&(TODAY()-365)),'Game History'!G:G,"WFTDA",'Game History'!H:H,"Reg",'Game History'!I:I,Instructions!A72) -> 0 | E19: =SUM(B19+C19+D19) -> 0 | H19: CHNSO | I19: =COUNTIFS('Game History'!A:A,(">"&(TODAY()-548)),'Game History'!G:G,"WFTDA",'Game History'!H:H,"Champs",'Game History'!I:I,Instructions!A72)+COUNTIFS('Game History'!A:A,(">"&(TODAY()-548)),'Game History'!G:G,"WFTDA",'Game History'!H:H,"Playoff",'Game History'!I:I,Instructions!A72)+COUNTIFS('Game History'!A:A,(">"&(TODAY()-548)),'Game History'!G:G,"WFTDA",'Game History'!H:H,"Champs",'Game History'!I:I,Instructions!A73)+COUNTIFS('Game History'!A:A,(">"&(TODAY()-548)),'Game History'!G:G,"WFTDA",'Game History'!H:H,"Playoff",'Game History'!I:I,Instructions!A73) -> 0 | J19: =COUNTIFS('Game History'!A:A,(">"&(TODAY()-548)),'Game History'!G:G,"WFTDA",'Game History'!H:H,"Sanc",'Game History'!I:I,Instructions!A72) -> 0 | K19: =COUNTIFS('Game History'!A:A,(">"&(TODAY()-548)),'Game History'!G:G,"WFTDA",'Game History'!H:H,"Reg",'Game History'!I:I,Instructions!A72) -> 0 | L19: =SUM(I19+J19+K19) -> 0
A20: HNSO | B20: — | C20: =COUNTIFS('Game History'!A:A,(">"&(TODAY()-365)),'Game History'!G:G,"WFTDA",'Game History'!H:H,"Sanc",'Game History'!I:I,Instructions!A73) -> 0 | D20: =COUNTIFS('Game History'!A:A,(">"&(TODAY()-365)),'Game History'!G:G,"WFTDA",'Game History'!H:H,"Reg",'Game History'!I:I,Instructions!A73) -> 0 | E20: =SUM(C20+D20) -> 0 | F20: Operator | H20: HNSO | I20: — | J20: =COUNTIFS('Game History'!A:A,(">"&(TODAY()-548)),'Game History'!G:G,"WFTDA",'Game History'!H:H,"Sanc",'Game History'!I:I,Instructions!A73) -> 0 | K20: =COUNTIFS('Game History'!A:A,(">"&(TODAY()-548)),'Game History'!G:G,"WFTDA",'Game History'!H:H,"Reg",'Game History'!I:I,Instructions!A73) -> 0 | L20: =SUM(J20+K20) -> 0 | M20: Operator
A21: PT | B21: =COUNTIFS('Game History'!A:A,(">"&(TODAY()-365)),'Game History'!G:G,"WFTDA",'Game History'!H:H,"Champs",'Game History'!I:I,Instructions!A77)+COUNTIFS('Game History'!A:A,(">"&(TODAY()-365)),'Game History'!G:G,"WFTDA",'Game History'!H:H,"Playoff",'Game History'!I:I,Instructions!A77)+COUNTIFS('Game History'!A:A,(">"&(TODAY()-365)),'Game History'!G:G,"WFTDA",'Game History'!H:H,"Champs",'Game History'!J:J,Instructions!A77)+COUNTIFS('Game History'!A:A,(">"&(TODAY()-365)),'Game History'!G:G,"WFTDA",'Game History'!H:H,"Playoff",'Game History'!J:J,Instructions!A77) -> 0 | C21: =COUNTIFS('Game History'!A:A,(">"&(TODAY()-365)),'Game History'!G:G,"WFTDA",'Game History'!H:H,"Sanc",'Game History'!I:I,Instructions!A77)+COUNTIFS('Game History'!A:A,(">"&(TODAY()-365)),'Game History'!G:G,"WFTDA",'Game History'!H:H,"Sanc",'Game History'!J:J,Instructions!A77) -> 0 | D21: =COUNTIFS('Game History'!A:A,(">"&(TODAY()-365)),'Game History'!G:G,"WFTDA",'Game History'!H:H,"Reg",'Game History'!I:I,Instructions!A77)+COUNTIFS('Game History'!A:A,(">"&(TODAY()-365)),'Game History'!G:G,"WFTDA",'Game History'!H:H,"Reg",'Game History'!J:J,Instructions!A77) -> 0 | E21: =SUM(B21+C21+D21) -> 0 | F21: =COUNTIFS('Game History'!A:A,(">"&(TODAY()-365)),'Game History'!G:G,"WFTDA",'Game History'!I:I,A21,'Game History'!K:K,"Y")+COUNTIFS('Game History'!A:A,(">"&(TODAY()-365)),'Game History'!G:G,"WFTDA",'Game History'!J:J,A21,'Game History'!K:K,"Y") -> 0 | H21: PT | I21: =COUNTIFS('Game History'!A:A,(">"&(TODAY()-548)),'Game History'!G:G,"WFTDA",'Game History'!H:H,"Champs",'Game History'!I:I,Instructions!A77)+COUNTIFS('Game History'!A:A,(">"&(TODAY()-548)),'Game History'!G:G,"WFTDA",'Game History'!H:H,"Playoff",'Game History'!I:I,Instructions!A77)+COUNTIFS('Game History'!A:A,(">"&(TODAY()-548)),'Game History'!G:G,"WFTDA",'Game History'!H:H,"Champs",'Game History'!J:J,Instructions!A77)+COUNTIFS('Game History'!A:A,(">"&(TODAY()-548)),'Game History'!G:G,"WFTDA",'Game History'!H:H,"Playoff",'Game History'!J:J,Instructions!A77) -> 0 | J21: =COUNTIFS('Game History'!A:A,(">"&(TODAY()-548)),'Game History'!G:G,"WFTDA",'Game History'!H:H,"Sanc",'Game History'!I:I,Instructions!A77)+COUNTIFS('Game History'!A:A,(">"&(TODAY()-548)),'Game History'!G:G,"WFTDA",'Game History'!H:H,"Sanc",'Game History'!J:J,Instructions!A77) -> 0 | K21: =COUNTIFS('Game History'!A:A,(">"&(TODAY()-548)),'Game History'!G:G,"WFTDA",'Game History'!H:H,"Reg",'Game History'!I:I,Instructions!A77)+COUNTIFS('Game History'!A:A,(">"&(TODAY()-548)),'Game History'!G:G,"WFTDA",'Game History'!H:H,"Reg",'Game History'!J:J,Instructions!A77) -> 0 | L21: =SUM(I21+J21+K21) -> 0 | M21: =COUNTIFS('Game History'!A:A,(">"&(TODAY()-548)),'Game History'!G:G,"WFTDA",'Game History'!I:I,A21,'Game History'!K:K,"Y")+COUNTIFS('Game History'!A:A,(">"&(TODAY()-548)),'Game History'!G:G,"WFTDA",'Game History'!J:J,A21,'Game History'!K:K,"Y") -> 0
A22: PW | B22: =COUNTIFS('Game History'!A:A,(">"&(TODAY()-365)),'Game History'!G:G,"WFTDA",'Game History'!H:H,"Champs",'Game History'!I:I,Instructions!A78)+COUNTIFS('Game History'!A:A,(">"&(TODAY()-365)),'Game History'!G:G,"WFTDA",'Game History'!H:H,"Playoff",'Game History'!I:I,Instructions!A78)+COUNTIFS('Game History'!A:A,(">"&(TODAY()-365)),'Game History'!G:G,"WFTDA",'Game History'!H:H,"Champs",'Game History'!J:J,Instructions!A78)+COUNTIFS('Game History'!A:A,(">"&(TODAY()-365)),'Game History'!G:G,"WFTDA",'Game History'!H:H,"Playoff",'Game History'!J:J,Instructions!A78) -> 0 | C22: =COUNTIFS('Game History'!A:A,(">"&(TODAY()-365)),'Game History'!G:G,"WFTDA",'Game History'!H:H,"Sanc",'Game History'!I:I,Instructions!A78)+COUNTIFS('Game History'!A:A,(">"&(TODAY()-365)),'Game History'!G:G,"WFTDA",'Game History'!H:H,"Sanc",'Game History'!J:J,Instructions!A78) -> 0 | D22: =COUNTIFS('Game History'!A:A,(">"&(TODAY()-365)),'Game History'!G:G,"WFTDA",'Game History'!H:H,"Reg",'Game History'!I:I,Instructions!A78)+COUNTIFS('Game History'!A:A,(">"&(TODAY()-365)),'Game History'!G:G,"WFTDA",'Game History'!H:H,"Reg",'Game History'!J:J,Instructions!A78) -> 0 | E22: =SUM(B22+C22+D22) -> 0 | F22: =COUNTIFS('Game History'!A:A,(">"&(TODAY()-365)),'Game History'!G:G,"WFTDA",'Game History'!I:I,A22,'Game History'!K:K,"Y")+COUNTIFS('Game History'!A:A,(">"&(TODAY()-365)),'Game History'!G:G,"WFTDA",'Game History'!J:J,A22,'Game History'!K:K,"Y") -> 0 | H22: PW | I22: =COUNTIFS('Game History'!A:A,(">"&(TODAY()-548)),'Game History'!G:G,"WFTDA",'Game History'!H:H,"Champs",'Game History'!I:I,Instructions!A78)+COUNTIFS('Game History'!A:A,(">"&(TODAY()-548)),'Game History'!G:G,"WFTDA",'Game History'!H:H,"Playoff",'Game History'!I:I,Instructions!A78)+COUNTIFS('Game History'!A:A,(">"&(TODAY()-548)),'Game History'!G:G,"WFTDA",'Game History'!H:H,"Champs",'Game History'!J:J,Instructions!A78)+COUNTIFS('Game History'!A:A,(">"&(TODAY()-548)),'Game History'!G:G,"WFTDA",'Game History'!H:H,"Playoff",'Game History'!J:J,Instructions!A78) -> 0 | J22: =COUNTIFS('Game History'!A:A,(">"&(TODAY()-548)),'Game History'!G:G,"WFTDA",'Game History'!H:H,"Sanc",'Game History'!I:I,Instructions!A78)+COUNTIFS('Game History'!A:A,(">"&(TODAY()-548)),'Game History'!G:G,"WFTDA",'Game History'!H:H,"Sanc",'Game History'!J:J,Instructions!A78) -> 0 | K22: =COUNTIFS('Game History'!A:A,(">"&(TODAY()-548)),'Game History'!G:G,"WFTDA",'Game History'!H:H,"Reg",'Game History'!I:I,Instructions!A78)+COUNTIFS('Game History'!A:A,(">"&(TODAY()-548)),'Game History'!G:G,"WFTDA",'Game History'!H:H,"Reg",'Game History'!J:J,Instructions!A78) -> 0 | L22: =SUM(I22+J22+K22) -> 0 | M22: =COUNTIFS('Game History'!A:A,(">"&(TODAY()-548)),'Game History'!G:G,"WFTDA",'Game History'!I:I,A22,'Game History'!K:K,"Y")+COUNTIFS('Game History'!A:A,(">"&(TODAY()-548)),'Game History'!G:G,"WFTDA",'Game History'!J:J,A22,'Game History'!K:K,"Y") -> 0
A23: IWB | B23: =COUNTIFS('Game History'!A:A,(">"&(TODAY()-365)),'Game History'!G:G,"WFTDA",'Game History'!H:H,"Champs",'Game History'!I:I,Instructions!A79)+COUNTIFS('Game History'!A:A,(">"&(TODAY()-365)),'Game History'!G:G,"WFTDA",'Game History'!H:H,"Playoff",'Game History'!I:I,Instructions!A79)+COUNTIFS('Game History'!A:A,(">"&(TODAY()-365)),'Game History'!G:G,"WFTDA",'Game History'!H:H,"Champs",'Game History'!J:J,Instructions!A79)+COUNTIFS('Game History'!A:A,(">"&(TODAY()-365)),'Game History'!G:G,"WFTDA",'Game History'!H:H,"Playoff",'Game History'!J:J,Instructions!A79) -> 0 | C23: =COUNTIFS('Game History'!A:A,(">"&(TODAY()-365)),'Game History'!G:G,"WFTDA",'Game History'!H:H,"Sanc",'Game History'!I:I,Instructions!A79)+COUNTIFS('Game History'!A:A,(">"&(TODAY()-365)),'Game History'!G:G,"WFTDA",'Game History'!H:H,"Sanc",'Game History'!J:J,Instructions!A79) -> 0 | D23: =COUNTIFS('Game History'!A:A,(">"&(TODAY()-365)),'Game History'!G:G,"WFTDA",'Game History'!H:H,"Reg",'Game History'!I:I,Instructions!A79)+COUNTIFS('Game History'!A:A,(">"&(TODAY()-365)),'Game History'!G:G,"WFTDA",'Game History'!H:H,"Reg",'Game History'!J:J,Instructions!A79) -> 0 | E23: =SUM(B23+C23+D23) -> 0 | F23: =COUNTIFS('Game History'!A:A,(">"&(TODAY()-365)),'Game History'!G:G,"WFTDA",'Game History'!I:I,A23,'Game History'!K:K,"Y")+COUNTIFS('Game History'!A:A,(">"&(TODAY()-365)),'Game History'!G:G,"WFTDA",'Game History'!J:J,A23,'Game History'!K:K,"Y") -> 0 | H23: IWB | I23: =COUNTIFS('Game History'!A:A,(">"&(TODAY()-548)),'Game History'!G:G,"WFTDA",'Game History'!H:H,"Champs",'Game History'!I:I,Instructions!A79)+COUNTIFS('Game History'!A:A,(">"&(TODAY()-548)),'Game History'!G:G,"WFTDA",'Game History'!H:H,"Playoff",'Game History'!I:I,Instructions!A79)+COUNTIFS('Game History'!A:A,(">"&(TODAY()-548)),'Game History'!G:G,"WFTDA",'Game History'!H:H,"Champs",'Game History'!J:J,Instructions!A79)+COUNTIFS('Game History'!A:A,(">"&(TODAY()-548)),'Game History'!G:G,"WFTDA",'Game History'!H:H,"Playoff",'Game History'!J:J,Instructions!A79) -> 0 | J23: =COUNTIFS('Game History'!A:A,(">"&(TODAY()-548)),'Game History'!G:G,"WFTDA",'Game History'!H:H,"Sanc",'Game History'!I:I,Instructions!A79)+COUNTIFS('Game History'!A:A,(">"&(TODAY()-548)),'Game History'!G:G,"WFTDA",'Game History'!H:H,"Sanc",'Game History'!J:J,Instructions!A79) -> 0 | K23: =COUNTIFS('Game History'!A:A,(">"&(TODAY()-548)),'Game History'!G:G,"WFTDA",'Game History'!H:H,"Reg",'Game History'!I:I,Instructions!A79)+COUNTIFS('Game History'!A:A,(">"&(TODAY()-548)),'Game History'!G:G,"WFTDA",'Game History'!H:H,"Reg",'Game History'!J:J,Instructions!A79) -> 0 | L23: =SUM(I23+J23+K23) -> 0 | M23: =COUNTIFS('Game History'!A:A,(">"&(TODAY()-548)),'Game History'!G:G,"WFTDA",'Game History'!I:I,A23,'Game History'!K:K,"Y")+COUNTIFS('Game History'!A:A,(">"&(TODAY()-548)),'Game History'!G:G,"WFTDA",'Game History'!J:J,A23,'Game History'!K:K,"Y") -> 0
A24: OWB | B24: =COUNTIFS('Game History'!A:A,(">"&(TODAY()-365)),'Game History'!G:G,"WFTDA",'Game History'!H:H,"Champs",'Game History'!I:I,Instructions!A80)+COUNTIFS('Game History'!A:A,(">"&(TODAY()-365)),'Game History'!G:G,"WFTDA",'Game History'!H:H,"Playoff",'Game History'!I:I,Instructions!A80)+COUNTIFS('Game History'!A:A,(">"&(TODAY()-365)),'Game History'!G:G,"WFTDA",'Game History'!H:H,"Champs",'Game History'!J:J,Instructions!A80)+COUNTIFS('Game History'!A:A,(">"&(TODAY()-365)),'Game History'!G:G,"WFTDA",'Game History'!H:H,"Playoff",'Game History'!J:J,Instructions!A80) -> 0 | C24: =COUNTIFS('Game History'!A:A,(">"&(TODAY()-365)),'Game History'!G:G,"WFTDA",'Game History'!H:H,"Sanc",'Game History'!I:I,Instructions!A80)+COUNTIFS('Game History'!A:A,(">"&(TODAY()-365)),'Game History'!G:G,"WFTDA",'Game History'!H:H,"Sanc",'Game History'!J:J,Instructions!A80) -> 0 | D24: =COUNTIFS('Game History'!A:A,(">"&(TODAY()-365)),'Game History'!G:G,"WFTDA",'Game History'!H:H,"Reg",'Game History'!I:I,Instructions!A80)+COUNTIFS('Game History'!A:A,(">"&(TODAY()-365)),'Game History'!G:G,"WFTDA",'Game History'!H:H,"Reg",'Game History'!J:J,Instructions!A80) -> 0 | E24: =SUM(B24+C24+D24) -> 0 | F24: =COUNTIFS('Game History'!A:A,(">"&(TODAY()-365)),'Game History'!G:G,"WFTDA",'Game History'!I:I,A24,'Game History'!K:K,"Y")+COUNTIFS('Game History'!A:A,(">"&(TODAY()-365)),'Game History'!G:G,"WFTDA",'Game History'!J:J,A24,'Game History'!K:K,"Y") -> 0 | H24: OWB | I24: =COUNTIFS('Game History'!A:A,(">"&(TODAY()-548)),'Game History'!G:G,"WFTDA",'Game History'!H:H,"Champs",'Game History'!I:I,Instructions!A80)+COUNTIFS('Game History'!A:A,(">"&(TODAY()-548)),'Game History'!G:G,"WFTDA",'Game History'!H:H,"Playoff",'Game History'!I:I,Instructions!A80)+COUNTIFS('Game History'!A:A,(">"&(TODAY()-548)),'Game History'!G:G,"WFTDA",'Game History'!H:H,"Champs",'Game History'!J:J,Instructions!A80)+COUNTIFS('Game History'!A:A,(">"&(TODAY()-548)),'Game History'!G:G,"WFTDA",'Game History'!H:H,"Playoff",'Game History'!J:J,Instructions!A80) -> 0 | J24: =COUNTIFS('Game History'!A:A,(">"&(TODAY()-548)),'Game History'!G:G,"WFTDA",'Game History'!H:H,"Sanc",'Game History'!I:I,Instructions!A80)+COUNTIFS('Game History'!A:A,(">"&(TODAY()-548)),'Game History'!G:G,"WFTDA",'Game History'!H:H,"Sanc",'Game History'!J:J,Instructions!A80) -> 0 | K24: =COUNTIFS('Game History'!A:A,(">"&(TODAY()-548)),'Game History'!G:G,"WFTDA",'Game History'!H:H,"Reg",'Game History'!I:I,Instructions!A80)+COUNTIFS('Game History'!A:A,(">"&(TODAY()-548)),'Game History'!G:G,"WFTDA",'Game History'!H:H,"Reg",'Game History'!J:J,Instructions!A80) -> 0 | L24: =SUM(I24+J24+K24) -> 0 | M24: =COUNTIFS('Game History'!A:A,(">"&(TODAY()-548)),'Game History'!G:G,"WFTDA",'Game History'!I:I,A24,'Game History'!K:K,"Y")+COUNTIFS('Game History'!A:A,(">"&(TODAY()-548)),'Game History'!G:G,"WFTDA",'Game History'!J:J,A24,'Game History'!K:K,"Y") -> 0
A25: JT | B25: =COUNTIFS('Game History'!A:A,(">"&(TODAY()-365)),'Game History'!G:G,"WFTDA",'Game History'!H:H,"Champs",'Game History'!I:I,Instructions!A81)+COUNTIFS('Game History'!A:A,(">"&(TODAY()-365)),'Game History'!G:G,"WFTDA",'Game History'!H:H,"Playoff",'Game History'!I:I,Instructions!A81)+COUNTIFS('Game History'!A:A,(">"&(TODAY()-365)),'Game History'!G:G,"WFTDA",'Game History'!H:H,"Champs",'Game History'!J:J,Instructions!A81)+COUNTIFS('Game History'!A:A,(">"&(TODAY()-365)),'Game History'!G:G,"WFTDA",'Game History'!H:H,"Playoff",'Game History'!J:J,Instructions!A81) -> 0 | C25: =COUNTIFS('Game History'!A:A,(">"&(TODAY()-365)),'Game History'!G:G,"WFTDA",'Game History'!H:H,"Sanc",'Game History'!I:I,Instructions!A81)+COUNTIFS('Game History'!A:A,(">"&(TODAY()-365)),'Game History'!G:G,"WFTDA",'Game History'!H:H,"Sanc",'Game History'!J:J,Instructions!A81) -> 0 | D25: =COUNTIFS('Game History'!A:A,(">"&(TODAY()-365)),'Game History'!G:G,"WFTDA",'Game History'!H:H,"Reg",'Game History'!I:I,Instructions!A81)+COUNTIFS('Game History'!A:A,(">"&(TODAY()-365)),'Game History'!G:G,"WFTDA",'Game History'!H:H,"Reg",'Game History'!J:J,Instructions!A81) -> 0 | E25: =SUM(B25+C25+D25) -> 0 | F25: =COUNTIFS('Game History'!A:A,(">"&(TODAY()-365)),'Game History'!G:G,"WFTDA",'Game History'!I:I,A25,'Game History'!K:K,"Y")+COUNTIFS('Game History'!A:A,(">"&(TODAY()-365)),'Game History'!G:G,"WFTDA",'Game History'!J:J,A25,'Game History'!K:K,"Y") -> 0 | H25: JT | I25: =COUNTIFS('Game History'!A:A,(">"&(TODAY()-548)),'Game History'!G:G,"WFTDA",'Game History'!H:H,"Champs",'Game History'!I:I,Instructions!A81)+COUNTIFS('Game History'!A:A,(">"&(TODAY()-548)),'Game History'!G:G,"WFTDA",'Game History'!H:H,"Playoff",'Game History'!I:I,Instructions!A81)+COUNTIFS('Game History'!A:A,(">"&(TODAY()-548)),'Game History'!G:G,"WFTDA",'Game History'!H:H,"Champs",'Game History'!J:J,Instructions!A81)+COUNTIFS('Game History'!A:A,(">"&(TODAY()-548)),'Game History'!G:G,"WFTDA",'Game History'!H:H,"Playoff",'Game History'!J:J,Instructions!A81) -> 0 | J25: =COUNTIFS('Game History'!A:A,(">"&(TODAY()-548)),'Game History'!G:G,"WFTDA",'Game History'!H:H,"Sanc",'Game History'!I:I,Instructions!A81)+COUNTIFS('Game History'!A:A,(">"&(TODAY()-548)),'Game History'!G:G,"WFTDA",'Game History'!H:H,"Sanc",'Game History'!J:J,Instructions!A81) -> 0 | K25: =COUNTIFS('Game History'!A:A,(">"&(TODAY()-548)),'Game History'!G:G,"WFTDA",'Game History'!H:H,"Reg",'Game History'!I:I,Instructions!A81)+COUNTIFS('Game History'!A:A,(">"&(TODAY()-548)),'Game History'!G:G,"WFTDA",'Game History'!H:H,"Reg",'Game History'!J:J,Instructions!A81) -> 0 | L25: =SUM(I25+J25+K25) -> 0 | M25: =COUNTIFS('Game History'!A:A,(">"&(TODAY()-548)),'Game History'!G:G,"WFTDA",'Game History'!I:I,A25,'Game History'!K:K,"Y")+COUNTIFS('Game History'!A:A,(">"&(TODAY()-548)),'Game History'!G:G,"WFTDA",'Game History'!J:J,A25,'Game History'!K:K,"Y") -> 0
A26: SK | B26: =COUNTIFS('Game History'!A:A,(">"&(TODAY()-365)),'Game History'!G:G,"WFTDA",'Game History'!H:H,"Champs",'Game History'!I:I,Instructions!A82)+COUNTIFS('Game History'!A:A,(">"&(TODAY()-365)),'Game History'!G:G,"WFTDA",'Game History'!H:H,"Playoff",'Game History'!I:I,Instructions!A82)+COUNTIFS('Game History'!A:A,(">"&(TODAY()-365)),'Game History'!G:G,"WFTDA",'Game History'!H:H,"Champs",'Game History'!J:J,Instructions!A82)+COUNTIFS('Game History'!A:A,(">"&(TODAY()-365)),'Game History'!G:G,"WFTDA",'Game History'!H:H,"Playoff",'Game History'!J:J,Instructions!A82) -> 0 | C26: =COUNTIFS('Game History'!A:A,(">"&(TODAY()-365)),'Game History'!G:G,"WFTDA",'Game History'!H:H,"Sanc",'Game History'!I:I,Instructions!A82)+COUNTIFS('Game History'!A:A,(">"&(TODAY()-365)),'Game History'!G:G,"WFTDA",'Game History'!H:H,"Sanc",'Game History'!J:J,Instructions!A82) -> 1 | D26: =COUNTIFS('Game History'!A:A,(">"&(TODAY()-365)),'Game History'!G:G,"WFTDA",'Game History'!H:H,"Reg",'Game History'!I:I,Instructions!A82)+COUNTIFS('Game History'!A:A,(">"&(TODAY()-365)),'Game History'!G:G,"WFTDA",'Game History'!H:H,"Reg",'Game History'!J:J,Instructions!A82) -> 1 | E26: =SUM(B26+C26+D26) -> 2 | F26: =COUNTIFS('Game History'!A:A,(">"&(TODAY()-365)),'Game History'!G:G,"WFTDA",'Game History'!I:I,A26,'Game History'!K:K,"Y")+COUNTIFS('Game History'!A:A,(">"&(TODAY()-365)),'Game History'!G:G,"WFTDA",'Game History'!J:J,A26,'Game History'!K:K,"Y") -> 0 | H26: SK | I26: =COUNTIFS('Game History'!A:A,(">"&(TODAY()-548)),'Game History'!G:G,"WFTDA",'Game History'!H:H,"Champs",'Game History'!I:I,Instructions!A82)+COUNTIFS('Game History'!A:A,(">"&(TODAY()-548)),'Game History'!G:G,"WFTDA",'Game History'!H:H,"Playoff",'Game History'!I:I,Instructions!A82)+COUNTIFS('Game History'!A:A,(">"&(TODAY()-548)),'Game History'!G:G,"WFTDA",'Game History'!H:H,"Champs",'Game History'!J:J,Instructions!A82)+COUNTIFS('Game History'!A:A,(">"&(TODAY()-548)),'Game History'!G:G,"WFTDA",'Game History'!H:H,"Playoff",'Game History'!J:J,Instructions!A82) -> 0 | J26: =COUNTIFS('Game History'!A:A,(">"&(TODAY()-548)),'Game History'!G:G,"WFTDA",'Game History'!H:H,"Sanc",'Game History'!I:I,Instructions!A82)+COUNTIFS('Game History'!A:A,(">"&(TODAY()-548)),'Game History'!G:G,"WFTDA",'Game History'!H:H,"Sanc",'Game History'!J:J,Instructions!A82) -> 1 | K26: =COUNTIFS('Game History'!A:A,(">"&(TODAY()-548)),'Game History'!G:G,"WFTDA",'Game History'!H:H,"Reg",'Game History'!I:I,Instructions!A82)+COUNTIFS('Game History'!A:A,(">"&(TODAY()-548)),'Game History'!G:G,"WFTDA",'Game History'!H:H,"Reg",'Game History'!J:J,Instructions!A82) -> 1 | L26: =SUM(I26+J26+K26) -> 2 | M26: =COUNTIFS('Game History'!A:A,(">"&(TODAY()-548)),'Game History'!G:G,"WFTDA",'Game History'!I:I,A26,'Game History'!K:K,"Y")+COUNTIFS('Game History'!A:A,(">"&(TODAY()-548)),'Game History'!G:G,"WFTDA",'Game History'!J:J,A26,'Game History'!K:K,"Y") -> 0
A27: SO | B27: =COUNTIFS('Game History'!A:A,(">"&(TODAY()-365)),'Game History'!G:G,"WFTDA",'Game History'!H:H,"Champs",'Game History'!I:I,Instructions!A83)+COUNTIFS('Game History'!A:A,(">"&(TODAY()-365)),'Game History'!G:G,"WFTDA",'Game History'!H:H,"Playoff",'Game History'!I:I,Instructions!A83)+COUNTIFS('Game History'!A:A,(">"&(TODAY()-365)),'Game History'!G:G,"WFTDA",'Game History'!H:H,"Champs",'Game History'!J:J,Instructions!A83)+COUNTIFS('Game History'!A:A,(">"&(TODAY()-365)),'Game History'!G:G,"WFTDA",'Game History'!H:H,"Playoff",'Game History'!J:J,Instructions!A83) -> 0 | C27: =COUNTIFS('Game History'!A:A,(">"&(TODAY()-365)),'Game History'!G:G,"WFTDA",'Game History'!H:H,"Sanc",'Game History'!I:I,Instructions!A83)+COUNTIFS('Game History'!A:A,(">"&(TODAY()-365)),'Game History'!G:G,"WFTDA",'Game History'!H:H,"Sanc",'Game History'!J:J,Instructions!A83) -> 0 | D27: =COUNTIFS('Game History'!A:A,(">"&(TODAY()-365)),'Game History'!G:G,"WFTDA",'Game History'!H:H,"Reg",'Game History'!I:I,Instructions!A83)+COUNTIFS('Game History'!A:A,(">"&(TODAY()-365)),'Game History'!G:G,"WFTDA",'Game History'!H:H,"Reg",'Game History'!J:J,Instructions!A83) -> 0 | E27: =SUM(B27+C27+D27) -> 0 | F27: =COUNTIFS('Game History'!A:A,(">"&(TODAY()-365)),'Game History'!G:G,"WFTDA",'Game History'!I:I,A27,'Game History'!K:K,"Y")+COUNTIFS('Game History'!A:A,(">"&(TODAY()-365)),'Game History'!G:G,"WFTDA",'Game History'!J:J,A27,'Game History'!K:K,"Y") -> 0 | H27: SO | I27: =COUNTIFS('Game History'!A:A,(">"&(TODAY()-548)),'Game History'!G:G,"WFTDA",'Game History'!H:H,"Champs",'Game History'!I:I,Instructions!A83)+COUNTIFS('Game History'!A:A,(">"&(TODAY()-548)),'Game History'!G:G,"WFTDA",'Game History'!H:H,"Playoff",'Game History'!I:I,Instructions!A83)+COUNTIFS('Game History'!A:A,(">"&(TODAY()-548)),'Game History'!G:G,"WFTDA",'Game History'!H:H,"Champs",'Game History'!J:J,Instructions!A83)+COUNTIFS('Game History'!A:A,(">"&(TODAY()-548)),'Game History'!G:G,"WFTDA",'Game History'!H:H,"Playoff",'Game History'!J:J,Instructions!A83) -> 0 | J27: =COUNTIFS('Game History'!A:A,(">"&(TODAY()-548)),'Game History'!G:G,"WFTDA",'Game History'!H:H,"Sanc",'Game History'!I:I,Instructions!A83)+COUNTIFS('Game History'!A:A,(">"&(TODAY()-548)),'Game History'!G:G,"WFTDA",'Game History'!H:H,"Sanc",'Game History'!J:J,Instructions!A83) -> 0 | K27: =COUNTIFS('Game History'!A:A,(">"&(TODAY()-548)),'Game History'!G:G,"WFTDA",'Game History'!H:H,"Reg",'Game History'!I:I,Instructions!A83)+COUNTIFS('Game History'!A:A,(">"&(TODAY()-548)),'Game History'!G:G,"WFTDA",'Game History'!H:H,"Reg",'Game History'!J:J,Instructions!A83) -> 0 | L27: =SUM(I27+J27+K27) -> 0 | M27: =COUNTIFS('Game History'!A:A,(">"&(TODAY()-548)),'Game History'!G:G,"WFTDA",'Game History'!I:I,A27,'Game History'!K:K,"Y")+COUNTIFS('Game History'!A:A,(">"&(TODAY()-548)),'Game History'!G:G,"WFTDA",'Game History'!J:J,A27,'Game History'!K:K,"Y") -> 0
A28: PBM | B28: =COUNTIFS('Game History'!A:A,(">"&(TODAY()-365)),'Game History'!G:G,"WFTDA",'Game History'!H:H,"Champs",'Game History'!I:I,Instructions!A84)+COUNTIFS('Game History'!A:A,(">"&(TODAY()-365)),'Game History'!G:G,"WFTDA",'Game History'!H:H,"Playoff",'Game History'!I:I,Instructions!A84)+COUNTIFS('Game History'!A:A,(">"&(TODAY()-365)),'Game History'!G:G,"WFTDA",'Game History'!H:H,"Champs",'Game History'!J:J,Instructions!A84)+COUNTIFS('Game History'!A:A,(">"&(TODAY()-365)),'Game History'!G:G,"WFTDA",'Game History'!H:H,"Playoff",'Game History'!J:J,Instructions!A84) -> 0 | C28: =COUNTIFS('Game History'!A:A,(">"&(TODAY()-365)),'Game History'!G:G,"WFTDA",'Game History'!H:H,"Sanc",'Game History'!I:I,Instructions!A84)+COUNTIFS('Game History'!A:A,(">"&(TODAY()-365)),'Game History'!G:G,"WFTDA",'Game History'!H:H,"Sanc",'Game History'!J:J,Instructions!A84) -> 0 | D28: =COUNTIFS('Game History'!A:A,(">"&(TODAY()-365)),'Game History'!G:G,"WFTDA",'Game History'!H:H,"Reg",'Game History'!I:I,Instructions!A84)+COUNTIFS('Game History'!A:A,(">"&(TODAY()-365)),'Game History'!G:G,"WFTDA",'Game History'!H:H,"Reg",'Game History'!J:J,Instructions!A84) -> 1 | E28: =SUM(B28+C28+D28) -> 1 | F28: =COUNTIFS('Game History'!A:A,(">"&(TODAY()-365)),'Game History'!G:G,"WFTDA",'Game History'!I:I,A28,'Game History'!K:K,"Y")+COUNTIFS('Game History'!A:A,(">"&(TODAY()-365)),'Game History'!G:G,"WFTDA",'Game History'!J:J,A28,'Game History'!K:K,"Y") -> 0 | H28: PBM | I28: =COUNTIFS('Game History'!A:A,(">"&(TODAY()-548)),'Game History'!G:G,"WFTDA",'Game History'!H:H,"Champs",'Game History'!I:I,Instructions!A84)+COUNTIFS('Game History'!A:A,(">"&(TODAY()-548)),'Game History'!G:G,"WFTDA",'Game History'!H:H,"Playoff",'Game History'!I:I,Instructions!A84)+COUNTIFS('Game History'!A:A,(">"&(TODAY()-548)),'Game History'!G:G,"WFTDA",'Game History'!H:H,"Champs",'Game History'!J:J,Instructions!A84)+COUNTIFS('Game History'!A:A,(">"&(TODAY()-548)),'Game History'!G:G,"WFTDA",'Game History'!H:H,"Playoff",'Game History'!J:J,Instructions!A84) -> 0 | J28: =COUNTIFS('Game History'!A:A,(">"&(TODAY()-548)),'Game History'!G:G,"WFTDA",'Game History'!H:H,"Sanc",'Game History'!I:I,Instructions!A84)+COUNTIFS('Game History'!A:A,(">"&(TODAY()-548)),'Game History'!G:G,"WFTDA",'Game History'!H:H,"Sanc",'Game History'!J:J,Instructions!A84) -> 0 | K28: =COUNTIFS('Game History'!A:A,(">"&(TODAY()-548)),'Game History'!G:G,"WFTDA",'Game History'!H:H,"Reg",'Game History'!I:I,Instructions!A84)+COUNTIFS('Game History'!A:A,(">"&(TODAY()-548)),'Game History'!G:G,"WFTDA",'Game History'!H:H,"Reg",'Game History'!J:J,Instructions!A84) -> 1 | L28: =SUM(I28+J28+K28) -> 1 | M28: =COUNTIFS('Game History'!A:A,(">"&(TODAY()-548)),'Game History'!G:G,"WFTDA",'Game History'!I:I,A28,'Game History'!K:K,"Y")+COUNTIFS('Game History'!A:A,(">"&(TODAY()-548)),'Game History'!G:G,"WFTDA",'Game History'!J:J,A28,'Game History'!K:K,"Y") -> 0
A29: PBT | B29: =COUNTIFS('Game History'!A:A,(">"&(TODAY()-365)),'Game History'!G:G,"WFTDA",'Game History'!H:H,"Champs",'Game History'!I:I,Instructions!A85)+COUNTIFS('Game History'!A:A,(">"&(TODAY()-365)),'Game History'!G:G,"WFTDA",'Game History'!H:H,"Playoff",'Game History'!I:I,Instructions!A85)+COUNTIFS('Game History'!A:A,(">"&(TODAY()-365)),'Game History'!G:G,"WFTDA",'Game History'!H:H,"Champs",'Game History'!J:J,Instructions!A85)+COUNTIFS('Game History'!A:A,(">"&(TODAY()-365)),'Game History'!G:G,"WFTDA",'Game History'!H:H,"Playoff",'Game History'!J:J,Instructions!A85) -> 0 | C29: =COUNTIFS('Game History'!A:A,(">"&(TODAY()-365)),'Game History'!G:G,"WFTDA",'Game History'!H:H,"Sanc",'Game History'!I:I,Instructions!A85)+COUNTIFS('Game History'!A:A,(">"&(TODAY()-365)),'Game History'!G:G,"WFTDA",'Game History'!H:H,"Sanc",'Game History'!J:J,Instructions!A85) -> 0 | D29: =COUNTIFS('Game History'!A:A,(">"&(TODAY()-365)),'Game History'!G:G,"WFTDA",'Game History'!H:H,"Reg",'Game History'!I:I,Instructions!A85)+COUNTIFS('Game History'!A:A,(">"&(TODAY()-365)),'Game History'!G:G,"WFTDA",'Game History'!H:H,"Reg",'Game History'!J:J,Instructions!A85) -> 0 | E29: =SUM(B29+C29+D29) -> 0 | F29: =COUNTIFS('Game History'!A:A,(">"&(TODAY()-365)),'Game History'!G:G,"WFTDA",'Game History'!I:I,A29,'Game History'!K:K,"Y")+COUNTIFS('Game History'!A:A,(">"&(TODAY()-365)),'Game History'!G:G,"WFTDA",'Game History'!J:J,A29,'Game History'!K:K,"Y") -> 0 | H29: PBT | I29: =COUNTIFS('Game History'!A:A,(">"&(TODAY()-548)),'Game History'!G:G,"WFTDA",'Game History'!H:H,"Champs",'Game History'!I:I,Instructions!A85)+COUNTIFS('Game History'!A:A,(">"&(TODAY()-548)),'Game History'!G:G,"WFTDA",'Game History'!H:H,"Playoff",'Game History'!I:I,Instructions!A85)+COUNTIFS('Game History'!A:A,(">"&(TODAY()-548)),'Game History'!G:G,"WFTDA",'Game History'!H:H,"Champs",'Game History'!J:J,Instructions!A85)+COUNTIFS('Game History'!A:A,(">"&(TODAY()-548)),'Game History'!G:G,"WFTDA",'Game History'!H:H,"Playoff",'Game History'!J:J,Instructions!A85) -> 0 | J29: =COUNTIFS('Game History'!A:A,(">"&(TODAY()-548)),'Game History'!G:G,"WFTDA",'Game History'!H:H,"Sanc",'Game History'!I:I,Instructions!A85)+COUNTIFS('Game History'!A:A,(">"&(TODAY()-548)),'Game History'!G:G,"WFTDA",'Game History'!H:H,"Sanc",'Game History'!J:J,Instructions!A85) -> 0 | K29: =COUNTIFS('Game History'!A:A,(">"&(TODAY()-548)),'Game History'!G:G,"WFTDA",'Game History'!H:H,"Reg",'Game History'!I:I,Instructions!A85)+COUNTIFS('Game History'!A:A,(">"&(TODAY()-548)),'Game History'!G:G,"WFTDA",'Game History'!H:H,"Reg",'Game History'!J:J,Instructions!A85) -> 0 | L29: =SUM(I29+J29+K29) -> 0 | M29: =COUNTIFS('Game History'!A:A,(">"&(TODAY()-548)),'Game History'!G:G,"WFTDA",'Game History'!I:I,A29,'Game History'!K:K,"Y")+COUNTIFS('Game History'!A:A,(">"&(TODAY()-548)),'Game History'!G:G,"WFTDA",'Game History'!J:J,A29,'Game History'!K:K,"Y") -> 0
A30: LT | B30: =COUNTIFS('Game History'!A:A,(">"&(TODAY()-365)),'Game History'!G:G,"WFTDA",'Game History'!H:H,"Champs",'Game History'!I:I,Instructions!A86)+COUNTIFS('Game History'!A:A,(">"&(TODAY()-365)),'Game History'!G:G,"WFTDA",'Game History'!H:H,"Playoff",'Game History'!I:I,Instructions!A86)+COUNTIFS('Game History'!A:A,(">"&(TODAY()-365)),'Game History'!G:G,"WFTDA",'Game History'!H:H,"Champs",'Game History'!J:J,Instructions!A86)+COUNTIFS('Game History'!A:A,(">"&(TODAY()-365)),'Game History'!G:G,"WFTDA",'Game History'!H:H,"Playoff",'Game History'!J:J,Instructions!A86) -> 0 | C30: =COUNTIFS('Game History'!A:A,(">"&(TODAY()-365)),'Game History'!G:G,"WFTDA",'Game History'!H:H,"Sanc",'Game History'!I:I,Instructions!A86)+COUNTIFS('Game History'!A:A,(">"&(TODAY()-365)),'Game History'!G:G,"WFTDA",'Game History'!H:H,"Sanc",'Game History'!J:J,Instructions!A86) -> 0 | D30: =COUNTIFS('Game History'!A:A,(">"&(TODAY()-365)),'Game History'!G:G,"WFTDA",'Game History'!H:H,"Reg",'Game History'!I:I,Instructions!A86)+COUNTIFS('Game History'!A:A,(">"&(TODAY()-365)),'Game History'!G:G,"WFTDA",'Game History'!H:H,"Reg",'Game History'!J:J,Instructions!A86) -> 0 | E30: =SUM(B30+C30+D30) -> 0 | F30: =COUNTIFS('Game History'!A:A,(">"&(TODAY()-365)),'Game History'!G:G,"WFTDA",'Game History'!I:I,A30,'Game History'!K:K,"Y")+COUNTIFS('Game History'!A:A,(">"&(TODAY()-365)),'Game History'!G:G,"WFTDA",'Game History'!J:J,A30,'Game History'!K:K,"Y") -> 0 | H30: LT | I30: =COUNTIFS('Game History'!A:A,(">"&(TODAY()-548)),'Game History'!G:G,"WFTDA",'Game History'!H:H,"Champs",'Game History'!I:I,Instructions!A86)+COUNTIFS('Game History'!A:A,(">"&(TODAY()-548)),'Game History'!G:G,"WFTDA",'Game History'!H:H,"Playoff",'Game History'!I:I,Instructions!A86)+COUNTIFS('Game History'!A:A,(">"&(TODAY()-548)),'Game History'!G:G,"WFTDA",'Game History'!H:H,"Champs",'Game History'!J:J,Instructions!A86)+COUNTIFS('Game History'!A:A,(">"&(TODAY()-548)),'Game History'!G:G,"WFTDA",'Game History'!H:H,"Playoff",'Game History'!J:J,Instructions!A86) -> 0 | J30: =COUNTIFS('Game History'!A:A,(">"&(TODAY()-548)),'Game History'!G:G,"WFTDA",'Game History'!H:H,"Sanc",'Game History'!I:I,Instructions!A86)+COUNTIFS('Game History'!A:A,(">"&(TODAY()-548)),'Game History'!G:G,"WFTDA",'Game History'!H:H,"Sanc",'Game History'!J:J,Instructions!A86) -> 0 | K30: =COUNTIFS('Game History'!A:A,(">"&(TODAY()-548)),'Game History'!G:G,"WFTDA",'Game History'!H:H,"Reg",'Game History'!I:I,Instructions!A86)+COUNTIFS('Game History'!A:A,(">"&(TODAY()-548)),'Game History'!G:G,"WFTDA",'Game History'!H:H,"Reg",'Game History'!J:J,Instructions!A86) -> 0 | L30: =SUM(I30+J30+K30) -> 0 | M30: =COUNTIFS('Game History'!A:A,(">"&(TODAY()-548)),'Game History'!G:G,"WFTDA",'Game History'!I:I,A30,'Game History'!K:K,"Y")+COUNTIFS('Game History'!A:A,(">"&(TODAY()-548)),'Game History'!G:G,"WFTDA",'Game History'!J:J,A30,'Game History'!K:K,"Y") -> 0
A31: ALT | B31: =COUNTIFS('Game History'!A:A,(">"&(TODAY()-365)),'Game History'!G:G,"WFTDA",'Game History'!H:H,"Champs",'Game History'!I:I,Instructions!A88)+COUNTIFS('Game History'!A:A,(">"&(TODAY()-365)),'Game History'!G:G,"WFTDA",'Game History'!H:H,"Playoff",'Game History'!I:I,Instructions!A88) -> 0 | C31: =COUNTIFS('Game History'!A:A,(">"&(TODAY()-365)),'Game History'!G:G,"WFTDA",'Game History'!H:H,"Sanc",'Game History'!I:I,Instructions!A88) -> 0 | D31: =COUNTIFS('Game History'!A:A,(">"&(TODAY()-365)),'Game History'!G:G,"WFTDA",'Game History'!H:H,"Reg",'Game History'!I:I,Instructions!A88) -> 0 | E31: =SUM(B31+C31+D31) -> 0 | H31: ALT | I31: =COUNTIFS('Game History'!A:A,(">"&(TODAY()-548)),'Game History'!G:G,"WFTDA",'Game History'!H:H,"Champs",'Game History'!I:I,Instructions!A88)+COUNTIFS('Game History'!A:A,(">"&(TODAY()-548)),'Game History'!G:G,"WFTDA",'Game History'!H:H,"Playoff",'Game History'!I:I,Instructions!A88) -> 0 | J31: =COUNTIFS('Game History'!A:A,(">"&(TODAY()-548)),'Game History'!G:G,"WFTDA",'Game History'!H:H,"Sanc",'Game History'!I:I,Instructions!A88) -> 0 | K31: =COUNTIFS('Game History'!A:A,(">"&(TODAY()-548)),'Game History'!G:G,"WFTDA",'Game History'!H:H,"Reg",'Game History'!I:I,Instructions!A88) -> 0 | L31: =SUM(I31+J31+K31) -> 0
A32: Total* | B32: =SUM(B18:B31) -> 0 | C32: =SUM(C18:C31) -> 1 | D32: =SUM(D18:D31) -> 2 | E32: =SUM(E18:E31) -> 3 | F32: =SUM(F21:F30) -> 0 | H32: Total* | I32: =SUM(I18:I31) -> 0 | J32: =SUM(J18:J31) -> 1 | K32: =SUM(K18:K31) -> 2 | L32: =SUM(L18:L31) -> 3 | M32: =SUM(M21:M30) -> 0
A34: Positional Family Totals (1 Year) | H34: Positional Family Totals (18 MONTHS)
A35: HNSO | D35: =SUM(E18:E20) -> 0 | H35: HNSO | K35: =SUM(L18:L20) -> 0
A36: Penalty Tracking | D36: =SUM(E21:E24) -> 0 | H36: Penalty Tracking | K36: =SUM(L21:L24) -> 0
A37: Scoring and Timing | D37: =SUM(E25:E27) -> 2 | H37: Scoring and Timing | K37: =SUM(L25:L27) -> 2
A38: Penalty Management | D38: =SUM(E28:E30) -> 1 | H38: Penalty Management | K38: =SUM(L28:L30) -> 1
A41: MRDA Referee
A43: 1 YEAR | B43: Playoff | C43: Sanc | D43: Reg | E43: Total | H43: 2 YEARS | I43: Playoff | J43: Sanc | K43: Reg | L43: Total
A44: THR | B44: =COUNTIFS('Game History'!A:A,(">"&(TODAY()-365)),'Game History'!G:G,"MRDA",'Game History'!H:H,"Champs",'Game History'!I:I,Instructions!A68)+COUNTIFS('Game History'!A:A,(">"&(TODAY()-365)),'Game History'!G:G,"MRDA",'Game History'!H:H,"Playoff",'Game History'!I:I,Instructions!A68) -> 0 | C44: =COUNTIFS('Game History'!A:A,(">"&(TODAY()-365)),'Game History'!G:G,"MRDA",'Game History'!H:H,"Sanc",'Game History'!I:I,Instructions!A68) -> 0 | D44: =COUNTIFS('Game History'!A:A,(">"&(TODAY()-365)),'Game History'!G:G,"MRDA",'Game History'!H:H,"Reg",'Game History'!I:I,Instructions!A68) -> 0 | E44: =SUM(B44,C44,D44) -> 0 | H44: THR | I44: =COUNTIFS('Game History'!A:A,(">"&(TODAY()-548)),'Game History'!G:G,"MRDA",'Game History'!H:H,"Champs",'Game History'!I:I,Instructions!A68)+COUNTIFS('Game History'!A:A,(">"&(TODAY()-548)),'Game History'!G:G,"MRDA",'Game History'!H:H,"Playoff",'Game History'!I:I,Instructions!A68) -> 0 | J44: =COUNTIFS('Game History'!A:A,(">"&(TODAY()-548)),'Game History'!G:G,"MRDA",'Game History'!H:H,"Sanc",'Game History'!I:I,Instructions!A68) -> 0 | K44: =COUNTIFS('Game History'!A:A,(">"&(TODAY()-548)),'Game History'!G:G,"MRDA",'Game History'!H:H,"Reg",'Game History'!I:I,Instructions!A68) -> 0 | L44: =SUM(I44,J44,K44) -> 0
A45: CHR | B45: =COUNTIFS('Game History'!A:A,(">"&(TODAY()-365)),'Game History'!G:G,"MRDA",'Game History'!H:H,"Champs",'Game History'!I:I,Instructions!A69)+COUNTIFS('Game History'!A:A,(">"&(TODAY()-365)),'Game History'!G:G,"MRDA",'Game History'!H:H,"Playoff",'Game History'!I:I,Instructions!A69)+COUNTIFS('Game History'!A:A,(">"&(TODAY()-365)),'Game History'!G:G,"MRDA",'Game History'!H:H,"Champs",'Game History'!I:I,Instructions!A70)+COUNTIFS('Game History'!A:A,(">"&(TODAY()-365)),'Game History'!G:G,"MRDA",'Game History'!H:H,"Playoff",'Game History'!I:I,Instructions!A70) -> 0 | C45: =COUNTIFS('Game History'!A:A,(">"&(TODAY()-365)),'Game History'!G:G,"MRDA",'Game History'!H:H,"Sanc",'Game History'!I:I,Instructions!A69) -> 0 | D45: =COUNTIFS('Game History'!A:A,(">"&(TODAY()-365)),'Game History'!G:G,"MRDA",'Game History'!H:H,"Reg",'Game History'!I:I,Instructions!A69) -> 0 | E45: =SUM(B45,C45,D45) -> 0 | H45: CHR | I45: =COUNTIFS('Game History'!A:A,(">"&(TODAY()-548)),'Game History'!G:G,"MRDA",'Game History'!H:H,"Champs",'Game History'!I:I,Instructions!A69)+COUNTIFS('Game History'!A:A,(">"&(TODAY()-548)),'Game History'!G:G,"MRDA",'Game History'!H:H,"Playoff",'Game History'!I:I,Instructions!A69)+COUNTIFS('Game History'!A:A,(">"&(TODAY()-548)),'Game History'!G:G,"MRDA",'Game History'!H:H,"Champs",'Game History'!I:I,Instructions!A70)+COUNTIFS('Game History'!A:A,(">"&(TODAY()-548)),'Game History'!G:G,"MRDA",'Game History'!H:H,"Playoff",'Game History'!I:I,Instructions!A70) -> 0 | J45: =COUNTIFS('Game History'!A:A,(">"&(TODAY()-548)),'Game History'!G:G,"MRDA",'Game History'!H:H,"Sanc",'Game History'!I:I,Instructions!A69) -> 0 | K45: =COUNTIFS('Game History'!A:A,(">"&(TODAY()-548)),'Game History'!G:G,"MRDA",'Game History'!H:H,"Reg",'Game History'!I:I,Instructions!A69) -> 0 | L45: =SUM(I45,J45,K45) -> 0
A46: HR | B46: — | C46: =COUNTIFS('Game History'!A:A,(">"&(TODAY()-365)),'Game History'!G:G,"MRDA",'Game History'!H:H,"Sanc",'Game History'!I:I,Instructions!A70) -> 0 | D46: =COUNTIFS('Game History'!A:A,(">"&(TODAY()-365)),'Game History'!G:G,"MRDA",'Game History'!H:H,"Reg",'Game History'!I:I,Instructions!A70) -> 0 | E46: =SUM(C46+D46) -> 0 | H46: HR | I46: — | J46: =COUNTIFS('Game History'!A:A,(">"&(TODAY()-548)),'Game History'!G:G,"MRDA",'Game History'!H:H,"Sanc",'Game History'!I:I,Instructions!A70) -> 0 | K46: =COUNTIFS('Game History'!A:A,(">"&(TODAY()-548)),'Game History'!G:G,"MRDA",'Game History'!H:H,"Reg",'Game History'!I:I,Instructions!A70) -> 0 | L46: =SUM(J46+K46) -> 0
A47: JR | B47: =COUNTIFS('Game History'!A:A,(">"&(TODAY()-365)),'Game History'!G:G,"MRDA",'Game History'!H:H,"Champs",'Game History'!I:I,Instructions!A74)+COUNTIFS('Game History'!A:A,(">"&(TODAY()-365)),'Game History'!G:G,"MRDA",'Game History'!H:H,"Playoff",'Game History'!I:I,Instructions!A74)+COUNTIFS('Game History'!A:A,(">"&(TODAY()-365)),'Game History'!G:G,"MRDA",'Game History'!H:H,"Champs",'Game History'!J:J,Instructions!A74)+COUNTIFS('Game History'!A:A,(">"&(TODAY()-365)),'Game History'!G:G,"MRDA",'Game History'!H:H,"Playoff",'Game History'!J:J,Instructions!A74) -> 0 | C47: =COUNTIFS('Game History'!A:A,(">"&(TODAY()-365)),'Game History'!G:G,"MRDA",'Game History'!H:H,"Sanc",'Game History'!I:I,Instructions!A74)+COUNTIFS('Game History'!A:A,(">"&(TODAY()-365)),'Game History'!G:G,"MRDA",'Game History'!H:H,"Sanc",'Game History'!J:J,Instructions!A74) -> 0 | D47: =COUNTIFS('Game History'!A:A,(">"&(TODAY()-365)),'Game History'!G:G,"MRDA",'Game History'!H:H,"Reg",'Game History'!I:I,Instructions!A74)+COUNTIFS('Game History'!A:A,(">"&(TODAY()-365)),'Game History'!G:G,"MRDA",'Game History'!H:H,"Reg",'Game History'!J:J,Instructions!A74) -> 0 | E47: =SUM(B47,C47,D47) -> 0 | H47: JR | I47: =COUNTIFS('Game History'!A:A,(">"&(TODAY()-548)),'Game History'!G:G,"MRDA",'Game History'!H:H,"Champs",'Game History'!I:I,Instructions!A74)+COUNTIFS('Game History'!A:A,(">"&(TODAY()-548)),'Game History'!G:G,"MRDA",'Game History'!H:H,"Playoff",'Game History'!I:I,Instructions!A74)+COUNTIFS('Game History'!A:A,(">"&(TODAY()-548)),'Game History'!G:G,"MRDA",'Game History'!H:H,"Champs",'Game History'!J:J,Instructions!A74)+COUNTIFS('Game History'!A:A,(">"&(TODAY()-548)),'Game History'!G:G,"MRDA",'Game History'!H:H,"Playoff",'Game History'!J:J,Instructions!A74) -> 0 | J47: =COUNTIFS('Game History'!A:A,(">"&(TODAY()-548)),'Game History'!G:G,"MRDA",'Game History'!H:H,"Sanc",'Game History'!I:I,Instructions!A74)+COUNTIFS('Game History'!A:A,(">"&(TODAY()-548)),'Game History'!G:G,"MRDA",'Game History'!H:H,"Sanc",'Game History'!J:J,Instructions!A74) -> 0 | K47: =COUNTIFS('Game History'!A:A,(">"&(TODAY()-548)),'Game History'!G:G,"MRDA",'Game History'!H:H,"Reg",'Game History'!I:I,Instructions!A74)+COUNTIFS('Game History'!A:A,(">"&(TODAY()-548)),'Game History'!G:G,"MRDA",'Game History'!H:H,"Reg",'Game History'!J:J,Instructions!A74) -> 0 | L47: =SUM(I47,J47,K47) -> 0
A48: IPR | B48: =COUNTIFS('Game History'!A:A,(">"&(TODAY()-365)),'Game History'!G:G,"MRDA",'Game History'!H:H,"Champs",'Game History'!I:I,Instructions!A75)+COUNTIFS('Game History'!A:A,(">"&(TODAY()-365)),'Game History'!G:G,"MRDA",'Game History'!H:H,"Playoff",'Game History'!I:I,Instructions!A75)+COUNTIFS('Game History'!A:A,(">"&(TODAY()-365)),'Game History'!G:G,"MRDA",'Game History'!H:H,"Champs",'Game History'!J:J,Instructions!A75)+COUNTIFS('Game History'!A:A,(">"&(TODAY()-365)),'Game History'!G:G,"MRDA",'Game History'!H:H,"Playoff",'Game History'!J:J,Instructions!A75) -> 0 | C48: =COUNTIFS('Game History'!A:A,(">"&(TODAY()-365)),'Game History'!G:G,"MRDA",'Game History'!H:H,"Sanc",'Game History'!I:I,Instructions!A75)+COUNTIFS('Game History'!A:A,(">"&(TODAY()-365)),'Game History'!G:G,"MRDA",'Game History'!H:H,"Sanc",'Game History'!J:J,Instructions!A75) -> 0 | D48: =COUNTIFS('Game History'!A:A,(">"&(TODAY()-365)),'Game History'!G:G,"MRDA",'Game History'!H:H,"Reg",'Game History'!I:I,Instructions!A75)+COUNTIFS('Game History'!A:A,(">"&(TODAY()-365)),'Game History'!G:G,"MRDA",'Game History'!H:H,"Reg",'Game History'!J:J,Instructions!A75) -> 0 | E48: =SUM(B48,C48,D48) -> 0 | H48: IPR | I48: =COUNTIFS('Game History'!A:A,(">"&(TODAY()-548)),'Game History'!G:G,"MRDA",'Game History'!H:H,"Champs",'Game History'!I:I,Instructions!A75)+COUNTIFS('Game History'!A:A,(">"&(TODAY()-548)),'Game History'!G:G,"MRDA",'Game History'!H:H,"Playoff",'Game History'!I:I,Instructions!A75)+COUNTIFS('Game History'!A:A,(">"&(TODAY()-548)),'Game History'!G:G,"MRDA",'Game History'!H:H,"Champs",'Game History'!J:J,Instructions!A75)+COUNTIFS('Game History'!A:A,(">"&(TODAY()-548)),'Game History'!G:G,"MRDA",'Game History'!H:H,"Playoff",'Game History'!J:J,Instructions!A75) -> 0 | J48: =COUNTIFS('Game History'!A:A,(">"&(TODAY()-548)),'Game History'!G:G,"MRDA",'Game History'!H:H,"Sanc",'Game History'!I:I,Instructions!A75)+COUNTIFS('Game History'!A:A,(">"&(TODAY()-548)),'Game History'!G:G,"MRDA",'Game History'!H:H,"Sanc",'Game History'!J:J,Instructions!A75) -> 0 | K48: =COUNTIFS('Game History'!A:A,(">"&(TODAY()-548)),'Game History'!G:G,"MRDA",'Game History'!H:H,"Reg",'Game History'!I:I,Instructions!A75)+COUNTIFS('Game History'!A:A,(">"&(TODAY()-548)),'Game History'!G:G,"MRDA",'Game History'!H:H,"Reg",'Game History'!J:J,Instructions!A75) -> 0 | L48: =SUM(I48,J48,K48) -> 0
A49: OPR | B49: =COUNTIFS('Game History'!A:A,(">"&(TODAY()-365)),'Game History'!G:G,"MRDA",'Game History'!H:H,"Champs",'Game History'!I:I,Instructions!A76)+COUNTIFS('Game History'!A:A,(">"&(TODAY()-365)),'Game History'!G:G,"MRDA",'Game History'!H:H,"Playoff",'Game History'!I:I,Instructions!A76)+COUNTIFS('Game History'!A:A,(">"&(TODAY()-365)),'Game History'!G:G,"MRDA",'Game History'!H:H,"Champs",'Game History'!J:J,Instructions!A76)+COUNTIFS('Game History'!A:A,(">"&(TODAY()-365)),'Game History'!G:G,"MRDA",'Game History'!H:H,"Playoff",'Game History'!J:J,Instructions!A76) -> 0 | C49: =COUNTIFS('Game History'!A:A,(">"&(TODAY()-365)),'Game History'!G:G,"MRDA",'Game History'!H:H,"Sanc",'Game History'!I:I,Instructions!A76)+COUNTIFS('Game History'!A:A,(">"&(TODAY()-365)),'Game History'!G:G,"MRDA",'Game History'!H:H,"Sanc",'Game History'!J:J,Instructions!A76) -> 0 | D49: =COUNTIFS('Game History'!A:A,(">"&(TODAY()-365)),'Game History'!G:G,"MRDA",'Game History'!H:H,"Reg",'Game History'!I:I,Instructions!A76)+COUNTIFS('Game History'!A:A,(">"&(TODAY()-365)),'Game History'!G:G,"MRDA",'Game History'!H:H,"Reg",'Game History'!J:J,Instructions!A76) -> 0 | E49: =SUM(B49,C49,D49) -> 0 | H49: OPR | I49: =COUNTIFS('Game History'!A:A,(">"&(TODAY()-548)),'Game History'!G:G,"MRDA",'Game History'!H:H,"Champs",'Game History'!I:I,Instructions!A76)+COUNTIFS('Game History'!A:A,(">"&(TODAY()-548)),'Game History'!G:G,"MRDA",'Game History'!H:H,"Playoff",'Game History'!I:I,Instructions!A76)+COUNTIFS('Game History'!A:A,(">"&(TODAY()-548)),'Game History'!G:G,"MRDA",'Game History'!H:H,"Champs",'Game History'!J:J,Instructions!A76)+COUNTIFS('Game History'!A:A,(">"&(TODAY()-548)),'Game History'!G:G,"MRDA",'Game History'!H:H,"Playoff",'Game History'!J:J,Instructions!A76) -> 0 | J49: =COUNTIFS('Game History'!A:A,(">"&(TODAY()-548)),'Game History'!G:G,"MRDA",'Game History'!H:H,"Sanc",'Game History'!I:I,Instructions!A76)+COUNTIFS('Game History'!A:A,(">"&(TODAY()-548)),'Game History'!G:G,"MRDA",'Game History'!H:H,"Sanc",'Game History'!J:J,Instructions!A76) -> 0 | K49: =COUNTIFS('Game History'!A:A,(">"&(TODAY()-548)),'Game History'!G:G,"MRDA",'Game History'!H:H,"Reg",'Game History'!I:I,Instructions!A76)+COUNTIFS('Game History'!A:A,(">"&(TODAY()-548)),'Game History'!G:G,"MRDA",'Game History'!H:H,"Reg",'Game History'!J:J,Instructions!A76) -> 0 | L49: =SUM(I49,J49,K49) -> 0
A50: ALT | B50: =COUNTIFS('Game History'!A:A,(">"&(TODAY()-365)),'Game History'!G:G,"MRDA",'Game History'!H:H,"Champs",'Game History'!I:I,Instructions!A87)+COUNTIFS('Game History'!A:A,(">"&(TODAY()-365)),'Game History'!G:G,"MRDA",'Game History'!H:H,"Playoff",'Game History'!I:I,Instructions!A87) -> 0 | C50: =COUNTIFS('Game History'!A:A,(">"&(TODAY()-365)),'Game History'!G:G,"MRDA",'Game History'!H:H,"Sanc",'Game History'!I:I,Instructions!A87) -> 0 | D50: =COUNTIFS('Game History'!A:A,(">"&(TODAY()-365)),'Game History'!G:G,"MRDA",'Game History'!H:H,"Reg",'Game History'!I:I,Instructions!A87) -> 0 | E50: =SUM(B50,C50,D50) -> 0 | H50: ALT | I50: =COUNTIFS('Game History'!A:A,(">"&(TODAY()-548)),'Game History'!G:G,"MRDA",'Game History'!H:H,"Champs",'Game History'!I:I,Instructions!A87)+COUNTIFS('Game History'!A:A,(">"&(TODAY()-548)),'Game History'!G:G,"MRDA",'Game History'!H:H,"Playoff",'Game History'!I:I,Instructions!A87) -> 0 | J50: =COUNTIFS('Game History'!A:A,(">"&(TODAY()-548)),'Game History'!G:G,"MRDA",'Game History'!H:H,"Sanc",'Game History'!I:I,Instructions!A87) -> 0 | K50: =COUNTIFS('Game History'!A:A,(">"&(TODAY()-548)),'Game History'!G:G,"MRDA",'Game History'!H:H,"Reg",'Game History'!I:I,Instructions!A87) -> 0 | L50: =SUM(I50,J50,K50) -> 0
A51: Total* | B51: =SUM(B44:B50) -> 0 | C51: =SUM(C44:C50) -> 0 | D51: =SUM(D44:D50) -> 0 | E51: =SUM(E44:E50) -> 0 | H51: Total* | I51: =SUM(I44:I50) -> 0 | J51: =SUM(J44:J50) -> 0 | K51: =SUM(K44:K50) -> 0 | L51: =SUM(L44:L50) -> 0
A54: MRDA Non-Skating Official
A56: 1 YEAR | B56: Playoff | C56: Sanc | D56: Reg | E56: Total | H56: 18 MONTHS | I56: Playoff | J56: Sanc | K56: Reg | L56: Total
A57: THNSO | B57: =COUNTIFS('Game History'!A:A,(">"&(TODAY()-365)),'Game History'!G:G,"MRDA",'Game History'!H:H,"Champs",'Game History'!I:I,Instructions!A71)+COUNTIFS('Game History'!A:A,(">"&(TODAY()-365)),'Game History'!G:G,"MRDA",'Game History'!H:H,"Playoff",'Game History'!I:I,Instructions!A71) -> 0 | C57: =COUNTIFS('Game History'!A:A,(">"&(TODAY()-365)),'Game History'!G:G,"MRDA",'Game History'!H:H,"Sanc",'Game History'!I:I,Instructions!A71) -> 0 | D57: =COUNTIFS('Game History'!A:A,(">"&(TODAY()-365)),'Game History'!G:G,"MRDA",'Game History'!H:H,"Reg",'Game History'!I:I,Instructions!A71) -> 0 | E57: =SUM(B57+C57+D57) -> 0 | H57: THNSO | I57: =COUNTIFS('Game History'!A:A,(">"&(TODAY()-548)),'Game History'!G:G,"MRDA",'Game History'!H:H,"Champs",'Game History'!I:I,Instructions!A71)+COUNTIFS('Game History'!A:A,(">"&(TODAY()-548)),'Game History'!G:G,"MRDA",'Game History'!H:H,"Playoff",'Game History'!I:I,Instructions!A71) -> 0 | J57: =COUNTIFS('Game History'!A:A,(">"&(TODAY()-548)),'Game History'!G:G,"MRDA",'Game History'!H:H,"Sanc",'Game History'!I:I,Instructions!A71) -> 0 | K57: =COUNTIFS('Game History'!A:A,(">"&(TODAY()-548)),'Game History'!G:G,"MRDA",'Game History'!H:H,"Reg",'Game History'!I:I,Instructions!A71) -> 0 | L57: =SUM(I57+J57+K57) -> 0
A58: CHNSO | B58: =COUNTIFS('Game History'!A:A,(">"&(TODAY()-365)),'Game History'!G:G,"MRDA",'Game History'!H:H,"Champs",'Game History'!I:I,Instructions!A72)+COUNTIFS('Game History'!A:A,(">"&(TODAY()-365)),'Game History'!G:G,"MRDA",'Game History'!H:H,"Playoff",'Game History'!I:I,Instructions!A72)+COUNTIFS('Game History'!A:A,(">"&(TODAY()-365)),'Game History'!G:G,"MRDA",'Game History'!H:H,"Champs",'Game History'!I:I,Instructions!A73)+COUNTIFS('Game History'!A:A,(">"&(TODAY()-365)),'Game History'!G:G,"MRDA",'Game History'!H:H,"Playoff",'Game History'!I:I,Instructions!A73) -> 0 | C58: =COUNTIFS('Game History'!A:A,(">"&(TODAY()-365)),'Game History'!G:G,"MRDA",'Game History'!H:H,"Sanc",'Game History'!I:I,Instructions!A72) -> 0 | D58: =COUNTIFS('Game History'!A:A,(">"&(TODAY()-365)),'Game History'!G:G,"MRDA",'Game History'!H:H,"Reg",'Game History'!I:I,Instructions!A72) -> 0 | E58: =SUM(B58+C58+D58) -> 0 | H58: CHNSO | I58: =COUNTIFS('Game History'!A:A,(">"&(TODAY()-548)),'Game History'!G:G,"MRDA",'Game History'!H:H,"Champs",'Game History'!I:I,Instructions!A72)+COUNTIFS('Game History'!A:A,(">"&(TODAY()-548)),'Game History'!G:G,"MRDA",'Game History'!H:H,"Playoff",'Game History'!I:I,Instructions!A72)+COUNTIFS('Game History'!A:A,(">"&(TODAY()-548)),'Game History'!G:G,"MRDA",'Game History'!H:H,"Champs",'Game History'!I:I,Instructions!A73)+COUNTIFS('Game History'!A:A,(">"&(TODAY()-548)),'Game History'!G:G,"MRDA",'Game History'!H:H,"Playoff",'Game History'!I:I,Instructions!A73) -> 0 | J58: =COUNTIFS('Game History'!A:A,(">"&(TODAY()-548)),'Game History'!G:G,"MRDA",'Game History'!H:H,"Sanc",'Game History'!I:I,Instructions!A72) -> 0 | K58: =COUNTIFS('Game History'!A:A,(">"&(TODAY()-548)),'Game History'!G:G,"MRDA",'Game History'!H:H,"Reg",'Game History'!I:I,Instructions!A72) -> 0 | L58: =SUM(I58+J58+K58) -> 0
A59: HNSO | B59: — | C59: =COUNTIFS('Game History'!A:A,(">"&(TODAY()-365)),'Game History'!G:G,"MRDA",'Game History'!H:H,"Sanc",'Game History'!I:I,Instructions!A73) -> 0 | D59: =COUNTIFS('Game History'!A:A,(">"&(TODAY()-365)),'Game History'!G:G,"MRDA",'Game History'!H:H,"Reg",'Game History'!I:I,Instructions!A73) -> 0 | E59: =SUM(C59+D59) -> 0 | F59: Operator | H59: HNSO | I59: — | J59: =COUNTIFS('Game History'!A:A,(">"&(TODAY()-548)),'Game History'!G:G,"MRDA",'Game History'!H:H,"Sanc",'Game History'!I:I,Instructions!A73) -> 0 | K59: =COUNTIFS('Game History'!A:A,(">"&(TODAY()-548)),'Game History'!G:G,"MRDA",'Game History'!H:H,"Reg",'Game History'!I:I,Instructions!A73) -> 0 | L59: =SUM(J59+K59) -> 0 | M59: Operator
A60: PT | B60: =COUNTIFS('Game History'!A:A,(">"&(TODAY()-365)),'Game History'!G:G,"MRDA",'Game History'!H:H,"Champs",'Game History'!I:I,Instructions!A77)+COUNTIFS('Game History'!A:A,(">"&(TODAY()-365)),'Game History'!G:G,"MRDA",'Game History'!H:H,"Playoff",'Game History'!I:I,Instructions!A77)+COUNTIFS('Game History'!A:A,(">"&(TODAY()-365)),'Game History'!G:G,"MRDA",'Game History'!H:H,"Champs",'Game History'!J:J,Instructions!A77)+COUNTIFS('Game History'!A:A,(">"&(TODAY()-365)),'Game History'!G:G,"MRDA",'Game History'!H:H,"Playoff",'Game History'!J:J,Instructions!A77) -> 0 | C60: =COUNTIFS('Game History'!A:A,(">"&(TODAY()-365)),'Game History'!G:G,"MRDA",'Game History'!H:H,"Sanc",'Game History'!I:I,Instructions!A77)+COUNTIFS('Game History'!A:A,(">"&(TODAY()-365)),'Game History'!G:G,"MRDA",'Game History'!H:H,"Sanc",'Game History'!J:J,Instructions!A77) -> 0 | D60: =COUNTIFS('Game History'!A:A,(">"&(TODAY()-365)),'Game History'!G:G,"MRDA",'Game History'!H:H,"Reg",'Game History'!I:I,Instructions!A77)+COUNTIFS('Game History'!A:A,(">"&(TODAY()-365)),'Game History'!G:G,"MRDA",'Game History'!H:H,"Reg",'Game History'!J:J,Instructions!A77) -> 0 | E60: =SUM(B60+C60+D60) -> 0 | F60: =COUNTIFS('Game History'!A:A,(">"&(TODAY()-365)),'Game History'!G:G,"MRDA",'Game History'!I:I,A60,'Game History'!K:K,"Y")+COUNTIFS('Game History'!A:A,(">"&(TODAY()-365)),'Game History'!G:G,"MRDA",'Game History'!J:J,A60,'Game History'!K:K,"Y") -> 0 | H60: PT | I60: =COUNTIFS('Game History'!A:A,(">"&(TODAY()-548)),'Game History'!G:G,"MRDA",'Game History'!H:H,"Champs",'Game History'!I:I,Instructions!A77)+COUNTIFS('Game History'!A:A,(">"&(TODAY()-548)),'Game History'!G:G,"MRDA",'Game History'!H:H,"Playoff",'Game History'!I:I,Instructions!A77)+COUNTIFS('Game History'!A:A,(">"&(TODAY()-548)),'Game History'!G:G,"MRDA",'Game History'!H:H,"Champs",'Game History'!J:J,Instructions!A77)+COUNTIFS('Game History'!A:A,(">"&(TODAY()-548)),'Game History'!G:G,"MRDA",'Game History'!H:H,"Playoff",'Game History'!J:J,Instructions!A77) -> 0 | J60: =COUNTIFS('Game History'!A:A,(">"&(TODAY()-548)),'Game History'!G:G,"MRDA",'Game History'!H:H,"Sanc",'Game History'!I:I,Instructions!A77)+COUNTIFS('Game History'!A:A,(">"&(TODAY()-548)),'Game History'!G:G,"MRDA",'Game History'!H:H,"Sanc",'Game History'!J:J,Instructions!A77) -> 0 | K60: =COUNTIFS('Game History'!A:A,(">"&(TODAY()-548)),'Game History'!G:G,"MRDA",'Game History'!H:H,"Reg",'Game History'!I:I,Instructions!A77)+COUNTIFS('Game History'!A:A,(">"&(TODAY()-548)),'Game History'!G:G,"MRDA",'Game History'!H:H,"Reg",'Game History'!J:J,Instructions!A77) -> 0 | L60: =SUM(I60+J60+K60) -> 0 | M60: =COUNTIFS('Game History'!A:A,(">"&(TODAY()-548)),'Game History'!G:G,"MRDA",'Game History'!I:I,A60,'Game History'!K:K,"Y")+COUNTIFS('Game History'!A:A,(">"&(TODAY()-548)),'Game History'!G:G,"MRDA",'Game History'!J:J,A60,'Game History'!K:K,"Y") -> 0
A61: PW | B61: =COUNTIFS('Game History'!A:A,(">"&(TODAY()-365)),'Game History'!G:G,"MRDA",'Game History'!H:H,"Champs",'Game History'!I:I,Instructions!A78)+COUNTIFS('Game History'!A:A,(">"&(TODAY()-365)),'Game History'!G:G,"MRDA",'Game History'!H:H,"Playoff",'Game History'!I:I,Instructions!A78)+COUNTIFS('Game History'!A:A,(">"&(TODAY()-365)),'Game History'!G:G,"MRDA",'Game History'!H:H,"Champs",'Game History'!J:J,Instructions!A78)+COUNTIFS('Game History'!A:A,(">"&(TODAY()-365)),'Game History'!G:G,"MRDA",'Game History'!H:H,"Playoff",'Game History'!J:J,Instructions!A78) -> 0 | C61: =COUNTIFS('Game History'!A:A,(">"&(TODAY()-365)),'Game History'!G:G,"MRDA",'Game History'!H:H,"Sanc",'Game History'!I:I,Instructions!A78)+COUNTIFS('Game History'!A:A,(">"&(TODAY()-365)),'Game History'!G:G,"MRDA",'Game History'!H:H,"Sanc",'Game History'!J:J,Instructions!A78) -> 0 | D61: =COUNTIFS('Game History'!A:A,(">"&(TODAY()-365)),'Game History'!G:G,"MRDA",'Game History'!H:H,"Reg",'Game History'!I:I,Instructions!A78)+COUNTIFS('Game History'!A:A,(">"&(TODAY()-365)),'Game History'!G:G,"MRDA",'Game History'!H:H,"Reg",'Game History'!J:J,Instructions!A78) -> 0 | E61: =SUM(B61+C61+D61) -> 0 | F61: =COUNTIFS('Game History'!A:A,(">"&(TODAY()-365)),'Game History'!G:G,"MRDA",'Game History'!I:I,A61,'Game History'!K:K,"Y")+COUNTIFS('Game History'!A:A,(">"&(TODAY()-365)),'Game History'!G:G,"MRDA",'Game History'!J:J,A61,'Game History'!K:K,"Y") -> 0 | H61: PW | I61: =COUNTIFS('Game History'!A:A,(">"&(TODAY()-548)),'Game History'!G:G,"MRDA",'Game History'!H:H,"Champs",'Game History'!I:I,Instructions!A78)+COUNTIFS('Game History'!A:A,(">"&(TODAY()-548)),'Game History'!G:G,"MRDA",'Game History'!H:H,"Playoff",'Game History'!I:I,Instructions!A78)+COUNTIFS('Game History'!A:A,(">"&(TODAY()-548)),'Game History'!G:G,"MRDA",'Game History'!H:H,"Champs",'Game History'!J:J,Instructions!A78)+COUNTIFS('Game History'!A:A,(">"&(TODAY()-548)),'Game History'!G:G,"MRDA",'Game History'!H:H,"Playoff",'Game History'!J:J,Instructions!A78) -> 0 | J61: =COUNTIFS('Game History'!A:A,(">"&(TODAY()-548)),'Game History'!G:G,"MRDA",'Game History'!H:H,"Sanc",'Game History'!I:I,Instructions!A78)+COUNTIFS('Game History'!A:A,(">"&(TODAY()-548)),'Game History'!G:G,"MRDA",'Game History'!H:H,"Sanc",'Game History'!J:J,Instructions!A78) -> 0 | K61: =COUNTIFS('Game History'!A:A,(">"&(TODAY()-548)),'Game History'!G:G,"MRDA",'Game History'!H:H,"Reg",'Game History'!I:I,Instructions!A78)+COUNTIFS('Game History'!A:A,(">"&(TODAY()-548)),'Game History'!G:G,"MRDA",'Game History'!H:H,"Reg",'Game History'!J:J,Instructions!A78) -> 0 | L61: =SUM(I61+J61+K61) -> 0 | M61: =COUNTIFS('Game History'!A:A,(">"&(TODAY()-548)),'Game History'!G:G,"MRDA",'Game History'!I:I,A61,'Game History'!K:K,"Y")+COUNTIFS('Game History'!A:A,(">"&(TODAY()-548)),'Game History'!G:G,"MRDA",'Game History'!J:J,A61,'Game History'!K:K,"Y") -> 0
A62: IWB | B62: =COUNTIFS('Game History'!A:A,(">"&(TODAY()-365)),'Game History'!G:G,"MRDA",'Game History'!H:H,"Champs",'Game History'!I:I,Instructions!A79)+COUNTIFS('Game History'!A:A,(">"&(TODAY()-365)),'Game History'!G:G,"MRDA",'Game History'!H:H,"Playoff",'Game History'!I:I,Instructions!A79)+COUNTIFS('Game History'!A:A,(">"&(TODAY()-365)),'Game History'!G:G,"MRDA",'Game History'!H:H,"Champs",'Game History'!J:J,Instructions!A79)+COUNTIFS('Game History'!A:A,(">"&(TODAY()-365)),'Game History'!G:G,"MRDA",'Game History'!H:H,"Playoff",'Game History'!J:J,Instructions!A79) -> 0 | C62: =COUNTIFS('Game History'!A:A,(">"&(TODAY()-365)),'Game History'!G:G,"MRDA",'Game History'!H:H,"Sanc",'Game History'!I:I,Instructions!A79)+COUNTIFS('Game History'!A:A,(">"&(TODAY()-365)),'Game History'!G:G,"MRDA",'Game History'!H:H,"Sanc",'Game History'!J:J,Instructions!A79) -> 0 | D62: =COUNTIFS('Game History'!A:A,(">"&(TODAY()-365)),'Game History'!G:G,"MRDA",'Game History'!H:H,"Reg",'Game History'!I:I,Instructions!A79)+COUNTIFS('Game History'!A:A,(">"&(TODAY()-365)),'Game History'!G:G,"MRDA",'Game History'!H:H,"Reg",'Game History'!J:J,Instructions!A79) -> 0 | E62: =SUM(B62+C62+D62) -> 0 | F62: =COUNTIFS('Game History'!A:A,(">"&(TODAY()-365)),'Game History'!G:G,"MRDA",'Game History'!I:I,A62,'Game History'!K:K,"Y")+COUNTIFS('Game History'!A:A,(">"&(TODAY()-365)),'Game History'!G:G,"MRDA",'Game History'!J:J,A62,'Game History'!K:K,"Y") -> 0 | H62: IWB | I62: =COUNTIFS('Game History'!A:A,(">"&(TODAY()-548)),'Game History'!G:G,"MRDA",'Game History'!H:H,"Champs",'Game History'!I:I,Instructions!A79)+COUNTIFS('Game History'!A:A,(">"&(TODAY()-548)),'Game History'!G:G,"MRDA",'Game History'!H:H,"Playoff",'Game History'!I:I,Instructions!A79)+COUNTIFS('Game History'!A:A,(">"&(TODAY()-548)),'Game History'!G:G,"MRDA",'Game History'!H:H,"Champs",'Game History'!J:J,Instructions!A79)+COUNTIFS('Game History'!A:A,(">"&(TODAY()-548)),'Game History'!G:G,"MRDA",'Game History'!H:H,"Playoff",'Game History'!J:J,Instructions!A79) -> 0 | J62: =COUNTIFS('Game History'!A:A,(">"&(TODAY()-548)),'Game History'!G:G,"MRDA",'Game History'!H:H,"Sanc",'Game History'!I:I,Instructions!A79)+COUNTIFS('Game History'!A:A,(">"&(TODAY()-548)),'Game History'!G:G,"MRDA",'Game History'!H:H,"Sanc",'Game History'!J:J,Instructions!A79) -> 0 | K62: =COUNTIFS('Game History'!A:A,(">"&(TODAY()-548)),'Game History'!G:G,"MRDA",'Game History'!H:H,"Reg",'Game History'!I:I,Instructions!A79)+COUNTIFS('Game History'!A:A,(">"&(TODAY()-548)),'Game History'!G:G,"MRDA",'Game History'!H:H,"Reg",'Game History'!J:J,Instructions!A79) -> 0 | L62: =SUM(I62+J62+K62) -> 0 | M62: =COUNTIFS('Game History'!A:A,(">"&(TODAY()-548)),'Game History'!G:G,"MRDA",'Game History'!I:I,A62,'Game History'!K:K,"Y")+COUNTIFS('Game History'!A:A,(">"&(TODAY()-548)),'Game History'!G:G,"MRDA",'Game History'!J:J,A62,'Game History'!K:K,"Y") -> 0
A63: OWB | B63: =COUNTIFS('Game History'!A:A,(">"&(TODAY()-365)),'Game History'!G:G,"MRDA",'Game History'!H:H,"Champs",'Game History'!I:I,Instructions!A80)+COUNTIFS('Game History'!A:A,(">"&(TODAY()-365)),'Game History'!G:G,"MRDA",'Game History'!H:H,"Playoff",'Game History'!I:I,Instructions!A80)+COUNTIFS('Game History'!A:A,(">"&(TODAY()-365)),'Game History'!G:G,"MRDA",'Game History'!H:H,"Champs",'Game History'!J:J,Instructions!A80)+COUNTIFS('Game History'!A:A,(">"&(TODAY()-365)),'Game History'!G:G,"MRDA",'Game History'!H:H,"Playoff",'Game History'!J:J,Instructions!A80) -> 0 | C63: =COUNTIFS('Game History'!A:A,(">"&(TODAY()-365)),'Game History'!G:G,"MRDA",'Game History'!H:H,"Sanc",'Game History'!I:I,Instructions!A80)+COUNTIFS('Game History'!A:A,(">"&(TODAY()-365)),'Game History'!G:G,"MRDA",'Game History'!H:H,"Sanc",'Game History'!J:J,Instructions!A80) -> 0 | D63: =COUNTIFS('Game History'!A:A,(">"&(TODAY()-365)),'Game History'!G:G,"MRDA",'Game History'!H:H,"Reg",'Game History'!I:I,Instructions!A80)+COUNTIFS('Game History'!A:A,(">"&(TODAY()-365)),'Game History'!G:G,"MRDA",'Game History'!H:H,"Reg",'Game History'!J:J,Instructions!A80) -> 0 | E63: =SUM(B63+C63+D63) -> 0 | F63: =COUNTIFS('Game History'!A:A,(">"&(TODAY()-365)),'Game History'!G:G,"MRDA",'Game History'!I:I,A63,'Game History'!K:K,"Y")+COUNTIFS('Game History'!A:A,(">"&(TODAY()-365)),'Game History'!G:G,"MRDA",'Game History'!J:J,A63,'Game History'!K:K,"Y") -> 0 | H63: OWB | I63: =COUNTIFS('Game History'!A:A,(">"&(TODAY()-548)),'Game History'!G:G,"MRDA",'Game History'!H:H,"Champs",'Game History'!I:I,Instructions!A80)+COUNTIFS('Game History'!A:A,(">"&(TODAY()-548)),'Game History'!G:G,"MRDA",'Game History'!H:H,"Playoff",'Game History'!I:I,Instructions!A80)+COUNTIFS('Game History'!A:A,(">"&(TODAY()-548)),'Game History'!G:G,"MRDA",'Game History'!H:H,"Champs",'Game History'!J:J,Instructions!A80)+COUNTIFS('Game History'!A:A,(">"&(TODAY()-548)),'Game History'!G:G,"MRDA",'Game History'!H:H,"Playoff",'Game History'!J:J,Instructions!A80) -> 0 | J63: =COUNTIFS('Game History'!A:A,(">"&(TODAY()-548)),'Game History'!G:G,"MRDA",'Game History'!H:H,"Sanc",'Game History'!I:I,Instructions!A80)+COUNTIFS('Game History'!A:A,(">"&(TODAY()-548)),'Game History'!G:G,"MRDA",'Game History'!H:H,"Sanc",'Game History'!J:J,Instructions!A80) -> 0 | K63: =COUNTIFS('Game History'!A:A,(">"&(TODAY()-548)),'Game History'!G:G,"MRDA",'Game History'!H:H,"Reg",'Game History'!I:I,Instructions!A80)+COUNTIFS('Game History'!A:A,(">"&(TODAY()-548)),'Game History'!G:G,"MRDA",'Game History'!H:H,"Reg",'Game History'!J:J,Instructions!A80) -> 0 | L63: =SUM(I63+J63+K63) -> 0 | M63: =COUNTIFS('Game History'!A:A,(">"&(TODAY()-548)),'Game History'!G:G,"MRDA",'Game History'!I:I,A63,'Game History'!K:K,"Y")+COUNTIFS('Game History'!A:A,(">"&(TODAY()-548)),'Game History'!G:G,"MRDA",'Game History'!J:J,A63,'Game History'!K:K,"Y") -> 0
A64: JT | B64: =COUNTIFS('Game History'!A:A,(">"&(TODAY()-365)),'Game History'!G:G,"MRDA",'Game History'!H:H,"Champs",'Game History'!I:I,Instructions!A81)+COUNTIFS('Game History'!A:A,(">"&(TODAY()-365)),'Game History'!G:G,"MRDA",'Game History'!H:H,"Playoff",'Game History'!I:I,Instructions!A81)+COUNTIFS('Game History'!A:A,(">"&(TODAY()-365)),'Game History'!G:G,"MRDA",'Game History'!H:H,"Champs",'Game History'!J:J,Instructions!A81)+COUNTIFS('Game History'!A:A,(">"&(TODAY()-365)),'Game History'!G:G,"MRDA",'Game History'!H:H,"Playoff",'Game History'!J:J,Instructions!A81) -> 0 | C64: =COUNTIFS('Game History'!A:A,(">"&(TODAY()-365)),'Game History'!G:G,"MRDA",'Game History'!H:H,"Sanc",'Game History'!I:I,Instructions!A81)+COUNTIFS('Game History'!A:A,(">"&(TODAY()-365)),'Game History'!G:G,"MRDA",'Game History'!H:H,"Sanc",'Game History'!J:J,Instructions!A81) -> 0 | D64: =COUNTIFS('Game History'!A:A,(">"&(TODAY()-365)),'Game History'!G:G,"MRDA",'Game History'!H:H,"Reg",'Game History'!I:I,Instructions!A81)+COUNTIFS('Game History'!A:A,(">"&(TODAY()-365)),'Game History'!G:G,"MRDA",'Game History'!H:H,"Reg",'Game History'!J:J,Instructions!A81) -> 0 | E64: =SUM(B64+C64+D64) -> 0 | F64: =COUNTIFS('Game History'!A:A,(">"&(TODAY()-365)),'Game History'!G:G,"MRDA",'Game History'!I:I,A64,'Game History'!K:K,"Y")+COUNTIFS('Game History'!A:A,(">"&(TODAY()-365)),'Game History'!G:G,"MRDA",'Game History'!J:J,A64,'Game History'!K:K,"Y") -> 0 | H64: JT | I64: =COUNTIFS('Game History'!A:A,(">"&(TODAY()-548)),'Game History'!G:G,"MRDA",'Game History'!H:H,"Champs",'Game History'!I:I,Instructions!A81)+COUNTIFS('Game History'!A:A,(">"&(TODAY()-548)),'Game History'!G:G,"MRDA",'Game History'!H:H,"Playoff",'Game History'!I:I,Instructions!A81)+COUNTIFS('Game History'!A:A,(">"&(TODAY()-548)),'Game History'!G:G,"MRDA",'Game History'!H:H,"Champs",'Game History'!J:J,Instructions!A81)+COUNTIFS('Game History'!A:A,(">"&(TODAY()-548)),'Game History'!G:G,"MRDA",'Game History'!H:H,"Playoff",'Game History'!J:J,Instructions!A81) -> 0 | J64: =COUNTIFS('Game History'!A:A,(">"&(TODAY()-548)),'Game History'!G:G,"MRDA",'Game History'!H:H,"Sanc",'Game History'!I:I,Instructions!A81)+COUNTIFS('Game History'!A:A,(">"&(TODAY()-548)),'Game History'!G:G,"MRDA",'Game History'!H:H,"Sanc",'Game History'!J:J,Instructions!A81) -> 0 | K64: =COUNTIFS('Game History'!A:A,(">"&(TODAY()-548)),'Game History'!G:G,"MRDA",'Game History'!H:H,"Reg",'Game History'!I:I,Instructions!A81)+COUNTIFS('Game History'!A:A,(">"&(TODAY()-548)),'Game History'!G:G,"MRDA",'Game History'!H:H,"Reg",'Game History'!J:J,Instructions!A81) -> 0 | L64: =SUM(I64+J64+K64) -> 0 | M64: =COUNTIFS('Game History'!A:A,(">"&(TODAY()-548)),'Game History'!G:G,"MRDA",'Game History'!I:I,A64,'Game History'!K:K,"Y")+COUNTIFS('Game History'!A:A,(">"&(TODAY()-548)),'Game History'!G:G,"MRDA",'Game History'!J:J,A64,'Game History'!K:K,"Y") -> 0
A65: SK | B65: =COUNTIFS('Game History'!A:A,(">"&(TODAY()-365)),'Game History'!G:G,"MRDA",'Game History'!H:H,"Champs",'Game History'!I:I,Instructions!A82)+COUNTIFS('Game History'!A:A,(">"&(TODAY()-365)),'Game History'!G:G,"MRDA",'Game History'!H:H,"Playoff",'Game History'!I:I,Instructions!A82)+COUNTIFS('Game History'!A:A,(">"&(TODAY()-365)),'Game History'!G:G,"MRDA",'Game History'!H:H,"Champs",'Game History'!J:J,Instructions!A82)+COUNTIFS('Game History'!A:A,(">"&(TODAY()-365)),'Game History'!G:G,"MRDA",'Game History'!H:H,"Playoff",'Game History'!J:J,Instructions!A82) -> 0 | C65: =COUNTIFS('Game History'!A:A,(">"&(TODAY()-365)),'Game History'!G:G,"MRDA",'Game History'!H:H,"Sanc",'Game History'!I:I,Instructions!A82)+COUNTIFS('Game History'!A:A,(">"&(TODAY()-365)),'Game History'!G:G,"MRDA",'Game History'!H:H,"Sanc",'Game History'!J:J,Instructions!A82) -> 0 | D65: =COUNTIFS('Game History'!A:A,(">"&(TODAY()-365)),'Game History'!G:G,"MRDA",'Game History'!H:H,"Reg",'Game History'!I:I,Instructions!A82)+COUNTIFS('Game History'!A:A,(">"&(TODAY()-365)),'Game History'!G:G,"MRDA",'Game History'!H:H,"Reg",'Game History'!J:J,Instructions!A82) -> 0 | E65: =SUM(B65+C65+D65) -> 0 | F65: =COUNTIFS('Game History'!A:A,(">"&(TODAY()-365)),'Game History'!G:G,"MRDA",'Game History'!I:I,A65,'Game History'!K:K,"Y")+COUNTIFS('Game History'!A:A,(">"&(TODAY()-365)),'Game History'!G:G,"MRDA",'Game History'!J:J,A65,'Game History'!K:K,"Y") -> 0 | H65: SK | I65: =COUNTIFS('Game History'!A:A,(">"&(TODAY()-548)),'Game History'!G:G,"MRDA",'Game History'!H:H,"Champs",'Game History'!I:I,Instructions!A82)+COUNTIFS('Game History'!A:A,(">"&(TODAY()-548)),'Game History'!G:G,"MRDA",'Game History'!H:H,"Playoff",'Game History'!I:I,Instructions!A82)+COUNTIFS('Game History'!A:A,(">"&(TODAY()-548)),'Game History'!G:G,"MRDA",'Game History'!H:H,"Champs",'Game History'!J:J,Instructions!A82)+COUNTIFS('Game History'!A:A,(">"&(TODAY()-548)),'Game History'!G:G,"MRDA",'Game History'!H:H,"Playoff",'Game History'!J:J,Instructions!A82) -> 0 | J65: =COUNTIFS('Game History'!A:A,(">"&(TODAY()-548)),'Game History'!G:G,"MRDA",'Game History'!H:H,"Sanc",'Game History'!I:I,Instructions!A82)+COUNTIFS('Game History'!A:A,(">"&(TODAY()-548)),'Game History'!G:G,"MRDA",'Game History'!H:H,"Sanc",'Game History'!J:J,Instructions!A82) -> 0 | K65: =COUNTIFS('Game History'!A:A,(">"&(TODAY()-548)),'Game History'!G:G,"MRDA",'Game History'!H:H,"Reg",'Game History'!I:I,Instructions!A82)+COUNTIFS('Game History'!A:A,(">"&(TODAY()-548)),'Game History'!G:G,"MRDA",'Game History'!H:H,"Reg",'Game History'!J:J,Instructions!A82) -> 0 | L65: =SUM(I65+J65+K65) -> 0 | M65: =COUNTIFS('Game History'!A:A,(">"&(TODAY()-548)),'Game History'!G:G,"MRDA",'Game History'!I:I,A65,'Game History'!K:K,"Y")+COUNTIFS('Game History'!A:A,(">"&(TODAY()-548)),'Game History'!G:G,"MRDA",'Game History'!J:J,A65,'Game History'!K:K,"Y") -> 0
A66: SO | B66: =COUNTIFS('Game History'!A:A,(">"&(TODAY()-365)),'Game History'!G:G,"MRDA",'Game History'!H:H,"Champs",'Game History'!I:I,Instructions!A83)+COUNTIFS('Game History'!A:A,(">"&(TODAY()-365)),'Game History'!G:G,"MRDA",'Game History'!H:H,"Playoff",'Game History'!I:I,Instructions!A83)+COUNTIFS('Game History'!A:A,(">"&(TODAY()-365)),'Game History'!G:G,"MRDA",'Game History'!H:H,"Champs",'Game History'!J:J,Instructions!A83)+COUNTIFS('Game History'!A:A,(">"&(TODAY()-365)),'Game History'!G:G,"MRDA",'Game History'!H:H,"Playoff",'Game History'!J:J,Instructions!A83) -> 0 | C66: =COUNTIFS('Game History'!A:A,(">"&(TODAY()-365)),'Game History'!G:G,"MRDA",'Game History'!H:H,"Sanc",'Game History'!I:I,Instructions!A83)+COUNTIFS('Game History'!A:A,(">"&(TODAY()-365)),'Game History'!G:G,"MRDA",'Game History'!H:H,"Sanc",'Game History'!J:J,Instructions!A83) -> 0 | D66: =COUNTIFS('Game History'!A:A,(">"&(TODAY()-365)),'Game History'!G:G,"MRDA",'Game History'!H:H,"Reg",'Game History'!I:I,Instructions!A83)+COUNTIFS('Game History'!A:A,(">"&(TODAY()-365)),'Game History'!G:G,"MRDA",'Game History'!H:H,"Reg",'Game History'!J:J,Instructions!A83) -> 0 | E66: =SUM(B66+C66+D66) -> 0 | F66: =COUNTIFS('Game History'!A:A,(">"&(TODAY()-365)),'Game History'!G:G,"MRDA",'Game History'!I:I,A66,'Game History'!K:K,"Y")+COUNTIFS('Game History'!A:A,(">"&(TODAY()-365)),'Game History'!G:G,"MRDA",'Game History'!J:J,A66,'Game History'!K:K,"Y") -> 0 | H66: SO | I66: =COUNTIFS('Game History'!A:A,(">"&(TODAY()-548)),'Game History'!G:G,"MRDA",'Game History'!H:H,"Champs",'Game History'!I:I,Instructions!A83)+COUNTIFS('Game History'!A:A,(">"&(TODAY()-548)),'Game History'!G:G,"MRDA",'Game History'!H:H,"Playoff",'Game History'!I:I,Instructions!A83)+COUNTIFS('Game History'!A:A,(">"&(TODAY()-548)),'Game History'!G:G,"MRDA",'Game History'!H:H,"Champs",'Game History'!J:J,Instructions!A83)+COUNTIFS('Game History'!A:A,(">"&(TODAY()-548)),'Game History'!G:G,"MRDA",'Game History'!H:H,"Playoff",'Game History'!J:J,Instructions!A83) -> 0 | J66: =COUNTIFS('Game History'!A:A,(">"&(TODAY()-548)),'Game History'!G:G,"MRDA",'Game History'!H:H,"Sanc",'Game History'!I:I,Instructions!A83)+COUNTIFS('Game History'!A:A,(">"&(TODAY()-548)),'Game History'!G:G,"MRDA",'Game History'!H:H,"Sanc",'Game History'!J:J,Instructions!A83) -> 0 | K66: =COUNTIFS('Game History'!A:A,(">"&(TODAY()-548)),'Game History'!G:G,"MRDA",'Game History'!H:H,"Reg",'Game History'!I:I,Instructions!A83)+COUNTIFS('Game History'!A:A,(">"&(TODAY()-548)),'Game History'!G:G,"MRDA",'Game History'!H:H,"Reg",'Game History'!J:J,Instructions!A83) -> 0 | L66: =SUM(I66+J66+K66) -> 0 | M66: =COUNTIFS('Game History'!A:A,(">"&(TODAY()-548)),'Game History'!G:G,"MRDA",'Game History'!I:I,A66,'Game History'!K:K,"Y")+COUNTIFS('Game History'!A:A,(">"&(TODAY()-548)),'Game History'!G:G,"MRDA",'Game History'!J:J,A66,'Game History'!K:K,"Y") -> 0
A67: PBM | B67: =COUNTIFS('Game History'!A:A,(">"&(TODAY()-365)),'Game History'!G:G,"MRDA",'Game History'!H:H,"Champs",'Game History'!I:I,Instructions!A84)+COUNTIFS('Game History'!A:A,(">"&(TODAY()-365)),'Game History'!G:G,"MRDA",'Game History'!H:H,"Playoff",'Game History'!I:I,Instructions!A84)+COUNTIFS('Game History'!A:A,(">"&(TODAY()-365)),'Game History'!G:G,"MRDA",'Game History'!H:H,"Champs",'Game History'!J:J,Instructions!A84)+COUNTIFS('Game History'!A:A,(">"&(TODAY()-365)),'Game History'!G:G,"MRDA",'Game History'!H:H,"Playoff",'Game History'!J:J,Instructions!A84) -> 0 | C67: =COUNTIFS('Game History'!A:A,(">"&(TODAY()-365)),'Game History'!G:G,"MRDA",'Game History'!H:H,"Sanc",'Game History'!I:I,Instructions!A84)+COUNTIFS('Game History'!A:A,(">"&(TODAY()-365)),'Game History'!G:G,"MRDA",'Game History'!H:H,"Sanc",'Game History'!J:J,Instructions!A84) -> 0 | D67: =COUNTIFS('Game History'!A:A,(">"&(TODAY()-365)),'Game History'!G:G,"MRDA",'Game History'!H:H,"Reg",'Game History'!I:I,Instructions!A84)+COUNTIFS('Game History'!A:A,(">"&(TODAY()-365)),'Game History'!G:G,"MRDA",'Game History'!H:H,"Reg",'Game History'!J:J,Instructions!A84) -> 0 | E67: =SUM(B67+C67+D67) -> 0 | F67: =COUNTIFS('Game History'!A:A,(">"&(TODAY()-365)),'Game History'!G:G,"MRDA",'Game History'!I:I,A67,'Game History'!K:K,"Y")+COUNTIFS('Game History'!A:A,(">"&(TODAY()-365)),'Game History'!G:G,"MRDA",'Game History'!J:J,A67,'Game History'!K:K,"Y") -> 0 | H67: PBM | I67: =COUNTIFS('Game History'!A:A,(">"&(TODAY()-548)),'Game History'!G:G,"MRDA",'Game History'!H:H,"Champs",'Game History'!I:I,Instructions!A84)+COUNTIFS('Game History'!A:A,(">"&(TODAY()-548)),'Game History'!G:G,"MRDA",'Game History'!H:H,"Playoff",'Game History'!I:I,Instructions!A84)+COUNTIFS('Game History'!A:A,(">"&(TODAY()-548)),'Game History'!G:G,"MRDA",'Game History'!H:H,"Champs",'Game History'!J:J,Instructions!A84)+COUNTIFS('Game History'!A:A,(">"&(TODAY()-548)),'Game History'!G:G,"MRDA",'Game History'!H:H,"Playoff",'Game History'!J:J,Instructions!A84) -> 0 | J67: =COUNTIFS('Game History'!A:A,(">"&(TODAY()-548)),'Game History'!G:G,"MRDA",'Game History'!H:H,"Sanc",'Game History'!I:I,Instructions!A84)+COUNTIFS('Game History'!A:A,(">"&(TODAY()-548)),'Game History'!G:G,"MRDA",'Game History'!H:H,"Sanc",'Game History'!J:J,Instructions!A84) -> 0 | K67: =COUNTIFS('Game History'!A:A,(">"&(TODAY()-548)),'Game History'!G:G,"MRDA",'Game History'!H:H,"Reg",'Game History'!I:I,Instructions!A84)+COUNTIFS('Game History'!A:A,(">"&(TODAY()-548)),'Game History'!G:G,"MRDA",'Game History'!H:H,"Reg",'Game History'!J:J,Instructions!A84) -> 0 | L67: =SUM(I67+J67+K67) -> 0 | M67: =COUNTIFS('Game History'!A:A,(">"&(TODAY()-548)),'Game History'!G:G,"MRDA",'Game History'!I:I,A67,'Game History'!K:K,"Y")+COUNTIFS('Game History'!A:A,(">"&(TODAY()-548)),'Game History'!G:G,"MRDA",'Game History'!J:J,A67,'Game History'!K:K,"Y") -> 0
A68: PBT | B68: =COUNTIFS('Game History'!A:A,(">"&(TODAY()-365)),'Game History'!G:G,"MRDA",'Game History'!H:H,"Champs",'Game History'!I:I,Instructions!A85)+COUNTIFS('Game History'!A:A,(">"&(TODAY()-365)),'Game History'!G:G,"MRDA",'Game History'!H:H,"Playoff",'Game History'!I:I,Instructions!A85)+COUNTIFS('Game History'!A:A,(">"&(TODAY()-365)),'Game History'!G:G,"MRDA",'Game History'!H:H,"Champs",'Game History'!J:J,Instructions!A85)+COUNTIFS('Game History'!A:A,(">"&(TODAY()-365)),'Game History'!G:G,"MRDA",'Game History'!H:H,"Playoff",'Game History'!J:J,Instructions!A85) -> 0 | C68: =COUNTIFS('Game History'!A:A,(">"&(TODAY()-365)),'Game History'!G:G,"MRDA",'Game History'!H:H,"Sanc",'Game History'!I:I,Instructions!A85)+COUNTIFS('Game History'!A:A,(">"&(TODAY()-365)),'Game History'!G:G,"MRDA",'Game History'!H:H,"Sanc",'Game History'!J:J,Instructions!A85) -> 0 | D68: =COUNTIFS('Game History'!A:A,(">"&(TODAY()-365)),'Game History'!G:G,"MRDA",'Game History'!H:H,"Reg",'Game History'!I:I,Instructions!A85)+COUNTIFS('Game History'!A:A,(">"&(TODAY()-365)),'Game History'!G:G,"MRDA",'Game History'!H:H,"Reg",'Game History'!J:J,Instructions!A85) -> 0 | E68: =SUM(B68+C68+D68) -> 0 | F68: =COUNTIFS('Game History'!A:A,(">"&(TODAY()-365)),'Game History'!G:G,"MRDA",'Game History'!I:I,A68,'Game History'!K:K,"Y")+COUNTIFS('Game History'!A:A,(">"&(TODAY()-365)),'Game History'!G:G,"MRDA",'Game History'!J:J,A68,'Game History'!K:K,"Y") -> 0 | H68: PBT | I68: =COUNTIFS('Game History'!A:A,(">"&(TODAY()-548)),'Game History'!G:G,"MRDA",'Game History'!H:H,"Champs",'Game History'!I:I,Instructions!A85)+COUNTIFS('Game History'!A:A,(">"&(TODAY()-548)),'Game History'!G:G,"MRDA",'Game History'!H:H,"Playoff",'Game History'!I:I,Instructions!A85)+COUNTIFS('Game History'!A:A,(">"&(TODAY()-548)),'Game History'!G:G,"MRDA",'Game History'!H:H,"Champs",'Game History'!J:J,Instructions!A85)+COUNTIFS('Game History'!A:A,(">"&(TODAY()-548)),'Game History'!G:G,"MRDA",'Game History'!H:H,"Playoff",'Game History'!J:J,Instructions!A85) -> 0 | J68: =COUNTIFS('Game History'!A:A,(">"&(TODAY()-548)),'Game History'!G:G,"MRDA",'Game History'!H:H,"Sanc",'Game History'!I:I,Instructions!A85)+COUNTIFS('Game History'!A:A,(">"&(TODAY()-548)),'Game History'!G:G,"MRDA",'Game History'!H:H,"Sanc",'Game History'!J:J,Instructions!A85) -> 0 | K68: =COUNTIFS('Game History'!A:A,(">"&(TODAY()-548)),'Game History'!G:G,"MRDA",'Game History'!H:H,"Reg",'Game History'!I:I,Instructions!A85)+COUNTIFS('Game History'!A:A,(">"&(TODAY()-548)),'Game History'!G:G,"MRDA",'Game History'!H:H,"Reg",'Game History'!J:J,Instructions!A85) -> 0 | L68: =SUM(I68+J68+K68) -> 0 | M68: =COUNTIFS('Game History'!A:A,(">"&(TODAY()-548)),'Game History'!G:G,"MRDA",'Game History'!I:I,A68,'Game History'!K:K,"Y")+COUNTIFS('Game History'!A:A,(">"&(TODAY()-548)),'Game History'!G:G,"MRDA",'Game History'!J:J,A68,'Game History'!K:K,"Y") -> 0
A69: LT | B69: =COUNTIFS('Game History'!A:A,(">"&(TODAY()-365)),'Game History'!G:G,"MRDA",'Game History'!H:H,"Champs",'Game History'!I:I,Instructions!A86)+COUNTIFS('Game History'!A:A,(">"&(TODAY()-365)),'Game History'!G:G,"MRDA",'Game History'!H:H,"Playoff",'Game History'!I:I,Instructions!A86)+COUNTIFS('Game History'!A:A,(">"&(TODAY()-365)),'Game History'!G:G,"MRDA",'Game History'!H:H,"Champs",'Game History'!J:J,Instructions!A86)+COUNTIFS('Game History'!A:A,(">"&(TODAY()-365)),'Game History'!G:G,"MRDA",'Game History'!H:H,"Playoff",'Game History'!J:J,Instructions!A86) -> 0 | C69: =COUNTIFS('Game History'!A:A,(">"&(TODAY()-365)),'Game History'!G:G,"MRDA",'Game History'!H:H,"Sanc",'Game History'!I:I,Instructions!A86)+COUNTIFS('Game History'!A:A,(">"&(TODAY()-365)),'Game History'!G:G,"MRDA",'Game History'!H:H,"Sanc",'Game History'!J:J,Instructions!A86) -> 0 | D69: =COUNTIFS('Game History'!A:A,(">"&(TODAY()-365)),'Game History'!G:G,"MRDA",'Game History'!H:H,"Reg",'Game History'!I:I,Instructions!A86)+COUNTIFS('Game History'!A:A,(">"&(TODAY()-365)),'Game History'!G:G,"MRDA",'Game History'!H:H,"Reg",'Game History'!J:J,Instructions!A86) -> 0 | E69: =SUM(B69+C69+D69) -> 0 | F69: =COUNTIFS('Game History'!A:A,(">"&(TODAY()-365)),'Game History'!G:G,"MRDA",'Game History'!I:I,A69,'Game History'!K:K,"Y")+COUNTIFS('Game History'!A:A,(">"&(TODAY()-365)),'Game History'!G:G,"MRDA",'Game History'!J:J,A69,'Game History'!K:K,"Y") -> 0 | H69: LT | I69: =COUNTIFS('Game History'!A:A,(">"&(TODAY()-548)),'Game History'!G:G,"MRDA",'Game History'!H:H,"Champs",'Game History'!I:I,Instructions!A86)+COUNTIFS('Game History'!A:A,(">"&(TODAY()-548)),'Game History'!G:G,"MRDA",'Game History'!H:H,"Playoff",'Game History'!I:I,Instructions!A86)+COUNTIFS('Game History'!A:A,(">"&(TODAY()-548)),'Game History'!G:G,"MRDA",'Game History'!H:H,"Champs",'Game History'!J:J,Instructions!A86)+COUNTIFS('Game History'!A:A,(">"&(TODAY()-548)),'Game History'!G:G,"MRDA",'Game History'!H:H,"Playoff",'Game History'!J:J,Instructions!A86) -> 0 | J69: =COUNTIFS('Game History'!A:A,(">"&(TODAY()-548)),'Game History'!G:G,"MRDA",'Game History'!H:H,"Sanc",'Game History'!I:I,Instructions!A86)+COUNTIFS('Game History'!A:A,(">"&(TODAY()-548)),'Game History'!G:G,"MRDA",'Game History'!H:H,"Sanc",'Game History'!J:J,Instructions!A86) -> 0 | K69: =COUNTIFS('Game History'!A:A,(">"&(TODAY()-548)),'Game History'!G:G,"MRDA",'Game History'!H:H,"Reg",'Game History'!I:I,Instructions!A86)+COUNTIFS('Game History'!A:A,(">"&(TODAY()-548)),'Game History'!G:G,"MRDA",'Game History'!H:H,"Reg",'Game History'!J:J,Instructions!A86) -> 0 | L69: =SUM(I69+J69+K69) -> 0 | M69: =COUNTIFS('Game History'!A:A,(">"&(TODAY()-548)),'Game History'!G:G,"MRDA",'Game History'!I:I,A69,'Game History'!K:K,"Y")+COUNTIFS('Game History'!A:A,(">"&(TODAY()-548)),'Game History'!G:G,"MRDA",'Game History'!J:J,A69,'Game History'!K:K,"Y") -> 0
A70: ALT | B70: =COUNTIFS('Game History'!A:A,(">"&(TODAY()-365)),'Game History'!G:G,"MRDA",'Game History'!H:H,"Champs",'Game History'!I:I,Instructions!A88)+COUNTIFS('Game History'!A:A,(">"&(TODAY()-365)),'Game History'!G:G,"MRDA",'Game History'!H:H,"Playoff",'Game History'!I:I,Instructions!A88) -> 0 | C70: =COUNTIFS('Game History'!A:A,(">"&(TODAY()-365)),'Game History'!G:G,"MRDA",'Game History'!H:H,"Sanc",'Game History'!I:I,Instructions!A88) -> 0 | D70: =COUNTIFS('Game History'!A:A,(">"&(TODAY()-365)),'Game History'!G:G,"MRDA",'Game History'!H:H,"Reg",'Game History'!I:I,Instructions!A88) -> 0 | E70: =SUM(B70+C70+D70) -> 0 | H70: ALT | I70: =COUNTIFS('Game History'!A:A,(">"&(TODAY()-548)),'Game History'!G:G,"MRDA",'Game History'!H:H,"Champs",'Game History'!I:I,Instructions!A88)+COUNTIFS('Game History'!A:A,(">"&(TODAY()-548)),'Game History'!G:G,"MRDA",'Game History'!H:H,"Playoff",'Game History'!I:I,Instructions!A88) -> 0 | J70: =COUNTIFS('Game History'!A:A,(">"&(TODAY()-548)),'Game History'!G:G,"MRDA",'Game History'!H:H,"Sanc",'Game History'!I:I,Instructions!A88) -> 0 | K70: =COUNTIFS('Game History'!A:A,(">"&(TODAY()-548)),'Game History'!G:G,"MRDA",'Game History'!H:H,"Reg",'Game History'!I:I,Instructions!A88) -> 0 | L70: =SUM(I70+J70+K70) -> 0
A71: Total* | B71: =SUM(B57:B70) -> 0 | C71: =SUM(C57:C70) -> 0 | D71: =SUM(D57:D70) -> 0 | E71: =SUM(E57:E70) -> 0 | F71: =SUM(F60:F69) -> 0 | H71: Total* | I71: =SUM(I57:I70) -> 0 | J71: =SUM(J57:J70) -> 0 | K71: =SUM(K57:K70) -> 0 | L71: =SUM(L57:L70) -> 0 | M71: =SUM(M60:M69) -> 0
A73: Positional Family Totals (1 Year) | H73: Positional Family Totals (18 MONTHS)
A74: HNSO | D74: =SUM(E57:E59) -> 0 | H74: HNSO | K74: =SUM(L57:L59) -> 0
A75: Penalty Tracking | D75: =SUM(E60:E63) -> 0 | H75: Penalty Tracking | K75: =SUM(L60:L63) -> 0
A76: Scoring and Timing | D76: =SUM(E64:E66) -> 0 | H76: Scoring & Timing | K76: =SUM(L64:L66) -> 0
A77: Penalty Management | D77: =SUM(E67:E69) -> 0 | H77: Penalty Management | K77: =SUM(L67:L69) -> 0

Sheet Other Summary
A1: ALL OTHER DERBY
A2: Skating Positions | C2: Code | D2: Game Designation | I2: Non-Skating Positions | J2: Code | K2: Game Designation
D3: Playoff | E3: Sanc | F3: Reg | G3: Other | K3: Playoff | L3: Sanc | M3: Reg | N3: Other
A4: Head Referee | C4: HR | D4: — | E4: =COUNTIFS('Other History'!H:H,"Sanc",'Other History'!I:I,Instructions!A70) -> 0 | F4: =COUNTIFS('Other History'!H:H,"Reg",'Other History'!I:I,Instructions!A70) -> 0 | G4: =COUNTIFS('Other History'!H:H,"Other",'Other History'!I:I,Instructions!A70) -> 0 | I4: Head NSO | J4: HNSO | K4: — | L4: =COUNTIFS('Other History'!H:H,"Sanc",'Other History'!I:I,Instructions!A73) -> 0 | M4: =COUNTIFS('Other History'!H:H,"Reg",'Other History'!I:I,Instructions!A73) -> 0 | N4: =COUNTIFS('Other History'!H:H,"Other",'Other History'!I:I,Instructions!A73) -> 0
A5: Jammer Referee | C5: JR | D5: =COUNTIFS('Other History'!H:H,"Champs",'Other History'!I:I,Instructions!A74)+COUNTIFS('Other History'!H:H,"Playoff",'Other History'!I:I,Instructions!A74) -> 0 | E5: =COUNTIFS('Other History'!H:H,"Sanc",'Other History'!I:I,Instructions!A74) -> 0 | F5: =COUNTIFS('Other History'!H:H,"Reg",'Other History'!I:I,Instructions!A74) -> 0 | G5: =COUNTIFS('Other History'!H:H,"Other",'Other History'!I:I,Instructions!A74) -> 0 | I5: Penalty Tracker | J5: PT | K5: =COUNTIFS('Other History'!H:H,"Champs",'Other History'!I:I,Instructions!A77)+COUNTIFS('Other History'!H:H,"Playoff",'Other History'!I:I,Instructions!A77) -> 0 | L5: =COUNTIFS('Other History'!H:H,"Sanc",'Other History'!I:I,Instructions!A77) -> 0 | M5: =COUNTIFS('Other History'!H:H,"Reg",'Other History'!I:I,Instructions!A77) -> 0 | N5: =COUNTIFS('Other History'!H:H,"Other",'Other History'!I:I,Instructions!A77) -> 0
A6: Inside Pack Referee | C6: IPR | D6: =COUNTIFS('Other History'!H:H,"Champs",'Other History'!I:I,Instructions!A75)+COUNTIFS('Other History'!H:H,"Playoff",'Other History'!I:I,Instructions!A75) -> 0 | E6: =COUNTIFS('Other History'!H:H,"Sanc",'Other History'!I:I,Instructions!A75) -> 0 | F6: =COUNTIFS('Other History'!H:H,"Reg",'Other History'!I:I,Instructions!A75) -> 0 | G6: =COUNTIFS('Other History'!H:H,"Other",'Other History'!I:I,Instructions!A75) -> 0 | I6: Penalty Wrangler | J6: PW | K6: =COUNTIFS('Other History'!H:H,"Champs",'Other History'!I:I,Instructions!A78)+COUNTIFS('Other History'!H:H,"Playoff",'Other History'!I:I,Instructions!A78) -> 0 | L6: =COUNTIFS('Other History'!H:H,"Sanc",'Other History'!I:I,Instructions!A78) -> 0 | M6: =COUNTIFS('Other History'!H:H,"Reg",'Other History'!I:I,Instructions!A78) -> 0 | N6: =COUNTIFS('Other History'!H:H,"Other",'Other History'!I:I,Instructions!A78) -> 0
A7: Outside Pack Referee | C7: OPR | D7: =COUNTIFS('Other History'!H:H,"Champs",'Other History'!I:I,Instructions!A76)+COUNTIFS('Other History'!H:H,"Playoff",'Other History'!I:I,Instructions!A76) -> 0 | E7: =COUNTIFS('Other History'!H:H,"Sanc",'Other History'!I:I,Instructions!A76) -> 0 | F7: =COUNTIFS('Other History'!H:H,"Reg",'Other History'!I:I,Instructions!A76) -> 0 | G7: =COUNTIFS('Other History'!H:H,"Other",'Other History'!I:I,Instructions!A76) -> 0 | I7: Inside White Board | J7: IWB | K7: =COUNTIFS('Other History'!H:H,"Champs",'Other History'!I:I,Instructions!A79)+COUNTIFS('Other History'!H:H,"Playoff",'Other History'!I:I,Instructions!A79) -> 0 | L7: =COUNTIFS('Other History'!H:H,"Sanc",'Other History'!I:I,Instructions!A79) -> 0 | M7: =COUNTIFS('Other History'!H:H,"Reg",'Other History'!I:I,Instructions!A79) -> 0 | N7: =COUNTIFS('Other History'!H:H,"Other",'Other History'!I:I,Instructions!A79) -> 0
A8: Alternate Referee | C8: ALTR | D8: =COUNTIFS('Other History'!H:H,"Champs",'Other History'!I:I,Instructions!A87)+COUNTIFS('Other History'!H:H,"Playoff",'Other History'!I:I,Instructions!A87) -> 0 | E8: =COUNTIFS('Other History'!H:H,"Sanc",'Other History'!I:I,Instructions!A87) -> 0 | F8: =COUNTIFS('Other History'!H:H,"Reg",'Other History'!I:I,Instructions!A87) -> 0 | G8: =COUNTIFS('Other History'!H:H,"Other",'Other History'!I:I,Instructions!A87) -> 0 | I8: Outside White Board | J8: OWB | K8: =COUNTIFS('Other History'!H:H,"Champs",'Other History'!I:I,Instructions!A80)+COUNTIFS('Other History'!H:H,"Playoff",'Other History'!I:I,Instructions!A80) -> 0 | L8: =COUNTIFS('Other History'!H:H,"Sanc",'Other History'!I:I,Instructions!A80) -> 0 | M8: =COUNTIFS('Other History'!H:H,"Reg",'Other History'!I:I,Instructions!A80) -> 0 | N8: =COUNTIFS('Other History'!H:H,"Other",'Other History'!I:I,Instructions!A80) -> 0
A9: Total Referee | D9: =SUM(D5:D8) -> 0 | E9: =SUM(E4:E8) -> 0 | F9: =SUM(F4:F8) -> 0 | G9: =SUM(G4:G8) -> 0 | I9: Jam Timer | J9: JT | K9: =COUNTIFS('Other History'!H:H,"Champs",'Other History'!I:I,Instructions!A81)+COUNTIFS('Other History'!H:H,"Playoff",'Other History'!I:I,Instructions!A81) -> 0 | L9: =COUNTIFS('Other History'!H:H,"Sanc",'Other History'!I:I,Instructions!A81) -> 0 | M9: =COUNTIFS('Other History'!H:H,"Reg",'Other History'!I:I,Instructions!A81) -> 0 | N9: =COUNTIFS('Other History'!H:H,"Other",'Other History'!I:I,Instructions!A81) -> 0
I10: Scorekeeper | J10: SK | K10: =COUNTIFS('Other History'!H:H,"Champs",'Other History'!I:I,Instructions!A82)+COUNTIFS('Other History'!H:H,"Playoff",'Other History'!I:I,Instructions!A82) -> 0 | L10: =COUNTIFS('Other History'!H:H,"Sanc",'Other History'!I:I,Instructions!A82) -> 0 | M10: =COUNTIFS('Other History'!H:H,"Reg",'Other History'!I:I,Instructions!A82) -> 0 | N10: =COUNTIFS('Other History'!H:H,"Other",'Other History'!I:I,Instructions!A82) -> 0
A11: Tournament Head Referee | C11: THR | D11: =COUNTIFS('Other History'!H:H,"Champs",'Other History'!I:I,Instructions!A68)+COUNTIFS('Other History'!H:H,"Playoff",'Other History'!I:I,Instructions!A68) -> 0 | E11: =COUNTIFS('Other History'!H:H,"Sanc",'Other History'!I:I,Instructions!A68) -> 0 | F11: =COUNTIFS('Other History'!H:H,"Reg",'Other History'!I:I,Instructions!A68) -> 0 | G11: =COUNTIFS('Other History'!H:H,"Other",'Other History'!I:I,Instructions!A68) -> 0 | I11: Scoreboard Operator | J11: SO | K11: =COUNTIFS('Other History'!H:H,"Champs",'Other History'!I:I,Instructions!A83)+COUNTIFS('Other History'!H:H,"Playoff",'Other History'!I:I,Instructions!A83) -> 0 | L11: =COUNTIFS('Other History'!H:H,"Sanc",'Other History'!I:I,Instructions!A83) -> 0 | M11: =COUNTIFS('Other History'!H:H,"Reg",'Other History'!I:I,Instructions!A83) -> 0 | N11: =COUNTIFS('Other History'!H:H,"Other",'Other History'!I:I,Instructions!A83) -> 0
A12: Crew Head Referee | C12: CHR | D12: =COUNTIFS('Other History'!H:H,"Champs",'Other History'!I:I,Instructions!A69)+COUNTIFS('Other History'!H:H,"Playoff",'Other History'!I:I,Instructions!A69)+COUNTIFS('Other History'!H:H,"Champs",'Other History'!I:I,Instructions!A70)+COUNTIFS('Other History'!H:H,"Playoff",'Other History'!I:I,Instructions!A70) -> 0 | E12: =COUNTIFS('Other History'!H:H,"Sanc",'Other History'!I:I,Instructions!A69) -> 0 | F12: =COUNTIFS('Other History'!H:H,"Reg",'Other History'!I:I,Instructions!A69) -> 0 | G12: =COUNTIFS('Other History'!H:H,"Other",'Other History'!I:I,Instructions!A69) -> 0 | I12: Penalty Box Manager | J12: PBM | K12: =COUNTIFS('Other History'!H:H,"Champs",'Other History'!I:I,Instructions!A84)+COUNTIFS('Other History'!H:H,"Playoff",'Other History'!I:I,Instructions!A84) -> 0 | L12: =COUNTIFS('Other History'!H:H,"Sanc",'Other History'!I:I,Instructions!A84) -> 0 | M12: =COUNTIFS('Other History'!H:H,"Reg",'Other History'!I:I,Instructions!A84) -> 0 | N12: =COUNTIFS('Other History'!H:H,"Other",'Other History'!I:I,Instructions!A84) -> 0
A13: Games Official | C13: GO | D13: =COUNTIFS('Other History'!H:H,"Champs",'Other History'!I:I,Instructions!A67)+COUNTIFS('Other History'!H:H,"Playoff",'Other History'!I:I,Instructions!A67) -> 0 | E13: =COUNTIFS('Other History'!H:H,"Sanc",'Other History'!I:I,Instructions!A67) -> 0 | F13: =COUNTIFS('Other History'!H:H,"Reg",'Other History'!I:I,Instructions!A67) -> 0 | G13: =COUNTIFS('Other History'!H:H,"Other",'Other History'!I:I,Instructions!A67) -> 0 | I13: Penalty Box Timer | J13: PBT | K13: =COUNTIFS('Other History'!H:H,"Champs",'Other History'!I:I,Instructions!A85)+COUNTIFS('Other History'!H:H,"Playoff",'Other History'!I:I,Instructions!A85) -> 0 | L13: =COUNTIFS('Other History'!H:H,"Sanc",'Other History'!I:I,Instructions!A85) -> 0 | M13: =COUNTIFS('Other History'!H:H,"Reg",'Other History'!I:I,Instructions!A85) -> 0 | N13: =COUNTIFS('Other History'!H:H,"Other",'Other History'!I:I,Instructions!A85) -> 0
A14: Tournament Head NSO | C14: THNSO | D14: =COUNTIFS('Other History'!H:H,"Champs",'Other History'!I:I,Instructions!A71)+COUNTIFS('Other History'!H:H,"Playoff",'Other History'!I:I,Instructions!A71) -> 0 | E14: =COUNTIFS('Other History'!H:H,"Sanc",'Other History'!I:I,Instructions!A71) -> 0 | F14: =COUNTIFS('Other History'!H:H,"Reg",'Other History'!I:I,Instructions!A71) -> 0 | G14: =COUNTIFS('Other History'!H:H,"Other",'Other History'!I:I,Instructions!A71) -> 0 | I14: Lineup Tracker | J14: LT | K14: =COUNTIFS('Other History'!H:H,"Champs",'Other History'!I:I,Instructions!A86)+COUNTIFS('Other History'!H:H,"Playoff",'Other History'!I:I,Instructions!A86) -> 0 | L14: =COUNTIFS('Other History'!H:H,"Sanc",'Other History'!I:I,Instructions!A86) -> 0 | M14: =COUNTIFS('Other History'!H:H,"Reg",'Other History'!I:I,Instructions!A86) -> 0 | N14: =COUNTIFS('Other History'!H:H,"Other",'Other History'!I:I,Instructions!A86) -> 0
A15: Crew Head NSO | C15: CHNSO | D15: =COUNTIFS('Other History'!H:H,"Champs",'Other History'!I:I,Instructions!A72)+COUNTIFS('Other History'!H:H,"Playoff",'Other History'!I:I,Instructions!A72)+COUNTIFS('Other History'!H:H,"Champs",'Other History'!I:I,Instructions!A73)+COUNTIFS('Other History'!H:H,"Playoff",'Other History'!I:I,Instructions!A73) -> 0 | E15: =COUNTIFS('Other History'!H:H,"Sanc",'Other History'!I:I,Instructions!A72) -> 0 | F15: =COUNTIFS('Other History'!H:H,"Reg",'Other History'!I:I,Instructions!A72) -> 0 | G15: =COUNTIFS('Other History'!H:H,"Other",'Other History'!I:I,Instructions!A72) -> 0 | I15: Alternate NSO | J15: ALTN | K15: =COUNTIFS('Other History'!H:H,"Champs",'Other History'!I:I,Instructions!A88)+COUNTIFS('Other History'!H:H,"Playoff",'Other History'!I:I,Instructions!A88) -> 0 | L15: =COUNTIFS('Other History'!H:H,"Sanc",'Other History'!I:I,Instructions!A88) -> 0 | M15: =COUNTIFS('Other History'!H:H,"Reg",'Other History'!I:I,Instructions!A88) -> 0 | N15: =COUNTIFS('Other History'!H:H,"Other",'Other History'!I:I,Instructions!A88) -> 0
I16: Total NSO | K16: =SUM(K5:K15) -> 0 | L16: =SUM(L4:L15) -> 0 | M16: =SUM(M4:M15) -> 0 | N16: =SUM(N4:N15) -> 0
A17: All Other Officiating Clinics Attended | I17: Total Software Operator Game Experience | M17: =COUNTIFS('Other History'!H:H,"JRDA",'Other History'!L:L,"Y") -> 0
A18: REF or NSO Track | B18: Location | C18: Year | D18: REF or NSO Track | E18: Location | G18: Year
I19: All Other Games Totals | K19: Current Rule Set | M19: Lifetime
K20: Referee | L20: NSO | M20: Referee | N20: NSO
