Workbook

Sheet Instructions
A1: =IFERROR(__xludf.dummyfunction("IMPORTRANGE(""1V5OIElI2MQo07KSlDqNMWMvWuTLDbyT-YC4EEx4A3Gw"", ""Live Instructions!A1:K123"")"),"#REF!") -> #REF! | J1: ="COMPUTED_VALUE" -> COMPUTED_VALUE | K1: ="COMPUTED_VALUE" -> COMPUTED_VALUE
A2: ="COMPUTED_VALUE" -> COMPUTED_VALUE
A4: ="COMPUTED_VALUE" -> COMPUTED_VALUE
A5: ="COMPUTED_VALUE" -> COMPUTED_VALUE | F5: ="COMPUTED_VALUE" -> COMPUTED_VALUE | I5: ="COMPUTED_VALUE" -> COMPUTED_VALUE
A6: ="COMPUTED_VALUE" -> COMPUTED_VALUE | E6: ="COMPUTED_VALUE" -> COMPUTED_VALUE
A8: ="COMPUTED_VALUE" -> COMPUTED_VALUE
A9: ="COMPUTED_VALUE" -> COMPUTED_VALUE
A10: ="COMPUTED_VALUE" -> COMPUTED_VALUE
A12: ="COMPUTED_VALUE" -> COMPUTED_VALUE
A13: ="COMPUTED_VALUE" -> COMPUTED_VALUE
A14: ="COMPUTED_VALUE" -> COMPUTED_VALUE
A15: ="COMPUTED_VALUE" -> COMPUTED_VALUE
A16: ="COMPUTED_VALUE" -> COMPUTED_VALUE
A17: ="COMPUTED_VALUE" -> COMPUTED_VALUE
A19: ="COMPUTED_VALUE" -> COMPUTED_VALUE
A20: ="COMPUTED_VALUE" -> COMPUTED_VALUE
A21: ="COMPUTED_VALUE" -> COMPUTED_VALUE
A22: ="COMPUTED_VALUE" -> COMPUTED_VALUE
B23: ="COMPUTED_VALUE" -> COMPUTED_VALUE
A24: ="COMPUTED_VALUE" -> COMPUTED_VALUE
A26: ="COMPUTED_VALUE" -> COMPUTED_VALUE
A27: ="COMPUTED_VALUE" -> COMPUTED_VALUE
A28: ="COMPUTED_VALUE" -> COMPUTED_VALUE
A29: ="COMPUTED_VALUE" -> COMPUTED_VALUE
B30: ="COMPUTED_VALUE" -> COMPUTED_VALUE
A31: ="COMPUTED_VALUE" -> COMPUTED_VALUE
B32: ="COMPUTED_VALUE" -> COMPUTED_VALUE
A34: ="COMPUTED_VALUE" -> COMPUTED_VALUE
A35: ="COMPUTED_VALUE" -> COMPUTED_VALUE
A36: ="COMPUTED_VALUE" -> COMPUTED_VALUE
A37: ="COMPUTED_VALUE" -> COMPUTED_VALUE
B38: ="COMPUTED_VALUE" -> COMPUTED_VALUE
B39: ="COMPUTED_VALUE" -> COMPUTED_VALUE
B40: ="COMPUTED_VALUE" -> COMPUTED_VALUE
A41: ="COMPUTED_VALUE" -> COMPUTED_VALUE
B42: ="COMPUTED_VALUE" -> COMPUTED_VALUE
A43: ="COMPUTED_VALUE" -> COMPUTED_VALUE
A44: ="COMPUTED_VALUE" -> COMPUTED_VALUE
A45: ="COMPUTED_VALUE" -> COMPUTED_VALUE | K45: ="COMPUTED_VALUE" -> COMPUTED_VALUE
A47: ="COMPUTED_VALUE" -> COMPUTED_VALUE
A48: ="COMPUTED_VALUE" -> COMPUTED_VALUE
B49: ="COMPUTED_VALUE" -> COMPUTED_VALUE
A50: ="COMPUTED_VALUE" -> COMPUTED_VALUE
B51: ="COMPUTED_VALUE" -> COMPUTED_VALUE
A52: ="COMPUTED_VALUE" -> COMPUTED_VALUE | E52: ="COMPUTED_VALUE" -> COMPUTED_VALUE
A54: ="COMPUTED_VALUE" -> COMPUTED_VALUE | G54: ="COMPUTED_VALUE" -> COMPUTED_VALUE
A55: ="COMPUTED_VALUE" -> COMPUTED_VALUE | B55: ="COMPUTED_VALUE" -> COMPUTED_VALUE | D55: ="COMPUTED_VALUE" -> COMPUTED_VALUE | G55: ="COMPUTED_VALUE" -> COMPUTED_VALUE | H55: ="COMPUTED_VALUE" -> COMPUTED_VALUE
A56: ="COMPUTED_VALUE" -> COMPUTED_VALUE | B56: ="COMPUTED_VALUE" -> COMPUTED_VALUE | D56: ="COMPUTED_VALUE" -> COMPUTED_VALUE | G56: ="COMPUTED_VALUE" -> COMPUTED_VALUE | H56: ="COMPUTED_VALUE" -> COMPUTED_VALUE
A57: ="COMPUTED_VALUE" -> COMPUTED_VALUE | B57: ="COMPUTED_VALUE" -> COMPUTED_VALUE | D57: ="COMPUTED_VALUE" -> COMPUTED_VALUE | G57: ="COMPUTED_VALUE" -> COMPUTED_VALUE | H57: ="COMPUTED_VALUE" -> COMPUTED_VALUE
A59: ="COMPUTED_VALUE" -> COMPUTED_VALUE
A60: ="COMPUTED_VALUE" -> COMPUTED_VALUE | B60: ="COMPUTED_VALUE" -> COMPUTED_VALUE | D60: ="COMPUTED_VALUE" -> COMPUTED_VALUE
A61: ="COMPUTED_VALUE" -> COMPUTED_VALUE | B61: ="COMPUTED_VALUE" -> COMPUTED_VALUE | D61: ="COMPUTED_VALUE" -> COMPUTED_VALUE
A62: ="COMPUTED_VALUE" -> COMPUTED_VALUE | B62: ="COMPUTED_VALUE" -> COMPUTED_VALUE | D62: ="COMPUTED_VALUE" -> COMPUTED_VALUE
A63: ="COMPUTED_VALUE" -> COMPUTED_VALUE | B63: ="COMPUTED_VALUE" -> COMPUTED_VALUE | D63: ="COMPUTED_VALUE" -> COMPUTED_VALUE
A64: ="COMPUTED_VALUE" -> COMPUTED_VALUE | B64: ="COMPUTED_VALUE" -> COMPUTED_VALUE | D64: ="COMPUTED_VALUE" -> COMPUTED_VALUE
A66: ="COMPUTED_VALUE" -> COMPUTED_VALUE | B66: ="COMPUTED_VALUE" -> COMPUTED_VALUE | D66: ="COMPUTED_VALUE" -> COMPUTED_VALUE
A67: ="COMPUTED_VALUE" -> COMPUTED_VALUE | B67: ="COMPUTED_VALUE" -> COMPUTED_VALUE | D67: ="COMPUTED_VALUE" -> COMPUTED_VALUE
A68: ="COMPUTED_VALUE" -> COMPUTED_VALUE | B68: ="COMPUTED_VALUE" -> COMPUTED_VALUE | D68: ="COMPUTED_VALUE" -> COMPUTED_VALUE
A69: ="COMPUTED_VALUE" -> COMPUTED_VALUE | B69: ="COMPUTED_VALUE" -> COMPUTED_VALUE | D69: ="COMPUTED_VALUE" -> COMPUTED_VALUE
A70: ="COMPUTED_VALUE" -> COMPUTED_VALUE | B70: ="COMPUTED_VALUE" -> COMPUTED_VALUE | D70: ="COMPUTED_VALUE" -> COMPUTED_VALUE
A71: ="COMPUTED_VALUE" -> COMPUTED_VALUE | B71: ="COMPUTED_VALUE" -> COMPUTED_VALUE | D71: ="COMPUTED_VALUE" -> COMPUTED_VALUE
A72: ="COMPUTED_VALUE" -> COMPUTED_VALUE | B72: ="COMPUTED_VALUE" -> COMPUTED_VALUE | D72: ="COMPUTED_VALUE" -> COMPUTED_VALUE
... A88: ="COMPUTED_VALUE" -> COMPUTED_VALUE | B88: ="COMPUTED_VALUE" -> COMPUTED_VALUE | D88: ="COMPUTED_VALUE" -> COMPUTED_VALUE
A90: ="COMPUTED_VALUE" -> COMPUTED_VALUE
A91: ="COMPUTED_VALUE" -> COMPUTED_VALUE
A92: ="COMPUTED_VALUE" -> COMPUTED_VALUE
A94: ="COMPUTED_VALUE" -> COMPUTED_VALUE
A95: ="COMPUTED_VALUE" -> COMPUTED_VALUE
A97: ="COMPUTED_VALUE" -> COMPUTED_VALUE
A98: ="COMPUTED_VALUE" -> COMPUTED_VALUE
B99: ="COMPUTED_VALUE" -> COMPUTED_VALUE
A100: ="COMPUTED_VALUE" -> COMPUTED_VALUE
A102: ="COMPUTED_VALUE" -> COMPUTED_VALUE
A103: ="COMPUTED_VALUE" -> COMPUTED_VALUE | B103: ="COMPUTED_VALUE" -> COMPUTED_VALUE
A104: ="COMPUTED_VALUE" -> COMPUTED_VALUE

Sheet Summary
A1: Flat Track Derby Game History Summary | L1: =image("http://wftda.com/wftda-logo.png", 4, 50, 50) -> #NAME? | N1: =image("http://wftda.com/mrda.jpg", 4, 50, 34) -> #NAME?
A3: Official's Legal Name | C3: Alan Robertson | I3: Today's Date | J3: =TODAY() -> 46200
A4: Official's Derby Name | C4: Redacted | I4: Officiating Since | J4: 44807
A5: Affiliated League | C5: Sydney Roller Derby League
A6: Insurance # | F6: Provider | H6: Skate Victoria
A7: Ref Cert Level | E7: Endorsement(s)
A8: NSO Cert Level | E8: Endorsement(s)
A10: WFTDA
A11: Skating Positions | C11: Code | D11: Game Designation | I11: Non-Skating Positions | J11: Code | K11: Game Designation
D12: Playoff | E12: Sanc | F12: Reg | G12: Other | K12: Playoff | L12: Sanc | M12: Reg | N12: Other
A13: Head Referee | C13: HR | D13: — | E13: =COUNTIFS('Game History'!$G:$G,"WFTDA",'Game History'!$H:$H,"Sanc", 'Game History'!$I:$I,$C13) -> 0 | F13: =COUNTIFS('Game History'!$G:$G,"WFTDA",'Game History'!$H:$H,"Reg", 'Game History'!$I:$I,$C13) -> 0 | G13: =COUNTIFS('Game History'!$G:$G,"WFTDA",'Game History'!$H:$H,"Other", 'Game History'!$I:$I,$C13) -> 0 | I13: Head NSO | J13: HNSO | K13: — | L13: =COUNTIFS('Game History'!$G:$G,"WFTDA",'Game History'!$H:$H,"Sanc", 'Game History'!$I:$I,$J13) -> 0 | M13: =COUNTIFS('Game History'!$G:$G,"WFTDA",'Game History'!$H:$H,"Reg", 'Game History'!$I:$I,$J13) -> 0 | N13: =COUNTIFS('Game History'!$G:$G,"WFTDA",'Game History'!$H:$H,"Other", 'Game History'!$I:$I,$J13) -> 0
A14: Jammer Referee | C14: JR | D14: =COUNTIFS('Game History'!$G:$G,"WFTDA",'Game History'!$H:$H,"Playoff", 'Game History'!$I:$I,$C14) -> 0 | E14: =COUNTIFS('Game History'!$G:$G,"WFTDA",'Game History'!$H:$H,"Sanc", 'Game History'!$I:$I,$C14) -> 2 | F14: =COUNTIFS('Game History'!$G:$G,"WFTDA",'Game History'!$H:$H,"Reg", 'Game History'!$I:$I,$C14) -> 5 | G14: =COUNTIFS('Game History'!$G:$G,"WFTDA",'Game History'!$H:$H,"Other", 'Game History'!$I:$I,$C14) -> 4 | I14: Penalty Tracker | J14: PT | K14: =COUNTIFS('Game History'!$G:$G,"WFTDA",'Game History'!$H:$H,"Playoff", 'Game History'!$I:$I,$J14) -> 0 | L14: =COUNTIFS('Game History'!$G:$G,"WFTDA",'Game History'!$H:$H,"Sanc", 'Game History'!$I:$I,$J14) -> 0 | M14: =COUNTIFS('Game History'!$G:$G,"WFTDA",'Game History'!$H:$H,"Reg", 'Game History'!$I:$I,$J14) -> 2 | N14: =COUNTIFS('Game History'!$G:$G,"WFTDA",'Game History'!$H:$H,"Other", 'Game History'!$I:$I,$J14) -> 2
A15: Inside Pack Referee | C15: IPR | D15: =COUNTIFS('Game History'!$G:$G,"WFTDA",'Game History'!$H:$H,"Playoff", 'Game History'!$I:$I,$C15) -> 0 | E15: =COUNTIFS('Game History'!$G:$G,"WFTDA",'Game History'!$H:$H,"Sanc", 'Game History'!$I:$I,$C15) -> 0 | F15: =COUNTIFS('Game History'!$G:$G,"WFTDA",'Game History'!$H:$H,"Reg", 'Game History'!$I:$I,$C15) -> 0 | G15: =COUNTIFS('Game History'!$G:$G,"WFTDA",'Game History'!$H:$H,"Other", 'Game History'!$I:$I,$C15) -> 1 | I15: Penalty Wrangler | J15: PW | K15: =COUNTIFS('Game History'!$G:$G,"WFTDA",'Game History'!$H:$H,"Playoff", 'Game History'!$I:$I,$J15) -> 0 | L15: =COUNTIFS('Game History'!$G:$G,"WFTDA",'Game History'!$H:$H,"Sanc", 'Game History'!$I:$I,$J15) -> 0 | M15: =COUNTIFS('Game History'!$G:$G,"WFTDA",'Game History'!$H:$H,"Reg", 'Game History'!$I:$I,$J15) -> 0 | N15: =COUNTIFS('Game History'!$G:$G,"WFTDA",'Game History'!$H:$H,"Other", 'Game History'!$I:$I,$J15) -> 0
A16: Outside Pack Referee | C16: OPR | D16: =COUNTIFS('Game History'!$G:$G,"WFTDA",'Game History'!$H:$H,"Playoff", 'Game History'!$I:$I,$C16) -> 2 | E16: =COUNTIFS('Game History'!$G:$G,"WFTDA",'Game History'!$H:$H,"Sanc", 'Game History'!$I:$I,$C16) -> 5 | F16: =COUNTIFS('Game History'!$G:$G,"WFTDA",'Game History'!$H:$H,"Reg", 'Game History'!$I:$I,$C16) -> 16 | G16: =COUNTIFS('Game History'!$G:$G,"WFTDA",'Game History'!$H:$H,"Other", 'Game History'!$I:$I,$C16) -> 4 | I16: Inside White Board | J16: IWB | K16: =COUNTIFS('Game History'!$G:$G,"WFTDA",'Game History'!$H:$H,"Playoff", 'Game History'!$I:$I,$J16) -> 0 | L16: =COUNTIFS('Game History'!$G:$G,"WFTDA",'Game History'!$H:$H,"Sanc", 'Game History'!$I:$I,$J16) -> 0 | M16: =COUNTIFS('Game History'!$G:$G,"WFTDA",'Game History'!$H:$H,"Reg", 'Game History'!$I:$I,$J16) -> 0 | N16: =COUNTIFS('Game History'!$G:$G,"WFTDA",'Game History'!$H:$H,"Other", 'Game History'!$I:$I,$J16) -> 0
A17: Alternate Referee | C17: ALTR | D17: =COUNTIFS('Game History'!$G:$G,"WFTDA",'Game History'!$H:$H,"Playoff", 'Game History'!$I:$I,$C17) -> 0 | E17: =COUNTIFS('Game History'!$G:$G,"WFTDA",'Game History'!$H:$H,"Sanc", 'Game History'!$I:$I,$C17) -> 0 | F17: =COUNTIFS('Game History'!$G:$G,"WFTDA",'Game History'!$H:$H,"Reg", 'Game History'!$I:$I,$C17) -> 1 | G17: =COUNTIFS('Game History'!$G:$G,"WFTDA",'Game History'!$H:$H,"Other", 'Game History'!$I:$I,$C17) -> 1 | I17: Outside White Board | J17: OWB | K17: =COUNTIFS('Game History'!$G:$G,"WFTDA",'Game History'!$H:$H,"Playoff", 'Game History'!$I:$I,$J17) -> 0 | L17: =COUNTIFS('Game History'!$G:$G,"WFTDA",'Game History'!$H:$H,"Sanc", 'Game History'!$I:$I,$J17) -> 0 | M17: =COUNTIFS('Game History'!$G:$G,"WFTDA",'Game History'!$H:$H,"Reg", 'Game History'!$I:$I,$J17) -> 0 | N17: =COUNTIFS('Game History'!$G:$G,"WFTDA",'Game History'!$H:$H,"Other", 'Game History'!$I:$I,$J17) -> 0
A18: Total Referee | D18: =SUM(D14:D17) -> 2 | E18: =SUM(E13:E17) -> 7 | F18: =SUM(F13:F17) -> 22 | G18: =SUM(G13:G17) -> 10 | I18: Jam Timer | J18: JT | K18: =COUNTIFS('Game History'!$G:$G,"WFTDA",'Game History'!$H:$H,"Playoff", 'Game History'!$I:$I,$J18) -> 0 | L18: =COUNTIFS('Game History'!$G:$G,"WFTDA",'Game History'!$H:$H,"Sanc", 'Game History'!$I:$I,$J18) -> 0 | M18: =COUNTIFS('Game History'!$G:$G,"WFTDA",'Game History'!$H:$H,"Reg", 'Game History'!$I:$I,$J18) -> 5 | N18: =COUNTIFS('Game History'!$G:$G,"WFTDA",'Game History'!$H:$H,"Other", 'Game History'!$I:$I,$J18) -> 0
I19: Scorekeeper | J19: SK | K19: =COUNTIFS('Game History'!$G:$G,"WFTDA",'Game History'!$H:$H,"Playoff", 'Game History'!$I:$I,$J19) -> 0 | L19: =COUNTIFS('Game History'!$G:$G,"WFTDA",'Game History'!$H:$H,"Sanc", 'Game History'!$I:$I,$J19) -> 1 | M19: =COUNTIFS('Game History'!$G:$G,"WFTDA",'Game History'!$H:$H,"Reg", 'Game History'!$I:$I,$J19) -> 4 | N19: =COUNTIFS('Game History'!$G:$G,"WFTDA",'Game History'!$H:$H,"Other", 'Game History'!$I:$I,$J19) -> 2
A20: Tournament Head Referee | C20: THR | D20: =COUNTIFS('Game History'!G:G,"WFTDA",'Game History'!H:H,"Champs",'Game History'!I:I,Instructions!A68)+COUNTIFS('Game History'!G:G,"WFTDA",'Game History'!H:H,"Playoff",'Game History'!I:I,Instructions!A68) -> 0 | E20: =COUNTIFS('Game History'!G:G,"WFTDA",'Game History'!H:H,"Sanc",'Game History'!I:I,Instructions!A68) -> 0 | F20: =COUNTIFS('Game History'!G:G,"WFTDA",'Game History'!H:H,"Reg",'Game History'!I:I,Instructions!A68) -> 0 | G20: =COUNTIFS('Game History'!G:G,"WFTDA",'Game History'!H:H,"Other",'Game History'!I:I,Instructions!A68) -> 0 | I20: Scoreboard Operator | J20: SO | K20: =COUNTIFS('Game History'!$G:$G,"WFTDA",'Game History'!$H:$H,"Playoff", 'Game History'!$I:$I,$J20) -> 2 | L20: =COUNTIFS('Game History'!$G:$G,"WFTDA",'Game History'!$H:$H,"Sanc", 'Game History'!$I:$I,$J20) -> 1 | M20: =COUNTIFS('Game History'!$G:$G,"WFTDA",'Game History'!$H:$H,"Reg", 'Game History'!$I:$I,$J20) -> 7 | N20: =COUNTIFS('Game History'!$G:$G,"WFTDA",'Game History'!$H:$H,"Other", 'Game History'!$I:$I,$J20) -> 2
A21: Crew Head Referee | C21: CHR | D21: =COUNTIFS('Game History'!G:G,"WFTDA",'Game History'!H:H,"Champs",'Game History'!I:I,Instructions!A69)+COUNTIFS('Game History'!G:G,"WFTDA",'Game History'!H:H,"Playoff",'Game History'!I:I,Instructions!A69)+COUNTIFS('Game History'!G:G,"WFTDA",'Game History'!H:H,"Champs",'Game History'!I:I,Instructions!A70)+COUNTIFS('Game History'!G:G,"WFTDA",'Game History'!H:H,"Playoff",'Game History'!I:I,Instructions!A70) -> 0 | E21: =COUNTIFS('Game History'!G:G,"WFTDA",'Game History'!H:H,"Sanc",'Game History'!I:I,Instructions!A69) -> 0 | F21: =COUNTIFS('Game History'!G:G,"WFTDA",'Game History'!H:H,"Reg",'Game History'!I:I,Instructions!A69) -> 0 | G21: =COUNTIFS('Game History'!G:G,"WFTDA",'Game History'!H:H,"Other",'Game History'!I:I,Instructions!A69) -> 0 | I21: Penalty Box Manager | J21: PBM | K21: =COUNTIFS('Game History'!$G:$G,"WFTDA",'Game History'!$H:$H,"Playoff", 'Game History'!$I:$I,$J21) -> 0 | L21: =COUNTIFS('Game History'!$G:$G,"WFTDA",'Game History'!$H:$H,"Sanc", 'Game History'!$I:$I,$J21) -> 0 | M21: =COUNTIFS('Game History'!$G:$G,"WFTDA",'Game History'!$H:$H,"Reg", 'Game History'!$I:$I,$J21) -> 3 | N21: =COUNTIFS('Game History'!$G:$G,"WFTDA",'Game History'!$H:$H,"Other", 'Game History'!$I:$I,$J21) -> 0
A22: Games Official | C22: GO | D22: =COUNTIFS('Game History'!G:G,"WFTDA",'Game History'!H:H,"Champs",'Game History'!I:I,Instructions!A67)+COUNTIFS('Game History'!G:G,"WFTDA",'Game History'!H:H,"Playoff",'Game History'!I:I,Instructions!A67) -> 0 | E22: =COUNTIFS('Game History'!G:G,"WFTDA",'Game History'!H:H,"Sanc",'Game History'!I:I,Instructions!A67) -> 0 | F22: =COUNTIFS('Game History'!G:G,"WFTDA",'Game History'!H:H,"Reg",'Game History'!I:I,Instructions!A67) -> 0 | G22: =COUNTIFS('Game History'!G:G,"WFTDA",'Game History'!H:H,"Other",'Game History'!I:I,Instructions!A67) -> 0 | I22: Penalty Box Timer | J22: PBT | K22: =COUNTIFS('Game History'!$G:$G,"WFTDA",'Game History'!$H:$H,"Playoff", 'Game History'!$I:$I,$J22) -> 0 | L22: =COUNTIFS('Game History'!$G:$G,"WFTDA",'Game History'!$H:$H,"Sanc", 'Game History'!$I:$I,$J22) -> 0 | M22: =COUNTIFS('Game History'!$G:$G,"WFTDA",'Game History'!$H:$H,"Reg", 'Game History'!$I:$I,$J22) -> 10 | N22: =COUNTIFS('Game History'!$G:$G,"WFTDA",'Game History'!$H:$H,"Other", 'Game History'!$I:$I,$J22) -> 1
A23: Tournament Head NSO | C23: THNSO | D23: =COUNTIFS('Game History'!G:G,"WFTDA",'Game History'!H:H,"Champs",'Game History'!I:I,Instructions!A71)+COUNTIFS('Game History'!G:G,"WFTDA",'Game History'!H:H,"Playoff",'Game History'!I:I,Instructions!A71) -> 0 | E23: =COUNTIFS('Game History'!G:G,"WFTDA",'Game History'!H:H,"Sanc",'Game History'!I:I,Instructions!A71) -> 0 | F23: =COUNTIFS('Game History'!G:G,"WFTDA",'Game History'!H:H,"Reg",'Game History'!I:I,Instructions!A71) -> 0 | G23: =COUNTIFS('Game History'!G:G,"WFTDA",'Game History'!H:H,"Other",'Game History'!I:I,Instructions!A71) -> 0 | I23: Lineup Tracker | J23: LT | K23: =COUNTIFS('Game History'!$G:$G,"WFTDA",'Game History'!$H:$H,"Playoff", 'Game History'!$I:$I,$J23) -> 0 | L23: =COUNTIFS('Game History'!$G:$G,"WFTDA",'Game History'!$H:$H,"Sanc", 'Game History'!$I:$I,$J23) -> 0 | M23: =COUNTIFS('Game History'!$G:$G,"WFTDA",'Game History'!$H:$H,"Reg", 'Game History'!$I:$I,$J23) -> 1 | N23: =COUNTIFS('Game History'!$G:$G,"WFTDA",'Game History'!$H:$H,"Other", 'Game History'!$I:$I,$J23) -> 0
A24: Crew Head NSO | C24: CHNSO | D24: =COUNTIFS('Game History'!G:G,"WFTDA",'Game History'!H:H,"Champs",'Game History'!I:I,Instructions!A72)+COUNTIFS('Game History'!G:G,"WFTDA",'Game History'!H:H,"Playoff",'Game History'!I:I,Instructions!A72)+COUNTIFS('Game History'!G:G,"WFTDA",'Game History'!H:H,"Champs",'Game History'!I:I,Instructions!A73)+COUNTIFS('Game History'!G:G,"WFTDA",'Game History'!H:H,"Playoff",'Game History'!I:I,Instructions!A73) -> 0 | E24: =COUNTIFS('Game History'!G:G,"WFTDA",'Game History'!H:H,"Sanc",'Game History'!I:I,Instructions!A72) -> 0 | F24: =COUNTIFS('Game History'!G:G,"WFTDA",'Game History'!H:H,"Reg",'Game History'!I:I,Instructions!A72) -> 0 | G24: =COUNTIFS('Game History'!G:G,"WFTDA",'Game History'!H:H,"Other",'Game History'!I:I,Instructions!A72) -> 0 | I24: Alternate NSO | J24: ALTN | K24: =COUNTIFS('Game History'!$G:$G,"WFTDA",'Game History'!$H:$H,"Playoff", 'Game History'!$I:$I,$J24) -> 0 | L24: =COUNTIFS('Game History'!$G:$G,"WFTDA",'Game History'!$H:$H,"Sanc", 'Game History'!$I:$I,$J24) -> 0 | M24: =COUNTIFS('Game History'!$G:$G,"WFTDA",'Game History'!$H:$H,"Reg", 'Game History'!$I:$I,$J24) -> 0 | N24: =COUNTIFS('Game History'!$G:$G,"WFTDA",'Game History'!$H:$H,"Other", 'Game History'!$I:$I,$J24) -> 0
I25: Total NSO | K25: =SUM(K14:K24) -> 2 | L25: =SUM(L13:L24) -> 2 | M25: =SUM(M13:M24) -> 32 | N25: =SUM(N13:N24) -> 7
A26: WFTDA Officiating Clinics attended | I26: Total Software Operator Game Experience | M26: =COUNTIFS('Game History'!G:G,"WFTDA",'Game History'!K:K,"Y") -> 0
A27: REF or NSO Track | B27: Location | C27: Year | D27: REF or NSO Track | E27: Location | G27: Year
I28: WFTDA Games Totals | K28: Current Rule Set | M28: Lifetime
K29: Referee | L29: NSO | M29: Referee | N29: NSO
K30: =SUM(D18:F18) -> 31 | L30: =SUM(K25:M25) -> 36 | M30: =SUM(D18:G18) -> 41 | N30: =SUM(K25:N25) -> 43
A33: MRDA
A34: Skating Positions | C34: Code | D34: Game Designation | I34: Non-Skating Positions | J34: Code | K34: Game Designation
D35: Playoff | E35: Sanc | F35: Reg | G35: Other | K35: Playoff | L35: Sanc | M35: Reg | N35: Other
A36: Head Referee | C36: HR | D36: — | E36: =COUNTIFS('Game History'!G:G,"MRDA",'Game History'!H:H,"Sanc",'Game History'!I:I,Instructions!A70) -> 0 | F36: =COUNTIFS('Game History'!G:G,"MRDA",'Game History'!H:H,"Reg",'Game History'!I:I,Instructions!A70) -> 0 | G36: =COUNTIFS('Game History'!G:G,"MRDA",'Game History'!H:H,"Other",'Game History'!I:I,Instructions!A70) -> 0 | I36: Head NSO | J36: HNSO | K36: — | L36: =COUNTIFS('Game History'!G:G,"MRDA",'Game History'!H:H,"Sanc",'Game History'!I:I,Instructions!A73) -> 0 | M36: =COUNTIFS('Game History'!G:G,"MRDA",'Game History'!H:H,"Reg",'Game History'!I:I,Instructions!A73) -> 0 | N36: =COUNTIFS('Game History'!G:G,"MRDA",'Game History'!H:H,"Other",'Game History'!I:I,Instructions!A73) -> 0
A37: Jammer Referee | C37: JR | D37: =COUNTIFS('Game History'!G:G,"MRDA",'Game History'!H:H,"Champs",'Game History'!I:I,Instructions!A74)+COUNTIFS('Game History'!G:G,"MRDA",'Game History'!H:H,"Playoff",'Game History'!I:I,Instructions!A74) -> 0 | E37: =COUNTIFS('Game History'!G:G,"MRDA",'Game History'!H:H,"Sanc",'Game History'!I:I,Instructions!A74) -> 0 | F37: =COUNTIFS('Game History'!G:G,"MRDA",'Game History'!H:H,"Reg",'Game History'!I:I,Instructions!A74) -> 0 | G37: =COUNTIFS('Game History'!G:G,"MRDA",'Game History'!H:H,"Other",'Game History'!I:I,Instructions!A74) -> 0 | I37: Penalty Tracker | J37: PT | K37: =COUNTIFS('Game History'!G:G,"MRDA",'Game History'!H:H,"Champs",'Game History'!I:I,Instructions!A77)+COUNTIFS('Game History'!G:G,"MRDA",'Game History'!H:H,"Playoff",'Game History'!I:I,Instructions!A77) -> 0 | L37: =COUNTIFS('Game History'!G:G,"MRDA",'Game History'!H:H,"Sanc",'Game History'!I:I,Instructions!A77) -> 0 | M37: =COUNTIFS('Game History'!G:G,"MRDA",'Game History'!H:H,"Reg",'Game History'!I:I,Instructions!A77) -> 0 | N37: =COUNTIFS('Game History'!G:G,"MRDA",'Game History'!H:H,"Other",'Game History'!I:I,Instructions!A77) -> 0
A38: Inside Pack Referee | C38: IPR | D38: =COUNTIFS('Game History'!G:G,"MRDA",'Game History'!H:H,"Champs",'Game History'!I:I,Instructions!A75)+COUNTIFS('Game History'!G:G,"MRDA",'Game History'!H:H,"Playoff",'Game History'!I:I,Instructions!A75) -> 0 | E38: =COUNTIFS('Game History'!G:G,"MRDA",'Game History'!H:H,"Sanc",'Game History'!I:I,Instructions!A75) -> 0 | F38: =COUNTIFS('Game History'!G:G,"MRDA",'Game History'!H:H,"Reg",'Game History'!I:I,Instructions!A75) -> 0 | G38: =COUNTIFS('Game History'!G:G,"MRDA",'Game History'!H:H,"Other",'Game History'!I:I,Instructions!A75) -> 0 | I38: Penalty Wrangler | J38: PW | K38: =COUNTIFS('Game History'!G:G,"MRDA",'Game History'!H:H,"Champs",'Game History'!I:I,Instructions!A78)+COUNTIFS('Game History'!G:G,"MRDA",'Game History'!H:H,"Playoff",'Game History'!I:I,Instructions!A78) -> 0 | L38: =COUNTIFS('Game History'!G:G,"MRDA",'Game History'!H:H,"Sanc",'Game History'!I:I,Instructions!A78) -> 0 | M38: =COUNTIFS('Game History'!G:G,"MRDA",'Game History'!H:H,"Reg",'Game History'!I:I,Instructions!A78) -> 0 | N38: =COUNTIFS('Game History'!G:G,"MRDA",'Game History'!H:H,"Other",'Game History'!I:I,Instructions!A78) -> 0
A39: Outside Pack Referee | C39: OPR | D39: =COUNTIFS('Game History'!G:G,"MRDA",'Game History'!H:H,"Champs",'Game History'!I:I,Instructions!A76)+COUNTIFS('Game History'!G:G,"MRDA",'Game History'!H:H,"Playoff",'Game History'!I:I,Instructions!A76) -> 0 | E39: =COUNTIFS('Game History'!G:G,"MRDA",'Game History'!H:H,"Sanc",'Game History'!I:I,Instructions!A76) -> 0 | F39: =COUNTIFS('Game History'!G:G,"MRDA",'Game History'!H:H,"Reg",'Game History'!I:I,Instructions!A76) -> 0 | G39: =COUNTIFS('Game History'!G:G,"MRDA",'Game History'!H:H,"Other",'Game History'!I:I,Instructions!A76) -> 0 | I39: Inside White Board | J39: IWB | K39: =COUNTIFS('Game History'!G:G,"MRDA",'Game History'!H:H,"Champs",'Game History'!I:I,Instructions!A79)+COUNTIFS('Game History'!G:G,"MRDA",'Game History'!H:H,"Playoff",'Game History'!I:I,Instructions!A79) -> 0 | L39: =COUNTIFS('Game History'!G:G,"MRDA",'Game History'!H:H,"Sanc",'Game History'!I:I,Instructions!A79) -> 0 | M39: =COUNTIFS('Game History'!G:G,"MRDA",'Game History'!H:H,"Reg",'Game History'!I:I,Instructions!A79) -> 0 | N39: =COUNTIFS('Game History'!G:G,"MRDA",'Game History'!H:H,"Other",'Game History'!I:I,Instructions!A79) -> 0
A40: Alternate Referee | C40: ALTR | D40: =COUNTIFS('Game History'!G:G,"MRDA",'Game History'!H:H,"Champs",'Game History'!I:I,Instructions!A87)+COUNTIFS('Game History'!G:G,"MRDA",'Game History'!H:H,"Playoff",'Game History'!I:I,Instructions!A87) -> 0 | E40: =COUNTIFS('Game History'!G:G,"MRDA",'Game History'!H:H,"Sanc",'Game History'!I:I,Instructions!A87) -> 0 | F40: =COUNTIFS('Game History'!G:G,"MRDA",'Game History'!H:H,"Reg",'Game History'!I:I,Instructions!A87) -> 0 | G40: =COUNTIFS('Game History'!G:G,"MRDA",'Game History'!H:H,"Other",'Game History'!I:I,Instructions!A87) -> 0 | I40: Outside White Board | J40: OWB | K40: =COUNTIFS('Game History'!G:G,"MRDA",'Game History'!H:H,"Champs",'Game History'!I:I,Instructions!A80)+COUNTIFS('Game History'!G:G,"MRDA",'Game History'!H:H,"Playoff",'Game History'!I:I,Instructions!A80) -> 0 | L40: =COUNTIFS('Game History'!G:G,"MRDA",'Game History'!H:H,"Sanc",'Game History'!I:I,Instructions!A80) -> 0 | M40: =COUNTIFS('Game History'!G:G,"MRDA",'Game History'!H:H,"Reg",'Game History'!I:I,Instructions!A80) -> 0 | N40: =COUNTIFS('Game History'!G:G,"MRDA",'Game History'!H:H,"Other",'Game History'!I:I,Instructions!A80) -> 0
A41: Total Referee | D41: =SUM(D36:D40) -> 0 | E41: =SUM(E36:E40) -> 0 | F41: =SUM(F36:F40) -> 0 | G41: =SUM(G36:G40) -> 0 | I41: Jam Timer | J41: JT | K41: =COUNTIFS('Game History'!G:G,"MRDA",'Game History'!H:H,"Champs",'Game History'!I:I,Instructions!A81)+COUNTIFS('Game History'!G:G,"MRDA",'Game History'!H:H,"Playoff",'Game History'!I:I,Instructions!A81) -> 0 | L41: =COUNTIFS('Game History'!G:G,"MRDA",'Game History'!H:H,"Sanc",'Game History'!I:I,Instructions!A81) -> 0 | M41: =COUNTIFS('Game History'!G:G,"MRDA",'Game History'!H:H,"Reg",'Game History'!I:I,Instructions!A81) -> 0 | N41: =COUNTIFS('Game History'!G:G,"MRDA",'Game History'!H:H,"Other",'Game History'!I:I,Instructions!A81) -> 0
I42: Scorekeeper | J42: SK | K42: =COUNTIFS('Game History'!G:G,"MRDA",'Game History'!H:H,"Champs",'Game History'!I:I,Instructions!A82)+COUNTIFS('Game History'!G:G,"MRDA",'Game History'!H:H,"Playoff",'Game History'!I:I,Instructions!A82) -> 0 | L42: =COUNTIFS('Game History'!G:G,"MRDA",'Game History'!H:H,"Sanc",'Game History'!I:I,Instructions!A82) -> 0 | M42: =COUNTIFS('Game History'!G:G,"MRDA",'Game History'!H:H,"Reg",'Game History'!I:I,Instructions!A82) -> 0 | N42: =COUNTIFS('Game History'!G:G,"MRDA",'Game History'!H:H,"Other",'Game History'!I:I,Instructions!A82) -> 0
A43: Tournament Head Referee | C43: THR | D43: =COUNTIFS('Game History'!G:G,"MRDA",'Game History'!H:H,"Champs",'Game History'!I:I,Instructions!A68)+COUNTIFS('Game History'!G:G,"MRDA",'Game History'!H:H,"Playoff",'Game History'!I:I,Instructions!A68) -> 0 | E43: =COUNTIFS('Game History'!G:G,"MRDA",'Game History'!H:H,"Sanc",'Game History'!I:I,Instructions!A68) -> 0 | F43: =COUNTIFS('Game History'!G:G,"MRDA",'Game History'!H:H,"Reg",'Game History'!I:I,Instructions!A68) -> 0 | G43: =COUNTIFS('Game History'!G:G,"MRDA",'Game History'!H:H,"Other",'Game History'!I:I,Instructions!A68) -> 0 | I43: Scoreboard Operator | J43: SO | K43: =COUNTIFS('Game History'!G:G,"MRDA",'Game History'!H:H,"Champs",'Game History'!I:I,Instructions!A83)+COUNTIFS('Game History'!G:G,"MRDA",'Game History'!H:H,"Playoff",'Game History'!I:I,Instructions!A83) -> 0 | L43: =COUNTIFS('Game History'!G:G,"MRDA",'Game History'!H:H,"Sanc",'Game History'!I:I,Instructions!A83) -> 0 | M43: =COUNTIFS('Game History'!G:G,"MRDA",'Game History'!H:H,"Reg",'Game History'!I:I,Instructions!A83) -> 0 | N43: =COUNTIFS('Game History'!G:G,"MRDA",'Game History'!H:H,"Other",'Game History'!I:I,Instructions!A83) -> 0
A44: Crew Head Referee | C44: CHR | D44: =COUNTIFS('Game History'!G:G,"MRDA",'Game History'!H:H,"Champs",'Game History'!I:I,Instructions!A69)+COUNTIFS('Game History'!G:G,"MRDA",'Game History'!H:H,"Playoff",'Game History'!I:I,Instructions!A69)+COUNTIFS('Game History'!G:G,"MRDA",'Game History'!H:H,"Champs",'Game History'!I:I,Instructions!A70)+COUNTIFS('Game History'!G:G,"MRDA",'Game History'!H:H,"Playoff",'Game History'!I:I,Instructions!A70) -> 0 | E44: =COUNTIFS('Game History'!G:G,"MRDA",'Game History'!H:H,"Sanc",'Game History'!I:I,Instructions!A69) -> 0 | F44: =COUNTIFS('Game History'!G:G,"MRDA",'Game History'!H:H,"Reg",'Game History'!I:I,Instructions!A69) -> 0 | G44: =COUNTIFS('Game History'!G:G,"MRDA",'Game History'!H:H,"Other",'Game History'!I:I,Instructions!A69) -> 0 | I44: Penalty Box Manager | J44: PBM | K44: =COUNTIFS('Game History'!G:G,"MRDA",'Game History'!H:H,"Champs",'Game History'!I:I,Instructions!A84)+COUNTIFS('Game History'!G:G,"MRDA",'Game History'!H:H,"Playoff",'Game History'!I:I,Instructions!A84) -> 0 | L44: =COUNTIFS('Game History'!G:G,"MRDA",'Game History'!H:H,"Sanc",'Game History'!I:I,Instructions!A84) -> 0 | M44: =COUNTIFS('Game History'!G:G,"MRDA",'Game History'!H:H,"Reg",'Game History'!I:I,Instructions!A84) -> 0 | N44: =COUNTIFS('Game History'!G:G,"MRDA",'Game History'!H:H,"Other",'Game History'!I:I,Instructions!A84) -> 0
A45: Games Official | C45: GO | D45: =COUNTIFS('Game History'!G:G,"MRDA",'Game History'!H:H,"Champs",'Game History'!I:I,Instructions!A67)+COUNTIFS('Game History'!G:G,"MRDA",'Game History'!H:H,"Playoff",'Game History'!I:I,Instructions!A67) -> 0 | E45: =COUNTIFS('Game History'!G:G,"MRDA",'Game History'!H:H,"Sanc",'Game History'!I:I,Instructions!A67) -> 0 | F45: =COUNTIFS('Game History'!G:G,"MRDA",'Game History'!H:H,"Reg",'Game History'!I:I,Instructions!A67) -> 0 | G45: =COUNTIFS('Game History'!G:G,"MRDA",'Game History'!H:H,"Other",'Game History'!I:I,Instructions!A67) -> 0 | I45: Penalty Box Timer | J45: PBT | K45: =COUNTIFS('Game History'!G:G,"MRDA",'Game History'!H:H,"Champs",'Game History'!I:I,Instructions!A85)+COUNTIFS('Game History'!G:G,"MRDA",'Game History'!H:H,"Playoff",'Game History'!I:I,Instructions!A85) -> 0 | L45: =COUNTIFS('Game History'!G:G,"MRDA",'Game History'!H:H,"Sanc",'Game History'!I:I,Instructions!A85) -> 0 | M45: =COUNTIFS('Game History'!G:G,"MRDA",'Game History'!H:H,"Reg",'Game History'!I:I,Instructions!A85) -> 0 | N45: =COUNTIFS('Game History'!G:G,"MRDA",'Game History'!H:H,"Other",'Game History'!I:I,Instructions!A85) -> 0
A46: Tournament Head NSO | C46: THNSO | D46: =COUNTIFS('Game History'!G:G,"MRDA",'Game History'!H:H,"Champs",'Game History'!I:I,Instructions!A71)+COUNTIFS('Game History'!G:G,"MRDA",'Game History'!H:H,"Playoff",'Game History'!I:I,Instructions!A71) -> 0 | E46: =COUNTIFS('Game History'!G:G,"MRDA",'Game History'!H:H,"Sanc",'Game History'!I:I,Instructions!A71) -> 0 | F46: =COUNTIFS('Game History'!G:G,"MRDA",'Game History'!H:H,"Reg",'Game History'!I:I,Instructions!A71) -> 0 | G46: =COUNTIFS('Game History'!G:G,"MRDA",'Game History'!H:H,"Other",'Game History'!I:I,Instructions!A71) -> 0 | I46: Lineup Tracker | J46: LT | K46: =COUNTIFS('Game History'!G:G,"MRDA",'Game History'!H:H,"Champs",'Game History'!I:I,Instructions!A86)+COUNTIFS('Game History'!G:G,"MRDA",'Game History'!H:H,"Playoff",'Game History'!I:I,Instructions!A86) -> 0 | L46: =COUNTIFS('Game History'!G:G,"MRDA",'Game History'!H:H,"Sanc",'Game History'!I:I,Instructions!A86) -> 0 | M46: =COUNTIFS('Game History'!G:G,"MRDA",'Game History'!H:H,"Reg",'Game History'!I:I,Instructions!A86) -> 0 | N46: =COUNTIFS('Game History'!G:G,"MRDA",'Game History'!H:H,"Other",'Game History'!I:I,Instructions!A86) -> 0
A47: Crew Head NSO | C47: CHNSO | D47: =COUNTIFS('Game History'!G:G,"MRDA",'Game History'!H:H,"Champs",'Game History'!I:I,Instructions!A72)+COUNTIFS('Game History'!G:G,"MRDA",'Game History'!H:H,"Playoff",'Game History'!I:I,Instructions!A72)+COUNTIFS('Game History'!G:G,"MRDA",'Game History'!H:H,"Champs",'Game History'!I:I,Instructions!A73)+COUNTIFS('Game History'!G:G,"MRDA",'Game History'!H:H,"Playoff",'Game History'!I:I,Instructions!A73) -> 0 | E47: =COUNTIFS('Game History'!G:G,"MRDA",'Game History'!H:H,"Sanc",'Game History'!I:I,Instructions!A72) -> 0 | F47: =COUNTIFS('Game History'!G:G,"MRDA",'Game History'!H:H,"Reg",'Game History'!I:I,Instructions!A72) -> 0 | G47: =COUNTIFS('Game History'!G:G,"MRDA",'Game History'!H:H,"Other",'Game History'!I:I,Instructions!A72) -> 0 | I47: Alternate NSO | J47: ALTN | K47: =COUNTIFS('Game History'!G:G,"MRDA",'Game History'!H:H,"Champs",'Game History'!I:I,Instructions!A88)+COUNTIFS('Game History'!G:G,"MRDA",'Game History'!H:H,"Playoff",'Game History'!I:I,Instructions!A88) -> 0 | L47: =COUNTIFS('Game History'!G:G,"MRDA",'Game History'!H:H,"Sanc",'Game History'!I:I,Instructions!A88) -> 0 | M47: =COUNTIFS('Game History'!G:G,"MRDA",'Game History'!H:H,"Reg",'Game History'!I:I,Instructions!A88) -> 0 | N47: =COUNTIFS('Game History'!G:G,"MRDA",'Game History'!H:H,"Other",'Game History'!I:I,Instructions!A88) -> 0
I48: Total NSO | K48: =SUM(K36:K47) -> 0 | L48: =SUM(L36:L47) -> 0 | M48: =SUM(M36:M47) -> 0 | N48: =SUM(N36:N47) -> 0
A49: MRDA Officiating Clinics attended | I49: Total Software Operator Game Experience | M49: =COUNTIFS('Game History'!G:G,"MRDA",'Game History'!K:K,"Y") -> 0
A50: REF or NSO Track | B50: Location | C50: Year | D50: REF or NSO Track | E50: Location | G50: Year
I51: MRDA Games Totals | K51: Current Rule Set | M51: Lifetime
K52: Referee | L52: NSO | M52: Referee | N52: NSO
K53: =COUNTIFS('Game History'!A:A,(">="&Instructions!B103),'Game History'!G:G,"MRDA",'Game History'!I:I,Instructions!A68)+COUNTIFS('Game History'!A:A,(">="&Instructions!B103),'Game History'!G:G,"MRDA",'Game History'!I:I,Instructions!A69)+COUNTIFS('Game History'!A:A,(">="&Instructions!B103),'Game History'!G:G,"MRDA",'Game History'!I:I,Instructions!A70)+COUNTIFS('Game History'!A:A,(">="&Instructions!B103),'Game History'!G:G,"MRDA",'Game History'!I:I,Instructions!A74)+COUNTIFS('Game History'!A:A,(">="&Instructions!B103),'Game History'!G:G,"MRDA",'Game History'!I:I,Instructions!A75)+COUNTIFS('Game History'!A:A,(">="&Instructions!B103),'Game History'!G:G,"MRDA",'Game History'!I:I,Instructions!A76)+COUNTIFS('Game History'!A:A,(">="&Instructions!B103),'Game History'!G:G,"MRDA",'Game History'!I:I,Instructions!A87) -> 0 | L53: =COUNTIFS('Game History'!A:A,(">="&Instructions!B103),'Game History'!G:G,"MRDA",'Game History'!I:I,Instructions!A71)+COUNTIFS('Game History'!A:A,(">="&Instructions!B103),'Game History'!G:G,"MRDA",'Game History'!I:I,Instructions!A72)+COUNTIFS('Game History'!A:A,(">="&Instructions!B103),'Game History'!G:G,"MRDA",'Game History'!I:I,Instructions!A73)+COUNTIFS('Game History'!A:A,(">="&Instructions!B103),'Game History'!G:G,"MRDA",'Game History'!I:I,Instructions!A77)+COUNTIFS('Game History'!A:A,(">="&Instructions!B103),'Game History'!G:G,"MRDA",'Game History'!I:I,Instructions!A78)+COUNTIFS('Game History'!A:A,(">="&Instructions!B103),'Game History'!G:G,"MRDA",'Game History'!I:I,Instructions!A79)+COUNTIFS('Game History'!A:A,(">="&Instructions!B103),'Game History'!G:G,"MRDA",'Game History'!I:I,Instructions!A80)+COUNTIFS('Game History'!A:A,(">="&Instructions!B103),'Game History'!G:G,"MRDA",'Game History'!I:I,Instructions!A81)+COUNTIFS('Game History'!A:A,(">="&Instructions!B103),'Game History'!G:G,"MRDA",'Game History'!I:I,Instructions!A82)+COUNTIFS('Game History'!A:A,(">="&Instructions!B103),'Game History'!G:G,"MRDA",'Game History'!I:I,Instructions!A83)+COUNTIFS('Game History'!A:A,(">="&Instructions!B103),'Game History'!G:G,"MRDA",'Game History'!I:I,Instructions!A84)+COUNTIFS('Game History'!A:A,(">="&Instructions!B103),'Game History'!G:G,"MRDA",'Game History'!I:I,Instructions!A85)+COUNTIFS('Game History'!A:A,(">="&Instructions!B103),'Game History'!G:G,"MRDA",'Game History'!I:I,Instructions!A86)+COUNTIFS('Game History'!A:A,(">="&Instructions!B103),'Game History'!G:G,"MRDA",'Game History'!I:I,Instructions!A88) -> 0 | M53: =SUM(D41+E41+F41+G41+D43+E43+F43+G43+D44+E44+F44+G44) -> 0 | N53: =SUM(K48+L48+M48+N48+D46+E46+F46+G46+D47+E47+F47+G47) -> 0

Sheet Game History
B1: Game and Officiating Position History
B2: Event Details | D2: Leagues and Teams | I2: Game Specifics | L2: Head Referee/Witness | M2: Head NSO/Witness | N2: Notes
A3: Date | B3: Tournament | C3: Location | D3: Host League | E3: Home Team/Higher Seed | F3: Visiting Team/Lower Seed | G3: Assoc | H3: Type | I3: Position | J3: HO 2nd Position (if applicable) | K3: Positional Software Operator?
A4: 44807 | B4: 5x5 | C4: Blue Mountains, NSW, Australia | D4: Blue Mountains Roller Derby League | E4: Sydney Roller Derby League (Velociraptors) | F4: Newcastle Roller Derby League | G4: WFTDA | H4: Reg | I4: SK | L4: John Ref Kennedy
A5: 44822 | B5: Inner West 10th Birthday | C5: Sydney Boys High, Sydney | D5: Inner West Roller Derby League | E5: Inner West Roller Derby League | F5: Northern Beaches Roller Derby League | G5: WFTDA | H5: Reg | I5: LT | L5: John Ref Kennedy | M5: Ritual Ideas | N5: Joint PT/LT position
A6: 44822 | B6: Inner West 10th Birthday | C6: Sydney Boys High, Sydney | D6: Inner West Roller Derby League | E6: Sydney Roller Derby League (Velociraptors) | F6: Inner West Roller Derby League | G6: WFTDA | H6: Reg | I6: PBM | L6: The Spanish Inquisition | M6: Ritual Ideas
A7: 44822 | B7: Inner West 10th Birthday | C7: Sydney Boys High, Sydney | D7: Inner West Roller Derby League | E7: Sydney Roller Derby League (Velociraptors) | F7: Inner West Roller Derby League | G7: WFTDA | H7: Reg | I7: PBM | L7: John Ref Kennedy | M7: Ritual Ideas
A8: 44863 | B8: 5x5 | C8: Windsor, NSW | D8: Blue Mountains Roller Derby League | E8: Central Coast Roller Derby League / S2D2 | F8: Northern Beaches Roller Derby League | G8: WFTDA | H8: Reg | I8: PBT | L8: Clareful Consideration | M8: Bellows
A9: 44863 | B9: 5x5 | C9: Windsor, NSW | D9: Blue Mountains Roller Derby League | E9: Sydney Roller Derby League (Velociraptors) | F9: Canberra Roller Derby League / Varsity Roller Derby League | G9: WFTDA | H9: Reg | I9: SK | L9: Jim Peccable | M9: Leo Slayer
A10: 44878 | B10: Jurassic Packs | C10: Bass Hill Velodrome, Sydney | D10: Sydney Roller Derby League | E10: Potluck | F10: Potluck | G10: WFTDA | H10: Other | I10: SK | L10: Denominator | M10: Nasty Surprise
A11: 44878 | B11: Jurassic Packs | C11: Bass Hill Velodrome, Sydney Australia | D11: Sydney Roller Derby League | E11: Potluck | F11: Potluck | G11: WFTDA | H11: Other | I11: SO | L11: Bones | M11: Ritual Ideas
A12: 44878 | B12: Jurassic Packs | C12: Bass Hill Velodrome, Sydney Australia | D12: Sydney Roller Derby League | E12: Potluck | F12: Potluck | G12: WFTDA | H12: Other | I12: PT | L12: The Spanish Inquisition | M12: Sparkles | N12: Joint PT/LT position
A13: 44974 | B13: Pride Fight | C13: Sydney | D13: Sydney Roller Derby League | E13: Rainbows | F13: Sparkles | G13: WFTDA | H13: Other | I13: PBT | L13: The Spanish Inquisition | M13: Ritual Ideas
A14: 44974 | B14: Pride Fight | C14: Sydney | D14: Sydney Roller Derby League | E14: Butch | F14: Femme | G14: WFTDA | H14: Other | I14: PT | L14: Denominator | M14: Nasty Surprise | N14: Joint PT/LT position
A15: 45003 | B15: Northern Rivers Revolt | C15: Byron Bay, Australia | D15: Tweed Valley Rollers | E15: Brisbane City Rollers (Red Kennedys) | F15: Sydney Roller Derby League (Snipers) | G15: WFTDA | H15: Reg | I15: PBT | L15: John Ref Kennedy
A16: 45003 | B16: Northern Rivers Revolt | C16: Byron Bay, Australia | D16: Tweed Valley Rollers | E16: Northern Beaches (Sirens) | F16: Van Diemens | G16: WFTDA | H16: Reg | I16: PBT | L16: John Ref Kennedy
A17: 45003 | B17: Northern Rivers Revolt | C17: Byron Bay, Australia | D17: Tweed Valley Rollers | E17: Van Diemens | F17: Sydney Roller Derby League (Snipers) | G17: WFTDA | H17: Reg | I17: PBT | L17: John Ref Kennedy
A18: 45003 | B18: Northern Rivers Revolt | C18: Byron Bay, Australia | D18: Tweed Valley Rollers | E18: South Seas Roller Derby (Banshees) | F18: Northern Beaches Roller Derby (Sirens) | G18: WFTDA | H18: Reg | I18: PBT | L18: John Ref Kennedy
A19: 45004 | B19: Northern Rivers Revolt | C19: Byron Bay, Australia | D19: Tweed Valley Rollers | E19: Brisbane City Rollers (Red Kennedys) | F19: River Valley Rollers | G19: WFTDA | H19: Reg | I19: PBT | L19: John Ref Kennedy
A20: 45004 | B20: Northern Rivers Revolt | C20: Byron Bay, Australia | D20: Tweed Valley Rollers | E20: Sydney Roller Derby League (Velociraptors) | F20: Northern Beaches Roller Derby | G20: WFTDA | H20: Reg | I20: PBT | L20: John Ref Kennedy
A21: 45004 | B21: Northern Rivers Revolt | C21: Byron Bay, Australia | D21: Tweed Valley Rollers | E21: River Valley Rollers | F21: Van Diemens | G21: WFTDA | H21: Reg | I21: PBT | L21: John Ref Kennedy
A22: 45004 | B22: Northern Rivers Revolt | C22: Byron Bay, Australia | D22: Tweed Valley Rollers | E22: Sydney Roller Derby League (Velociraptors) | F22: South Seas Roller Derby (Banshees) | G22: WFTDA | H22: Reg | I22: PBT | L22: John Ref Kennedy
A23: 45031 | B23: 5x5 | C23: Sydney, Australia | D23: Inner West Roller Derby League | E23: Inner West Roller Derby League | F23: Northern Beaches Roller Derby | G23: WFTDA | H23: Reg | I23: SO | L23: Jim Peccable | M23: Ritual Ideas
A24: 45066 | B24: 5x5 | C24: Newcastle, Australia | D24: Newcastle Roller Derby League | E24: Inner West Roller Derby League B | F24: Western Sydney Rollers / South Side Derby | G24: WFTDA | H24: Reg | I24: SO | L24: Clareful Consideration | M24: Vengeful Vixen
A25: 45066 | B25: 5x5 | C25: Newcastle, Australia | D25: Newcastle Roller Derby League | E25: Newcastle Roller Derby League | F25: Inner West Roller Derby League | G25: WFTDA | H25: Reg | I25: PT | L25: Jim Peccable | M25: Seath Lord | N25: Joint PT/LT position
A26: 45081 | B26: 5x5 | C26: Sydney, Australia | D26: Maitland Roller Derby League | E26: Varsity Derby League | F26: Sydney Roller Derby League (Velociraptors) | G26: WFTDA | H26: Reg | I26: JT | L26: Jim Peccable | M26: Leo Slayer
A27: 2023-07-01 | B27: ERRD Smackdown Tournament 2023 | C27: PCYC Hawkesbury - Sydney, Australia | D27: Western Sydney Rollers | E27: CRASH Mixed Gender Roller Derby - The Ultimate Incredibles | F27: Toowoomba City Rollers - Quad Squad | G27: WFTDA | H27: Other | I27: OPR | L27: Clareful Consideration | M27: Body BagHer | N27: THR - John Ref. Kennedy / THNSO - Switzerland
A28: 2023-07-01 | B28: ERRD Smackdown Tournament 2023 | C28: PCYC Hawkesbury - Sydney, Australia | D28: Western Sydney Rollers | E28: Northern Beaches Roller Derby League - Sirens | F28: Sydney Roller Derby League - Velociraptors | G28: WFTDA | H28: Reg | I28: OPR | L28: Clareful Consideration | M28: Body BagHer | N28: THR - John Ref. Kennedy / THNSO - Switzerland
A29: 2023-07-01 | B29: ERRD Smackdown Tournament 2023 | C29: PCYC Hawkesbury - Sydney, Australia | D29: Western Sydney Rollers | E29: Newcastle Roller Derby League - Dockyard Dames | F29: Eastern Region Roller Derby - ERRaDicators | G29: WFTDA | H29: Reg | I29: JR | L29: Clareful Consideration | M29: Body BagHer
A30: 2023-07-01 | B30: ERRD Smackdown Tournament 2023 | C30: PCYC Hawkesbury - Sydney, Australia | D30: Western Sydney Rollers | E30: Northern Beaches Roller Derby League - Sirens | F30: Inner West Roller Derby League - Bamshees | G30: WFTDA | H30: Reg | I30: PT | L30: Jim Peccable | M30: Switzerland | N30: Joint PT/LT position
A31: 2023-07-01 | B31: ERRD Smackdown Tournament 2023 | C31: PCYC Hawkesbury - Sydney, Australia | D31: Western Sydney Rollers | E31: Newcastle Junior Roller Derby - The Combos | F31: Toowoomba City Rollers - Range Rascals | G31: Other | H31: Other | I31: JR | L31: Clareful Consideration | M31: Vixen
A32: 2023-07-01 | B32: ERRD Smackdown Tournament 2023 | C32: PCYC Hawkesbury - Sydney, Australia | D32: Western Sydney Rollers | E32: Wollongong Illawarra Roller Derby League - Steel City Derby Dolls | F32: Central Coast Roller Derby United - Asgardians | G32: WFTDA | H32: Reg | I32: OPR | L32: Jim Peccable | M32: Switzerland
A33: 2023-07-02 | B33: ERRD Smackdown Tournament 2023 | C33: PCYC Hawkesbury - Sydney, Australia | D33: Western Sydney Rollers | E33: Newcastle Roller Derby League - Dockyard Dames | F33: Eastern Region Roller Derby - ERRaDicators | G33: WFTDA | H33: Reg | I33: OPR | L33: Clareful Consideration | M33: Body BagHer
A34: 2023-07-02 | B34: ERRD Smackdown Tournament 2023 | C34: PCYC Hawkesbury - Sydney, Australia | D34: Western Sydney Rollers | E34: CRASH Mixed Gender Roller Derby - The Ultimate Incredibles | F34: Inner West Roller Derby League - Skatecrashers | G34: WFTDA | H34: Other | I34: OPR | L34: Clareful Consideration | M34: Body BagHer
A35: 2023-07-02 | B35: ERRD Smackdown Tournament 2023 | C35: PCYC Hawkesbury - Sydney, Australia | D35: Western Sydney Rollers | E35: Canberra Roller Derby League - Vice City Rollers | F35: CRASH Mixed Gender Roller Derby - The Ultimate Incredibles | G35: WFTDA | H35: Other | I35: OPR | L35: Spanish Inquisition | M35: Dinotello TR2
A36: 2024-07-23 | B36: Fundays Round 1 2023 | C36: Dunc Gray Velodrome, Bass Hill NSW, Australia | D36: Sydney Roller Derby League | E36: The Young and the Rest of Us | F36: Baby got Back Blocks | G36: WFTDA | H36: Other | I36: JR | L36: Spanish Inquisition | M36: Nasty Surprise
A37: 45144 | B37: 5x5 | C37: Sydney, Australia | D37: Inner West Roller Derby League | E37: Northern Beaches (Sirens) | F37: Blue Mountains Roller Derby League | G37: WFTDA | H37: Reg | I37: SK | L37: Snarls Dickens | M37: Even Stephen
A38: 45144 | B38: 5x5 | C38: Sydney, Australia | D38: Inner West Roller Derby League | E38: Newcastle Roller Derby League | F38: Sydney Roller Derby League ( | G38: WFTDA | H38: Reg | I38: JT | L38: Denominator | M38: Seath Lord
A39: 45158 | B39: Fundays Round 2 2023 | C39: Dunc Gray Velodrome, Bass Hill NSW, Australia | D39: Sydney Roller Derby League | E39: A League of their Bones | F39: Baby got Back Blocks | G39: WFTDA | H39: Other | I39: JR
A40: 45178 | B40: 5x5 | C40: Denman Prospect, ACT | D40: Varsity Roller Derby League | E40: Western Sydney Rollers / South Side Derby League | F40: Northern Beaches Roller Derby | G40: WFTDA | H40: Reg | I40: SO | L40: John Ref Kennedy | M40: Leo Slayer
A41: 45178 | B41: 5x5 | C41: Denman Prospect, ACT | D41: Varsity Roller Derby League | E41: Varsity Derby League | F41: Inner West Roller Derby League | G41: WFTDA | H41: Reg | I41: SO | L41: Clareful Consideration | M41: Seath Lord
A42: 45220 | B42: 5x5 | C42: Windsor, NSW | D42: Blue Mountains Roller Derby League | E42: Sydney Roller Derby League (Velociraptors) | F42: Inner West Roller Derby League | G42: WFTDA | H42: Reg | I42: SO | L42: Snarls Dickens | M42: Leo Slayer
A43: 45360 | B43: Roller Derby Extravaganza 2024 | C43: Sydney Boys High, Sydney | D43: Inner West Roller Derby League | E43: Drag Queens | F43: Drag Kings | G43: WFTDA | H43: Other | I43: ALTR | L43: Denominator | M43: Even Stephen
A44: 45360 | B44: Roller Derby Extravaganza 2024 | C44: Sydney Boys High, Sydney | D44: Inner West Roller Derby League | E44: Coastal All Stars | F44: Country All Stars | G44: WFTDA | H44: Other | I44: JR | L44: Denominator | M44: Even Stephen
A45: 45552 | B45: Fundays Round 3 2023 | C45: Dunc Gray Velodrome, Bass Hill NSW, Australia | D45: Sydney Roller Derby League | E45: A League of their Bones | F45: The Young and the Rest of Us | G45: WFTDA | H45: Other | I45: OPR
A46: 2024-03-29 | B46: Get Sanctioned Eggstravaganza 2024 | C46: Dunc Gray Velodrome, Bass Hill NSW, Australia | D46: Sydney Roller Derby League | E46: Convict City Rollers Orange Thunder | F46: Canberra Roller Derby League Vice City Rollers | G46: WFTDA | H46: Sanc | I46: JR | L46: Honey Badger | M46: Connie | N46: Sláine (THR), Menace (THR), Frank N Hurter (THNSO), Seath Lord (THNSO)
A47: 2024-03-29 | B47: Get Sanctioned Eggstravaganza 2024 | C47: Dunc Gray Velodrome, Bass Hill NSW, Australia | D47: Sydney Roller Derby League | E47: Pirate City Rollers Union | F47: South Sea Roller Derby Banshees | G47: WFTDA | H47: Sanc | I47: OPR | L47: Jim Peccable | M47: Nasty Surprise | N47: Sláine (THR), Menace (THR), Frank N Hurter (THNSO), Seath Lord (THNSO)
A48: 2024-03-29 | B48: Get Sanctioned Eggstravaganza 2024 | C48: Dunc Gray Velodrome, Bass Hill NSW, Australia | D48: Sydney Roller Derby League | E48: Newcastle Roller Derby League Dockyard Dames | F48: Convict City Rollers Orange Thunder | G48: WFTDA | H48: Sanc | I48: OPR | L48: Mental Case | M48: Switzerland | N48: Sláine (THR), Menace (THR), Frank N Hurter (THNSO), Seath Lord (THNSO)
A49: 2024-03-30 | B49: Get Sanctioned Eggstravaganza 2024 | C49: Dunc Gray Velodrome, Bass Hill NSW, Australia | D49: Sydney Roller Derby League | E49: Convict City Rollers Orange Thunder | F49: South Sea Roller Derby Banshees | G49: WFTDA | H49: Sanc | I49: SK | L49: John Ref Kennedy | M49: Connie | N49: Sláine (THR), Menace (THR), Frank N Hurter (THNSO), Seath Lord (THNSO)
A50: 2024-03-30 | B50: Get Sanctioned Eggstravaganza 2024 | C50: Dunc Gray Velodrome, Bass Hill NSW, Australia | D50: Sydney Roller Derby League | E50: Canberra Roller Derby League Vice City Rollers | F50: Pirate City Rollers Union | G50: WFTDA | H50: Sanc | I50: JR | L50: Vector | M50: Switzerland | N50: Sláine (THR), Menace (THR), Frank N Hurter (THNSO), Seath Lord (THNSO)
A51: 2024-03-30 | B51: Get Sanctioned Eggstravaganza 2024 | C51: Dunc Gray Velodrome, Bass Hill NSW, Australia | D51: Sydney Roller Derby League | E51: Sydney Roller Derby League | F51: Convict City Rollers Orange Thunder | G51: WFTDA | H51: Sanc | I51: OPR | L51: Denominator | M51: Nasty Surprise | N51: Sláine (THR), Menace (THR), Frank N Hurter (THNSO), Seath Lord (THNSO)
A52: 2024-03-31 | B52: Get Sanctioned Eggstravaganza 2024 | C52: Dunc Gray Velodrome, Bass Hill NSW, Australia | D52: Sydney Roller Derby League | E52: Pirate City Rollers Union | F52: Convict City Rollers Orange Thunder | G52: WFTDA | H52: Sanc | I52: OPR | L52: Jim Peccable | M52: Switzerland | N52: Sláine (THR), Menace (THR), Frank N Hurter (THNSO), Seath Lord (THNSO)
A53: 45402 | B53: WSR Family and Friends | C53: Penrith Valley Sports Center, Sydney, Australia | D53: Western Sydney Rollers | E53: The Barbies | F53: The Swifties | G53: WFTDA | H53: Reg | I53: JR | L53: Snarls Dickens | M53: Bellows
A54: 45409 | B54: 5x5 Round 1 2024 | C54: PCYC Northern Beaches | D54: Northern Beaches Roller Derby League | E54: Wollongong Illawarra Roller Derby League - Steel City Derby Dolls | F54: Maitland Roller Derby Jailbreakers | G54: WFTDA | H54: Reg | I54: PBT | L54: Clare Rool | M54: Vengeful Vixen
A55: 45409 | B55: 5x5 Round 1 2024 | C55: PCYC Northern Beaches | D55: Northern Beaches Roller Derby League | E55: Northern Beaches Roller Derby League – Sirens | F55: Inner West Roller Derby League – Bamshees | G55: WFTDA | H55: Reg | I55: SK | L55: John Ref Kennedy | M55: Even Stephen
A56: 45438 | B56: 5x5 Round 2 2024 | C56: PCYC Hawkesbury - Sydney, Australia | D56: Blue Mountains Roller Derby League | E56: Northern Beaches Roller Derby League – Sirens | F56: Western Sydney Rollers / New England Roller Derby League | G56: WFTDA | H56: Reg | I56: OPR | L56: Jim Peccable | M56: Switzerland
A57: 45438 | B57: 5x5 Round 2 2024 | C57: PCYC Hawkesbury - Sydney, Australia | D57: Blue Mountains Roller Derby League | E57: Blue Mountains Roller Derby League | F57: Inner West Roller Derby League – Bamshees | G57: WFTDA | H57: Reg | I57: JT | L57: Clare Rool | M57: Vengeful Vixen
A58: 2024-06-08 | B58: The Great Southern Slam 2024 | C58: Adelaide Showgrounds, Adelaide, Australia | D58: Adelaide Roller Derby | E58: South Central Roller Derby | F58: Diamond Vlley's Diamond Firetails | G58: WFTDA | H58: Reg | I58: OPR | L58: Jim Peccable | M58: Seath Lord | N58: Sláine, Spanners (THR) / Connie, Seath Lord (THNSO)
A59: 2024-06-08 | B59: The Great Southern Slam 2024 | C59: Adelaide Showgrounds, Adelaide, Australia | D59: Adelaide Roller Derby | E59: Auckland Roller Derby's Auckland Bolts | F59: Adelaide Roller Derby's Rads | G59: WFTDA | H59: Sanc | I59: SO | L59: Honey Badger | M59: Bullseye | N59: Sláine, Spanners (THR) / Connie, Seath Lord (THNSO)
A60: 2024-06-08 | B60: The Great Southern Slam 2024 | C60: Adelaide Showgrounds, Adelaide, Australia | D60: Adelaide Roller Derby | E60: WestSide Roller Derby's Glory | F60: Van Diemen Rollers | G60: WFTDA | H60: Reg | I60: OPR | L60: Jim Peccable | M60: Seath Lord | N60: Sláine, Spanners (THR) / Connie, Seath Lord (THNSO)
A61: 2024-06-08 | B61: The Great Southern Slam 2024 | C61: Adelaide Showgrounds, Adelaide, Australia | D61: Adelaide Roller Derby | E61: Brisbane City Rollers' Punk Blockers | F61: Sydney Roller Derby's As | G61: WFTDA | H61: Playoff | I61: SO | L61: Honey Badger | M61: Bullseye | N61: Sláine, Spanners (THR) / Connie, Seath Lord (THNSO)
A62: 2024-06-09 | B62: The Great Southern Slam 2024 | C62: Adelaide Showgrounds, Adelaide, Australia | D62: Adelaide Roller Derby | E62: South Sea's Sirens | F62: Canberra's Vice City Rollers | G62: WFTDA | H62: Playoff | I62: OPR | L62: Jim Peccable | M62: Seath Lord | N62: Sláine, Spanners (THR) / Connie, Seath Lord (THNSO)
A63: 2024-06-09 | B63: The Great Southern Slam 2024 | C63: Adelaide Showgrounds, Adelaide, Australia | D63: Adelaide Roller Derby | E63: Victorian Roller Derby's All Stars | F63: Perth Roller Derby's West Coast Evils | G63: WFTDA | H63: Playoff | I63: SO | L63: Honey Badger | M63: Bullseye | N63: Sláine, Spanners (THR) / Connie, Seath Lord (THNSO)
A64: 2024-06-09 | B64: The Great Southern Slam 2024 | C64: Adelaide Showgrounds, Adelaide, Australia | D64: Adelaide Roller Derby | E64: Canberra's Vice City Rollers | F64: Convict City's Orange Thunder | G64: WFTDA | H64: Playoff | I64: OPR | L64: Jim Peccable | M64: Glitterbiscuit | N64: Sláine, Spanners (THR) / Connie, Seath Lord (THNSO)
A65: 2024-06-10 | B65: The Great Southern Slam 2024 | C65: Adelaide Showgrounds, Adelaide, Australia | D65: Adelaide Roller Derby | E65: Pivot City Ranges | F65: Dragon City's The Chiko Rollers | G65: WFTDA | H65: Reg | I65: JR | L65: Dude'll | M65: Glitterbiscuit | N65: Sláine, Spanners (THR) / Connie, Seath Lord (THNSO)
A66: 2024-06-10 | B66: The Great Southern Slam 2024 | C66: Adelaide Showgrounds, Adelaide, Australia | D66: Adelaide Roller Derby | E66: Pivot City Ranges | F66: South Sea's Banshees | G66: WFTDA | H66: Reg | I66: JR | L66: Dude'll | M66: Glitterbiscuit | N66: Sláine, Spanners (THR) / Connie, Seath Lord (THNSO)
A67: 2024-14-07 | B67: 5x5 Round 3 2024 | C67: Penrith Valley Sports Center, Sydney, Australia | D67: Western Sydney Rollers | E67: Sydney Roller Derby League | F67: Wollongong Illawarra Roller Derby | G67: WFTDA | H67: Reg | I67: JT | L67: John Ref Kennedy | M67: Ritual Ideas
A68: 2024-14-07 | B68: 5x5 Round 3 2024 | C68: Penrith Valley Sports Center, Sydney, Australia | D68: Western Sydney Rollers | E68: Inner West Roller Derby League | F68: Western Sydney Rollers / New England Roller Derby League | G68: WFTDA | H68: Reg | I68: SO | L68: Clare | M68: Tinker-Belt-Her
A69: 45514 | B69: 5x5 Round 4 2024 | C69: Niagra Park Stadium | D69: Maitland Roller Derby League | E69: Blue Mountains Roller Derby League | F69: Western Sydney Rollers / New England Roller Derby League | G69: WFTDA | H69: Reg | I69: OPR | L69: John Ref Kennedy | M69: Seath Lord
A70: 45514 | B70: 5x5 Round 4 2024 | C70: Niagra Park Stadium | D70: Maitland Roller Derby League | E70: Sydney Roller Derby League | F70: Maitland Roller Derby Jailbreakers | G70: WFTDA | H70: Reg | I70: JT | L70: Mental Case | M70: Vengeful Vixen
A71: 45542 | B71: 5x5 Prelim Finals 2024 | C71: Dunc Gray Velodrome, Bass Hill NSW, Australia | D71: Sydney Roller Derby League | E71: Northern Beaches Roller Derby League | F71: Sydney Roller Derby League | G71: WFTDA | H71: Reg | I71: ALTR | L71: Mr Grump | M71: Vengeful Vixen
A72: 45542 | B72: 5x5 Prelim Finals 2024 | C72: Dunc Gray Velodrome, Bass Hill NSW, Australia | D72: Sydney Roller Derby League | E72: Wollongong Illawarra Roller Derby League - Steel City Derby Dolls | F72: Blue Mountains Roller Derby League | G72: WFTDA | H72: Reg | I72: PBM | L72: Rawn Bear | M72: Seath Lord
A73: 2024-10-05 | B73: Tropicarnage Cup 2024 | C73: Mount Warren Indoor Sports Centre, Mount Warren Park, Australia | D73: Queensland Roller Derby League | E73: Coastal Assassins Roller Derby Assassins | F73: Rockabellas Roller Derby League The Bellas | G73: WFTDA | H73: Reg | I73: OPR | L73: Sharky | M73: Seath Lord | N73: THR Menace // THNSO Ruby Soho
A74: 2024-10-05 | B74: Tropicarnage Cup 2024 | C74: Mount Warren Indoor Sports Centre, Mount Warren Park, Australia | D74: Queensland Roller Derby League | E74: Sydney Roller Derby League - Sydney | F74: Canberra Roller Derby League Vice City Rollers | G74: WFTDA | H74: Reg | I74: OPR | L74: Sharky | M74: Seath Lord | N74: THR Menace // THNSO Ruby Soho
A75: 2024-10-05 | B75: Tropicarnage Cup 2024 | C75: Mount Warren Indoor Sports Centre, Mount Warren Park, Australia | D75: Queensland Roller Derby League | E75: Brisbane City Rollers Red Kennedys | F75: Victorian Roller Derby League Thunder | G75: WFTDA | H75: Reg | I75: OPR | L75: Sharky | M75: Seath Lord | N75: THR Menace // THNSO Ruby Soho
A76: 2024-10-06 | B76: Tropicarnage Cup 2024 | C76: Mount Warren Indoor Sports Centre, Mount Warren Park, Australia | D76: Queensland Roller Derby League | E76: South Seas Roller Derby Sirens | F76: Canberra Roller Derby League Vice City Rollers | G76: WFTDA | H76: Reg | I76: OPR | L76: Sharky | M76: Seath Lord | N76: THR Menace // THNSO Ruby Soho
A77: 2024-10-06 | B77: Tropicarnage Cup 2024 | C77: Mount Warren Indoor Sports Centre, Mount Warren Park, Australia | D77: Queensland Roller Derby League | E77: Sun State Roller Derby Swarm | F77: Sydney Roller Derby League - Sydney | G77: WFTDA | H77: Sanc | I77: OPR | L77: Sharky | M77: Seath Lord | N77: THR Menace // THNSO Ruby Soho
A78: 2024-10-06 | B78: Tropicarnage Cup 2024 | C78: Mount Warren Indoor Sports Centre, Mount Warren Park, Australia | D78: Queensland Roller Derby League | E78: Brisbane City Rollers Red Kennedys | F78: Canberra Roller Derby League Vice City Rollers | G78: WFTDA | H78: Reg | I78: OPR | L78: Sharky | M78: Seath Lord | N78: THR Menace // THNSO Ruby Soho
A79: 2024-10-07 | B79: Tropicarnage Cup 2024 | C79: Mount Warren Indoor Sports Centre, Mount Warren Park, Australia | D79: Queensland Roller Derby League | E79: Coastal Assassins Roller Derby Assassins | F79: Sulphur City Steam Rollers The Runaways | G79: WFTDA | H79: Reg | I79: OPR | L79: Sharky | M79: Seath Lord | N79: THR Menace // THNSO Ruby Soho
A80: 2024-10-07 | B80: Tropicarnage Cup 2024 | C80: Mount Warren Indoor Sports Centre, Mount Warren Park, Australia | D80: Queensland Roller Derby League | E80: Dead End Derby Living Dead Stars | F80: Inner West Roller Derby League Skatecrashers | G80: WFTDA | H80: Reg | I80: OPR | L80: Sharky | M80: Meekeighlah | N80: THR Menace // THNSO Ruby Soho
A81: 45577 | B81: 5x5 Grand Finals 2024 | C81: Niagra Park Stadium | D81: Central Coast Roller Derby Union | E81: Blue Mountains Roller Derby League | F81: Central Coast Roller Derby United – Asgardians | G81: WFTDA | H81: Reg | I81: OPR | L81: John Ref Kennedy | M81: Ritual Ideas
A82: 45577 | B82: 5x5 Grand Finals 2024 | C82: Niagra Park Stadium | D82: Central Coast Roller Derby Union | E82: Inner West Roller Derby League | F82: Wollongong Illawarra Roller Derby | G82: WFTDA | H82: Reg | I82: SO | L82: Mental Case | M82: Vengeful Vixen
A83: 45599 | B83: WSR Halloween Bout 2024 | C83: Penrith Valley Sports Center, Sydney, Australia | D83: Western Sydney Rollers | E83: Frankenstein’s Blockers | F83: Deadset Mummies | G83: WFTDA | H83: Other | I83: SO | L83: Jim Peccable | M83: Vengeful Vixen
A84: 45605 | B84: Regional Redemption 2024 | C84: Sydney Boys High, Sydney | D84: Inner West Roller Derby League | E84: Country Bumpkins | F84: City Slickers | G84: WFTDA | H84: Reg | I84: JR | L84: John Ref Kennedy | M84: Ritual Ideas
A85: 45605 | B85: Regional Redemption 2024 | C85: Sydney Boys High, Sydney | D85: Inner West Roller Derby League | E85: Inner West Roller Derby League | F85: Varsity Roller Derby League | G85: WFTDA | H85: Reg | I85: OPR | L85: Denominator | M85: Ritual Ideas
A88: 45501 | B88: Fun Days Round 1 2024 | C88: Dunc Gray Velodrome, Bass Hill NSW, Australia | D88: Sydney Roller Derby League | E88: Smells Like Clean Padding | F88: I Like Big Bouts and I Cannot Lie | G88: WFTDA | H88: Other | I88: JR | L88: The Spanish Inquisition | M88: Ritual Ideas
A89: 2024–08-25 | B89: Fun Days Round 2 2024 | C89: Dunc Gray Velodrome, Bass Hill NSW, Australia | D89: Sydney Roller Derby League | E89: Smells Like Clean Padding | F89: The Bold and the Bootyful | G89: WFTDA | H89: Other | I89: IPR | L89: Candy Striper | M89: Statisfaction
A90: 45592 | B90: Fun Days Round 3 2024 | C90: Dunc Gray Velodrome, Bass Hill NSW, Australia | D90: Sydney Roller Derby League | E90: Smells Like Clean Padding | F90: Fundercats 2: Electric Boogaloo | G90: WFTDA | H90: Other | I90: SK | L90: John Ref Kennedy | M90: Snarls Dickens

Sheet Annuals
A1: Annual Totals by Position
A2: WFTDA Referee
A4: 1 YEAR | B4: Playoff | C4: Sanc | D4: Reg | E4: Total | H4: 18 MONTHS | I4: Playoff | J4: Sanc | K4: Reg | L4: Total
A5: THR | B5: =COUNTIFS('Game History'!A:A,(">"&(TODAY()-365)),'Game History'!G:G,"WFTDA",'Game History'!H:H,"Champs",'Game History'!I:I,Instructions!A68)+COUNTIFS('Game History'!A:A,(">"&(TODAY()-365)),'Game History'!G:G,"WFTDA",'Game History'!H:H,"Playoff",'Game History'!I:I,Instructions!A68) -> 0 | C5: =COUNTIFS('Game History'!A:A,(">"&(TODAY()-365)),'Game History'!G:G,"WFTDA",'Game History'!H:H,"Sanc",'Game History'!I:I,Instructions!A68) -> 0 | D5: =COUNTIFS('Game History'!A:A,(">"&(TODAY()-365)),'Game History'!G:G,"WFTDA",'Game History'!H:H,"Reg",'Game History'!I:I,Instructions!A68) -> 0 | E5: =SUM(B5,C5,D5) -> 0 | H5: THR | I5: =COUNTIFS('Game History'!A:A,(">"&(TODAY()-548)),'Game History'!G:G,"WFTDA",'Game History'!H:H,"Champs",'Game History'!I:I,Instructions!A68)+COUNTIFS('Game History'!A:A,(">"&(TODAY()-548)),'Game History'!G:G,"WFTDA",'Game History'!H:H,"Playoff",'Game History'!I:I,Instructions!A68) -> 0 | J5: =COUNTIFS('Game History'!A:A,(">"&(TODAY()-548)),'Game History'!G:G,"WFTDA",'Game History'!H:H,"Sanc",'Game History'!I:I,Instructions!A68) -> 0 | K5: =COUNTIFS('Game History'!A:A,(">"&(TODAY()-548)),'Game History'!G:G,"WFTDA",'Game History'!H:H,"Reg",'Game History'!I:I,Instructions!A68) -> 0 | L5: =SUM(I5,J5,K5) -> 0
A6: CHR | B6: =COUNTIFS('Game History'!A:A,(">"&(TODAY()-365)),'Game History'!G:G,"WFTDA",'Game History'!H:H,"Champs",'Game History'!I:I,Instructions!A69)+COUNTIFS('Game History'!A:A,(">"&(TODAY()-365)),'Game History'!G:G,"WFTDA",'Game History'!H:H,"Playoff",'Game History'!I:I,Instructions!A69)+COUNTIFS('Game History'!A:A,(">"&(TODAY()-365)),'Game History'!G:G,"WFTDA",'Game History'!H:H,"Champs",'Game History'!I:I,Instructions!A70)+COUNTIFS('Game History'!A:A,(">"&(TODAY()-365)),'Game History'!G:G,"WFTDA",'Game History'!H:H,"Playoff",'Game History'!I:I,Instructions!A70) -> 0 | C6: =COUNTIFS('Game History'!A:A,(">"&(TODAY()-365)),'Game History'!G:G,"WFTDA",'Game History'!H:H,"Sanc",'Game History'!I:I,Instructions!A69) -> 0 | D6: =COUNTIFS('Game History'!A:A,(">"&(TODAY()-365)),'Game History'!G:G,"WFTDA",'Game History'!H:H,"Reg",'Game History'!I:I,Instructions!A69) -> 0 | E6: =SUM(B6,C6,D6) -> 0 | H6: CHR | I6: =COUNTIFS('Game History'!A:A,(">"&(TODAY()-548)),'Game History'!G:G,"WFTDA",'Game History'!H:H,"Champs",'Game History'!I:I,Instructions!A69)+COUNTIFS('Game History'!A:A,(">"&(TODAY()-548)),'Game History'!G:G,"WFTDA",'Game History'!H:H,"Playoff",'Game History'!I:I,Instructions!A69)+COUNTIFS('Game History'!A:A,(">"&(TODAY()-548)),'Game History'!G:G,"WFTDA",'Game History'!H:H,"Champs",'Game History'!I:I,Instructions!A70)+COUNTIFS('Game History'!A:A,(">"&(TODAY()-548)),'Game History'!G:G,"WFTDA",'Game History'!H:H,"Playoff",'Game History'!I:I,Instructions!A70) -> 0 | J6: =COUNTIFS('Game History'!A:A,(">"&(TODAY()-548)),'Game History'!G:G,"WFTDA",'Game History'!H:H,"Sanc",'Game History'!I:I,Instructions!A69) -> 0 | K6: =COUNTIFS('Game History'!A:A,(">"&(TODAY()-548)),'Game History'!G:G,"WFTDA",'Game History'!H:H,"Reg",'Game History'!I:I,Instructions!A69) -> 0 | L6: =SUM(I6,J6,K6) -> 0
A7: HR | B7: — | C7: =COUNTIFS('Game History'!A:A,(">"&(TODAY()-365)),'Game History'!G:G,"WFTDA",'Game History'!H:H,"Sanc",'Game History'!I:I,Instructions!A70) -> 0 | D7: =COUNTIFS('Game History'!A:A,(">"&(TODAY()-365)),'Game History'!G:G,"WFTDA",'Game History'!H:H,"Reg",'Game History'!I:I,Instructions!A70) -> 0 | E7: =SUM(C7+D7) -> 0 | H7: HR | I7: — | J7: =COUNTIFS('Game History'!A:A,(">"&(TODAY()-548)),'Game History'!G:G,"WFTDA",'Game History'!H:H,"Sanc",'Game History'!I:I,Instructions!A70) -> 0 | K7: =COUNTIFS('Game History'!A:A,(">"&(TODAY()-548)),'Game History'!G:G,"WFTDA",'Game History'!H:H,"Reg",'Game History'!I:I,Instructions!A70) -> 0 | L7: =SUM(J7+K7) -> 0
A8: JR | B8: =COUNTIFS('Game History'!A:A,(">"&(TODAY()-365)),'Game History'!G:G,"WFTDA",'Game History'!H:H,"Champs",'Game History'!I:I,Instructions!A74)+COUNTIFS('Game History'!A:A,(">"&(TODAY()-365)),'Game History'!G:G,"WFTDA",'Game History'!H:H,"Playoff",'Game History'!I:I,Instructions!A74)+COUNTIFS('Game History'!A:A,(">"&(TODAY()-365)),'Game History'!G:G,"WFTDA",'Game History'!H:H,"Champs",'Game History'!J:J,Instructions!A74)+COUNTIFS('Game History'!A:A,(">"&(TODAY()-365)),'Game History'!G:G,"WFTDA",'Game History'!H:H,"Playoff",'Game History'!J:J,Instructions!A74) -> 0 | C8: =COUNTIFS('Game History'!A:A,(">"&(TODAY()-365)),'Game History'!G:G,"WFTDA",'Game History'!H:H,"Sanc",'Game History'!I:I,Instructions!A74)+COUNTIFS('Game History'!A:A,(">"&(TODAY()-365)),'Game History'!G:G,"WFTDA",'Game History'!H:H,"Sanc",'Game History'!J:J,Instructions!A74) -> 0 | D8: =COUNTIFS('Game History'!A:A,(">"&(TODAY()-365)),'Game History'!G:G,"WFTDA",'Game History'!H:H,"Reg",'Game History'!I:I,Instructions!A74)+COUNTIFS('Game History'!A:A,(">"&(TODAY()-365)),'Game History'!G:G,"WFTDA",'Game History'!H:H,"Reg",'Game History'!J:J,Instructions!A74) -> 0 | E8: =SUM(B8,C8,D8) -> 0 | H8: JR | I8: =COUNTIFS('Game History'!A:A,(">"&(TODAY()-548)),'Game History'!G:G,"WFTDA",'Game History'!H:H,"Champs",'Game History'!I:I,Instructions!A74)+COUNTIFS('Game History'!A:A,(">"&(TODAY()-548)),'Game History'!G:G,"WFTDA",'Game History'!H:H,"Playoff",'Game History'!I:I,Instructions!A74)+COUNTIFS('Game History'!A:A,(">"&(TODAY()-548)),'Game History'!G:G,"WFTDA",'Game History'!H:H,"Champs",'Game History'!J:J,Instructions!A74)+COUNTIFS('Game History'!A:A,(">"&(TODAY()-548)),'Game History'!G:G,"WFTDA",'Game History'!H:H,"Playoff",'Game History'!J:J,Instructions!A74) -> 0 | J8: =COUNTIFS('Game History'!A:A,(">"&(TODAY()-548)),'Game History'!G:G,"WFTDA",'Game History'!H:H,"Sanc",'Game History'!I:I,Instructions!A74)+COUNTIFS('Game History'!A:A,(">"&(TODAY()-548)),'Game History'!G:G,"WFTDA",'Game History'!H:H,"Sanc",'Game History'!J:J,Instructions!A74) -> 0 | K8: =COUNTIFS('Game History'!A:A,(">"&(TODAY()-548)),'Game History'!G:G,"WFTDA",'Game History'!H:H,"Reg",'Game History'!I:I,Instructions!A74)+COUNTIFS('Game History'!A:A,(">"&(TODAY()-548)),'Game History'!G:G,"WFTDA",'Game History'!H:H,"Reg",'Game History'!J:J,Instructions!A74) -> 0 | L8: =SUM(I8,J8,K8) -> 0
A9: IPR | B9: =COUNTIFS('Game History'!A:A,(">"&(TODAY()-365)),'Game History'!G:G,"WFTDA",'Game History'!H:H,"Champs",'Game History'!I:I,Instructions!A75)+COUNTIFS('Game History'!A:A,(">"&(TODAY()-365)),'Game History'!G:G,"WFTDA",'Game History'!H:H,"Playoff",'Game History'!I:I,Instructions!A75)+COUNTIFS('Game History'!A:A,(">"&(TODAY()-365)),'Game History'!G:G,"WFTDA",'Game History'!H:H,"Champs",'Game History'!J:J,Instructions!A75)+COUNTIFS('Game History'!A:A,(">"&(TODAY()-365)),'Game History'!G:G,"WFTDA",'Game History'!H:H,"Playoff",'Game History'!J:J,Instructions!A75) -> 0 | C9: =COUNTIFS('Game History'!A:A,(">"&(TODAY()-365)),'Game History'!G:G,"WFTDA",'Game History'!H:H,"Sanc",'Game History'!I:I,Instructions!A75)+COUNTIFS('Game History'!A:A,(">"&(TODAY()-365)),'Game History'!G:G,"WFTDA",'Game History'!H:H,"Sanc",'Game History'!J:J,Instructions!A75) -> 0 | D9: =COUNTIFS('Game History'!A:A,(">"&(TODAY()-365)),'Game History'!G:G,"WFTDA",'Game History'!H:H,"Reg",'Game History'!I:I,Instructions!A75)+COUNTIFS('Game History'!A:A,(">"&(TODAY()-365)),'Game History'!G:G,"WFTDA",'Game History'!H:H,"Reg",'Game History'!J:J,Instructions!A75) -> 0 | E9: =SUM(B9,C9,D9) -> 0 | H9: IPR | I9: =COUNTIFS('Game History'!A:A,(">"&(TODAY()-548)),'Game History'!G:G,"WFTDA",'Game History'!H:H,"Champs",'Game History'!I:I,Instructions!A75)+COUNTIFS('Game History'!A:A,(">"&(TODAY()-548)),'Game History'!G:G,"WFTDA",'Game History'!H:H,"Playoff",'Game History'!I:I,Instructions!A75)+COUNTIFS('Game History'!A:A,(">"&(TODAY()-548)),'Game History'!G:G,"WFTDA",'Game History'!H:H,"Champs",'Game History'!J:J,Instructions!A75)+COUNTIFS('Game History'!A:A,(">"&(TODAY()-548)),'Game History'!G:G,"WFTDA",'Game History'!H:H,"Playoff",'Game History'!J:J,Instructions!A75) -> 0 | J9: =COUNTIFS('Game History'!A:A,(">"&(TODAY()-548)),'Game History'!G:G,"WFTDA",'Game History'!H:H,"Sanc",'Game History'!I:I,Instructions!A75)+COUNTIFS('Game History'!A:A,(">"&(TODAY()-548)),'Game History'!G:G,"WFTDA",'Game History'!H:H,"Sanc",'Game History'!J:J,Instructions!A75) -> 0 | K9: =COUNTIFS('Game History'!A:A,(">"&(TODAY()-548)),'Game History'!G:G,"WFTDA",'Game History'!H:H,"Reg",'Game History'!I:I,Instructions!A75)+COUNTIFS('Game History'!A:A,(">"&(TODAY()-548)),'Game History'!G:G,"WFTDA",'Game History'!H:H,"Reg",'Game History'!J:J,Instructions!A75) -> 0 | L9: =SUM(I9,J9,K9) -> 0
A10: OPR | B10: =COUNTIFS('Game History'!A:A,(">"&(TODAY()-365)),'Game History'!G:G,"WFTDA",'Game History'!H:H,"Champs",'Game History'!I:I,Instructions!A76)+COUNTIFS('Game History'!A:A,(">"&(TODAY()-365)),'Game History'!G:G,"WFTDA",'Game History'!H:H,"Playoff",'Game History'!I:I,Instructions!A76)+COUNTIFS('Game History'!A:A,(">"&(TODAY()-365)),'Game History'!G:G,"WFTDA",'Game History'!H:H,"Champs",'Game History'!J:J,Instructions!A76)+COUNTIFS('Game History'!A:A,(">"&(TODAY()-365)),'Game History'!G:G,"WFTDA",'Game History'!H:H,"Playoff",'Game History'!J:J,Instructions!A76) -> 0 | C10: =COUNTIFS('Game History'!A:A,(">"&(TODAY()-365)),'Game History'!G:G,"WFTDA",'Game History'!H:H,"Sanc",'Game History'!I:I,Instructions!A76)+COUNTIFS('Game History'!A:A,(">"&(TODAY()-365)),'Game History'!G:G,"WFTDA",'Game History'!H:H,"Sanc",'Game History'!J:J,Instructions!A76) -> 0 | D10: =COUNTIFS('Game History'!A:A,(">"&(TODAY()-365)),'Game History'!G:G,"WFTDA",'Game History'!H:H,"Reg",'Game History'!I:I,Instructions!A76)+COUNTIFS('Game History'!A:A,(">"&(TODAY()-365)),'Game History'!G:G,"WFTDA",'Game History'!H:H,"Reg",'Game History'!J:J,Instructions!A76) -> 0 | E10: =SUM(B10,C10,D10) -> 0 | H10: OPR | I10: =COUNTIFS('Game History'!A:A,(">"&(TODAY()-548)),'Game History'!G:G,"WFTDA",'Game History'!H:H,"Champs",'Game History'!I:I,Instructions!A76)+COUNTIFS('Game History'!A:A,(">"&(TODAY()-548)),'Game History'!G:G,"WFTDA",'Game History'!H:H,"Playoff",'Game History'!I:I,Instructions!A76)+COUNTIFS('Game History'!A:A,(">"&(TODAY()-548)),'Game History'!G:G,"WFTDA",'Game History'!H:H,"Champs",'Game History'!J:J,Instructions!A76)+COUNTIFS('Game History'!A:A,(">"&(TODAY()-548)),'Game History'!G:G,"WFTDA",'Game History'!H:H,"Playoff",'Game History'!J:J,Instructions!A76) -> 0 | J10: =COUNTIFS('Game History'!A:A,(">"&(TODAY()-548)),'Game History'!G:G,"WFTDA",'Game History'!H:H,"Sanc",'Game History'!I:I,Instructions!A76)+COUNTIFS('Game History'!A:A,(">"&(TODAY()-548)),'Game History'!G:G,"WFTDA",'Game History'!H:H,"Sanc",'Game History'!J:J,Instructions!A76) -> 0 | K10: =COUNTIFS('Game History'!A:A,(">"&(TODAY()-548)),'Game History'!G:G,"WFTDA",'Game History'!H:H,"Reg",'Game History'!I:I,Instructions!A76)+COUNTIFS('Game History'!A:A,(">"&(TODAY()-548)),'Game History'!G:G,"WFTDA",'Game History'!H:H,"Reg",'Game History'!J:J,Instructions!A76) -> 0 | L10: =SUM(I10,J10,K10) -> 0
A11: ALT | B11: =COUNTIFS('Game History'!A:A,(">"&(TODAY()-365)),'Game History'!G:G,"WFTDA",'Game History'!H:H,"Champs",'Game History'!I:I,Instructions!A87)+COUNTIFS('Game History'!A:A,(">"&(TODAY()-365)),'Game History'!G:G,"WFTDA",'Game History'!H:H,"Playoff",'Game History'!I:I,Instructions!A87) -> 0 | C11: =COUNTIFS('Game History'!A:A,(">"&(TODAY()-365)),'Game History'!G:G,"WFTDA",'Game History'!H:H,"Sanc",'Game History'!I:I,Instructions!A87) -> 0 | D11: =COUNTIFS('Game History'!A:A,(">"&(TODAY()-365)),'Game History'!G:G,"WFTDA",'Game History'!H:H,"Reg",'Game History'!I:I,Instructions!A87) -> 0 | E11: =SUM(B11,C11,D11) -> 0 | H11: ALT | I11: =COUNTIFS('Game History'!A:A,(">"&(TODAY()-548)),'Game History'!G:G,"WFTDA",'Game History'!H:H,"Champs",'Game History'!I:I,Instructions!A87)+COUNTIFS('Game History'!A:A,(">"&(TODAY()-548)),'Game History'!G:G,"WFTDA",'Game History'!H:H,"Playoff",'Game History'!I:I,Instructions!A87) -> 0 | J11: =COUNTIFS('Game History'!A:A,(">"&(TODAY()-548)),'Game History'!G:G,"WFTDA",'Game History'!H:H,"Sanc",'Game History'!I:I,Instructions!A87) -> 0 | K11: =COUNTIFS('Game History'!A:A,(">"&(TODAY()-548)),'Game History'!G:G,"WFTDA",'Game History'!H:H,"Reg",'Game History'!I:I,Instructions!A87) -> 0 | L11: =SUM(I11,J11,K11) -> 0
A12: Total* | B12: =SUM(B5:B11) -> 0 | C12: =SUM(C5:C11) -> 0 | D12: =SUM(D5:D11) -> 0 | E12: =SUM(E5:E11) -> 0 | H12: Total* | I12: =SUM(I5:I11) -> 0 | J12: =SUM(J5:J11) -> 0 | K12: =SUM(K5:K11) -> 0 | L12: =SUM(L5:L11) -> 0
A15: WFTDA Non-Skating Official
A17: 1 YEAR | B17: Playoff | C17: Sanc | D17: Reg | E17: Total | H17: 18 MONTHS | I17: Playoff | J17: Sanc | K17: Reg | L17: Total
A18: THNSO | B18: =COUNTIFS('Game History'!A:A,(">"&(TODAY()-365)),'Game History'!G:G,"WFTDA",'Game History'!H:H,"Champs",'Game History'!I:I,Instructions!A71)+COUNTIFS('Game History'!A:A,(">"&(TODAY()-365)),'Game History'!G:G,"WFTDA",'Game History'!H:H,"Playoff",'Game History'!I:I,Instructions!A71) -> 0 | C18: =COUNTIFS('Game History'!A:A,(">"&(TODAY()-365)),'Game History'!G:G,"WFTDA",'Game History'!H:H,"Sanc",'Game History'!I:I,Instructions!A71) -> 0 | D18: =COUNTIFS('Game History'!A:A,(">"&(TODAY()-365)),'Game History'!G:G,"WFTDA",'Game History'!H:H,"Reg",'Game History'!I:I,Instructions!A71) -> 0 | E18: =SUM(B18+C18+D18) -> 0 | H18: THNSO | I18: =COUNTIFS('Game History'!A:A,(">"&(TODAY()-548)),'Game History'!G:G,"WFTDA",'Game History'!H:H,"Champs",'Game History'!I:I,Instructions!A71)+COUNTIFS('Game History'!A:A,(">"&(TODAY()-548)),'Game History'!G:G,"WFTDA",'Game History'!H:H,"Playoff",'Game History'!I:I,Instructions!A71) -> 0 | J18: =COUNTIFS('Game History'!A:A,(">"&(TODAY()-548)),'Game History'!G:G,"WFTDA",'Game History'!H:H,"Sanc",'Game History'!I:I,Instructions!A71) -> 0 | K18: =COUNTIFS('Game History'!A:A,(">"&(TODAY()-548)),'Game History'!G:G,"WFTDA",'Game History'!H:H,"Reg",'Game History'!I:I,Instructions!A71) -> 0 | L18: =SUM(I18+J18+K18) -> 0
A19: CHNSO | B19: =COUNTIFS('Game History'!A:A,(">"&(TODAY()-365)),'Game History'!G:G,"WFTDA",'Game History'!H:H,"Champs",'Game History'!I:I,Instructions!A72)+COUNTIFS('Game History'!A:A,(">"&(TODAY()-365)),'Game History'!G:G,"WFTDA",'Game History'!H:H,"Playoff",'Game History'!I:I,Instructions!A72)+COUNTIFS('Game History'!A:A,(">"&(TODAY()-365)),'Game History'!G:G,"WFTDA",'Game History'!H:H,"Champs",'Game History'!I:I,Instructions!A73)+COUNTIFS('Game History'!A:A,(">"&(TODAY()-365)),'Game History'!G:G,"WFTDA",'Game History'!H:H,"Playoff",'Game History'!I:I,Instructions!A73) -> 0 | C19: =COUNTIFS('Game History'!A:A,(">"&(TODAY()-365)),'Game History'!G:G,"WFTDA",'Game History'!H:H,"Sanc",'Game History'!I:I,Instructions!A72) -> 0 | D19: =COUNTIFS('Game History'!A:A,(">"&(TODAY()-365)),'Game History'!G:G,"WFTDA",'Game History'!H:H,"Reg",'Game History'!I:I,Instructions!A72) -> 0 | E19: =SUM(B19+C19+D19) -> 0 | H19: CHNSO | I19: =COUNTIFS('Game History'!A:A,(">"&(TODAY()-548)),'Game History'!G:G,"WFTDA",'Game History'!H:H,"Champs",'Game History'!I:I,Instructions!A72)+COUNTIFS('Game History'!A:A,(">"&(TODAY()-548)),'Game History'!G:G,"WFTDA",'Game History'!H:H,"Playoff",'Game History'!I:I,Instructions!A72)+COUNTIFS('Game History'!A:A,(">"&(TODAY()-548)),'Game History'!G:G,"WFTDA",'Game History'!H:H,"Champs",'Game History'!I:I,Instructions!A73)+COUNTIFS('Game History'!A:A,(">"&(TODAY()-548)),'Game History'!G:G,"WFTDA",'Game History'!H:H,"Playoff",'Game History'!I:I,Instructions!A73) -> 0 | J19: =COUNTIFS('Game History'!A:A,(">"&(TODAY()-548)),'Game History'!G:G,"WFTDA",'Game History'!H:H,"Sanc",'Game History'!I:I,Instructions!A72) -> 0 | K19: =COUNTIFS('Game History'!A:A,(">"&(TODAY()-548)),'Game History'!G:G,"WFTDA",'Game History'!H:H,"Reg",'Game History'!I:I,Instructions!A72) -> 0 | L19: =SUM(I19+J19+K19) -> 0
A20: HNSO | B20: — | C20: =COUNTIFS('Game History'!A:A,(">"&(TODAY()-365)),'Game History'!G:G,"WFTDA",'Game History'!H:H,"Sanc",'Game History'!I:I,Instructions!A73) -> 0 | D20: =COUNTIFS('Game History'!A:A,(">"&(TODAY()-365)),'Game History'!G:G,"WFTDA",'Game History'!H:H,"Reg",'Game History'!I:I,Instructions!A73) -> 0 | E20: =SUM(C20+D20) -> 0 | F20: Operator | H20: HNSO | I20: — | J20: =COUNTIFS('Game History'!A:A,(">"&(TODAY()-548)),'Game History'!G:G,"WFTDA",'Game History'!H:H,"Sanc",'Game History'!I:I,Instructions!A73) -> 0 | K20: =COUNTIFS('Game History'!A:A,(">"&(TODAY()-548)),'Game History'!G:G,"WFTDA",'Game History'!H:H,"Reg",'Game History'!I:I,Instructions!A73) -> 0 | L20: =SUM(J20+K20) -> 0 | M20: Operator
A21: PT | B21: =COUNTIFS('Game History'!A:A,(">"&(TODAY()-365)),'Game History'!G:G,"WFTDA",'Game History'!H:H,"Champs",'Game History'!I:I,Instructions!A77)+COUNTIFS('Game History'!A:A,(">"&(TODAY()-365)),'Game History'!G:G,"WFTDA",'Game History'!H:H,"Playoff",'Game History'!I:I,Instructions!A77)+COUNTIFS('Game History'!A:A,(">"&(TODAY()-365)),'Game History'!G:G,"WFTDA",'Game History'!H:H,"Champs",'Game History'!J:J,Instructions!A77)+COUNTIFS('Game History'!A:A,(">"&(TODAY()-365)),'Game History'!G:G,"WFTDA",'Game History'!H:H,"Playoff",'Game History'!J:J,Instructions!A77) -> 0 | C21: =COUNTIFS('Game History'!A:A,(">"&(TODAY()-365)),'Game History'!G:G,"WFTDA",'Game History'!H:H,"Sanc",'Game History'!I:I,Instructions!A77)+COUNTIFS('Game History'!A:A,(">"&(TODAY()-365)),'Game History'!G:G,"WFTDA",'Game History'!H:H,"Sanc",'Game History'!J:J,Instructions!A77) -> 0 | D21: =COUNTIFS('Game History'!A:A,(">"&(TODAY()-365)),'Game History'!G:G,"WFTDA",'Game History'!H:H,"Reg",'Game History'!I:I,Instructions!A77)+COUNTIFS('Game History'!A:A,(">"&(TODAY()-365)),'Game History'!G:G,"WFTDA",'Game History'!H:H,"Reg",'Game History'!J:J,Instructions!A77) -> 0 | E21: =SUM(B21+C21+D21) -> 0 | F21: =COUNTIFS('Game History'!A:A,(">"&(TODAY()-365)),'Game History'!G:G,"WFTDA",'Game History'!I:I,A21,'Game History'!K:K,"Y")+COUNTIFS('Game History'!A:A,(">"&(TODAY()-365)),'Game History'!G:G,"WFTDA",'Game History'!J:J,A21,'Game History'!K:K,"Y") -> 0 | H21: PT | I21: =COUNTIFS('Game History'!A:A,(">"&(TODAY()-548)),'Game History'!G:G,"WFTDA",'Game History'!H:H,"Champs",'Game History'!I:I,Instructions!A77)+COUNTIFS('Game History'!A:A,(">"&(TODAY()-548)),'Game History'!G:G,"WFTDA",'Game History'!H:H,"Playoff",'Game History'!I:I,Instructions!A77)+COUNTIFS('Game History'!A:A,(">"&(TODAY()-548)),'Game History'!G:G,"WFTDA",'Game History'!H:H,"Champs",'Game History'!J:J,Instructions!A77)+COUNTIFS('Game History'!A:A,(">"&(TODAY()-548)),'Game History'!G:G,"WFTDA",'Game History'!H:H,"Playoff",'Game History'!J:J,Instructions!A77) -> 0 | J21: =COUNTIFS('Game History'!A:A,(">"&(TODAY()-548)),'Game History'!G:G,"WFTDA",'Game History'!H:H,"Sanc",'Game History'!I:I,Instructions!A77)+COUNTIFS('Game History'!A:A,(">"&(TODAY()-548)),'Game History'!G:G,"WFTDA",'Game History'!H:H,"Sanc",'Game History'!J:J,Instructions!A77) -> 0 | K21: =COUNTIFS('Game History'!A:A,(">"&(TODAY()-548)),'Game History'!G:G,"WFTDA",'Game History'!H:H,"Reg",'Game History'!I:I,Instructions!A77)+COUNTIFS('Game History'!A:A,(">"&(TODAY()-548)),'Game History'!G:G,"WFTDA",'Game History'!H:H,"Reg",'Game History'!J:J,Instructions!A77) -> 0 | L21: =SUM(I21+J21+K21) -> 0 | M21: =COUNTIFS('Game History'!A:A,(">"&(TODAY()-548)),'Game History'!G:G,"WFTDA",'Game History'!I:I,A21,'Game History'!K:K,"Y")+COUNTIFS('Game History'!A:A,(">"&(TODAY()-548)),'Game History'!G:G,"WFTDA",'Game History'!J:J,A21,'Game History'!K:K,"Y") -> 0
A22: PW | B22: =COUNTIFS('Game History'!A:A,(">"&(TODAY()-365)),'Game History'!G:G,"WFTDA",'Game History'!H:H,"Champs",'Game History'!I:I,Instructions!A78)+COUNTIFS('Game History'!A:A,(">"&(TODAY()-365)),'Game History'!G:G,"WFTDA",'Game History'!H:H,"Playoff",'Game History'!I:I,Instructions!A78)+COUNTIFS('Game History'!A:A,(">"&(TODAY()-365)),'Game History'!G:G,"WFTDA",'Game History'!H:H,"Champs",'Game History'!J:J,Instructions!A78)+COUNTIFS('Game History'!A:A,(">"&(TODAY()-365)),'Game History'!G:G,"WFTDA",'Game History'!H:H,"Playoff",'Game History'!J:J,Instructions!A78) -> 0 | C22: =COUNTIFS('Game History'!A:A,(">"&(TODAY()-365)),'Game History'!G:G,"WFTDA",'Game History'!H:H,"Sanc",'Game History'!I:I,Instructions!A78)+COUNTIFS('Game History'!A:A,(">"&(TODAY()-365)),'Game History'!G:G,"WFTDA",'Game History'!H:H,"Sanc",'Game History'!J:J,Instructions!A78) -> 0 | D22: =COUNTIFS('Game History'!A:A,(">"&(TODAY()-365)),'Game History'!G:G,"WFTDA",'Game History'!H:H,"Reg",'Game History'!I:I,Instructions!A78)+COUNTIFS('Game History'!A:A,(">"&(TODAY()-365)),'Game History'!G:G,"WFTDA",'Game History'!H:H,"Reg",'Game History'!J:J,Instructions!A78) -> 0 | E22: =SUM(B22+C22+D22) -> 0 | F22: =COUNTIFS('Game History'!A:A,(">"&(TODAY()-365)),'Game History'!G:G,"WFTDA",'Game History'!I:I,A22,'Game History'!K:K,"Y")+COUNTIFS('Game History'!A:A,(">"&(TODAY()-365)),'Game History'!G:G,"WFTDA",'Game History'!J:J,A22,'Game History'!K:K,"Y") -> 0 | H22: PW | I22: =COUNTIFS('Game History'!A:A,(">"&(TODAY()-548)),'Game History'!G:G,"WFTDA",'Game History'!H:H,"Champs",'Game History'!I:I,Instructions!A78)+COUNTIFS('Game History'!A:A,(">"&(TODAY()-548)),'Game History'!G:G,"WFTDA",'Game History'!H:H,"Playoff",'Game History'!I:I,Instructions!A78)+COUNTIFS('Game History'!A:A,(">"&(TODAY()-548)),'Game History'!G:G,"WFTDA",'Game History'!H:H,"Champs",'Game History'!J:J,Instructions!A78)+COUNTIFS('Game History'!A:A,(">"&(TODAY()-548)),'Game History'!G:G,"WFTDA",'Game History'!H:H,"Playoff",'Game History'!J:J,Instructions!A78) -> 0 | J22: =COUNTIFS('Game History'!A:A,(">"&(TODAY()-548)),'Game History'!G:G,"WFTDA",'Game History'!H:H,"Sanc",'Game History'!I:I,Instructions!A78)+COUNTIFS('Game History'!A:A,(">"&(TODAY()-548)),'Game History'!G:G,"WFTDA",'Game History'!H:H,"Sanc",'Game History'!J:J,Instructions!A78) -> 0 | K22: =COUNTIFS('Game History'!A:A,(">"&(TODAY()-548)),'Game History'!G:G,"WFTDA",'Game History'!H:H,"Reg",'Game History'!I:I,Instructions!A78)+COUNTIFS('Game History'!A:A,(">"&(TODAY()-548)),'Game History'!G:G,"WFTDA",'Game History'!H:H,"Reg",'Game History'!J:J,Instructions!A78) -> 0 | L22: =SUM(I22+J22+K22) -> 0 | M22: =COUNTIFS('Game History'!A:A,(">"&(TODAY()-548)),'Game History'!G:G,"WFTDA",'Game History'!I:I,A22,'Game History'!K:K,"Y")+COUNTIFS('Game History'!A:A,(">"&(TODAY()-548)),'Game History'!G:G,"WFTDA",'Game History'!J:J,A22,'Game History'!K:K,"Y") -> 0
A23: IWB | B23: =COUNTIFS('Game History'!A:A,(">"&(TODAY()-365)),'Game History'!G:G,"WFTDA",'Game History'!H:H,"Champs",'Game History'!I:I,Instructions!A79)+COUNTIFS('Game History'!A:A,(">"&(TODAY()-365)),'Game History'!G:G,"WFTDA",'Game History'!H:H,"Playoff",'Game History'!I:I,Instructions!A79)+COUNTIFS('Game History'!A:A,(">"&(TODAY()-365)),'Game History'!G:G,"WFTDA",'Game History'!H:H,"Champs",'Game History'!J:J,Instructions!A79)+COUNTIFS('Game History'!A:A,(">"&(TODAY()-365)),'Game History'!G:G,"WFTDA",'Game History'!H:H,"Playoff",'Game History'!J:J,Instructions!A79) -> 0 | C23: =COUNTIFS('Game History'!A:A,(">"&(TODAY()-365)),'Game History'!G:G,"WFTDA",'Game History'!H:H,"Sanc",'Game History'!I:I,Instructions!A79)+COUNTIFS('Game History'!A:A,(">"&(TODAY()-365)),'Game History'!G:G,"WFTDA",'Game History'!H:H,"Sanc",'Game History'!J:J,Instructions!A79) -> 0 | D23: =COUNTIFS('Game History'!A:A,(">"&(TODAY()-365)),'Game History'!G:G,"WFTDA",'Game History'!H:H,"Reg",'Game History'!I:I,Instructions!A79)+COUNTIFS('Game History'!A:A,(">"&(TODAY()-365)),'Game History'!G:G,"WFTDA",'Game History'!H:H,"Reg",'Game History'!J:J,Instructions!A79) -> 0 | E23: =SUM(B23+C23+D23) -> 0 | F23: =COUNTIFS('Game History'!A:A,(">"&(TODAY()-365)),'Game History'!G:G,"WFTDA",'Game History'!I:I,A23,'Game History'!K:K,"Y")+COUNTIFS('Game History'!A:A,(">"&(TODAY()-365)),'Game History'!G:G,"WFTDA",'Game History'!J:J,A23,'Game History'!K:K,"Y") -> 0 | H23: IWB | I23: =COUNTIFS('Game History'!A:A,(">"&(TODAY()-548)),'Game History'!G:G,"WFTDA",'Game History'!H:H,"Champs",'Game History'!I:I,Instructions!A79)+COUNTIFS('Game History'!A:A,(">"&(TODAY()-548)),'Game History'!G:G,"WFTDA",'Game History'!H:H,"Playoff",'Game History'!I:I,Instructions!A79)+COUNTIFS('Game History'!A:A,(">"&(TODAY()-548)),'Game History'!G:G,"WFTDA",'Game History'!H:H,"Champs",'Game History'!J:J,Instructions!A79)+COUNTIFS('Game History'!A:A,(">"&(TODAY()-548)),'Game History'!G:G,"WFTDA",'Game History'!H:H,"Playoff",'Game History'!J:J,Instructions!A79) -> 0 | J23: =COUNTIFS('Game History'!A:A,(">"&(TODAY()-548)),'Game History'!G:G,"WFTDA",'Game History'!H:H,"Sanc",'Game History'!I:I,Instructions!A79)+COUNTIFS('Game History'!A:A,(">"&(TODAY()-548)),'Game History'!G:G,"WFTDA",'Game History'!H:H,"Sanc",'Game History'!J:J,Instructions!A79) -> 0 | K23: =COUNTIFS('Game History'!A:A,(">"&(TODAY()-548)),'Game History'!G:G,"WFTDA",'Game History'!H:H,"Reg",'Game History'!I:I,Instructions!A79)+COUNTIFS('Game History'!A:A,(">"&(TODAY()-548)),'Game History'!G:G,"WFTDA",'Game History'!H:H,"Reg",'Game History'!J:J,Instructions!A79) -> 0 | L23: =SUM(I23+J23+K23) -> 0 | M23: =COUNTIFS('Game History'!A:A,(">"&(TODAY()-548)),'Game History'!G:G,"WFTDA",'Game History'!I:I,A23,'Game History'!K:K,"Y")+COUNTIFS('Game History'!A:A,(">"&(TODAY()-548)),'Game History'!G:G,"WFTDA",'Game History'!J:J,A23,'Game History'!K:K,"Y") -> 0
A24: OWB | B24: =COUNTIFS('Game History'!A:A,(">"&(TODAY()-365)),'Game History'!G:G,"WFTDA",'Game History'!H:H,"Champs",'Game History'!I:I,Instructions!A80)+COUNTIFS('Game History'!A:A,(">"&(TODAY()-365)),'Game History'!G:G,"WFTDA",'Game History'!H:H,"Playoff",'Game History'!I:I,Instructions!A80)+COUNTIFS('Game History'!A:A,(">"&(TODAY()-365)),'Game History'!G:G,"WFTDA",'Game History'!H:H,"Champs",'Game History'!J:J,Instructions!A80)+COUNTIFS('Game History'!A:A,(">"&(TODAY()-365)),'Game History'!G:G,"WFTDA",'Game History'!H:H,"Playoff",'Game History'!J:J,Instructions!A80) -> 0 | C24: =COUNTIFS('Game History'!A:A,(">"&(TODAY()-365)),'Game History'!G:G,"WFTDA",'Game History'!H:H,"Sanc",'Game History'!I:I,Instructions!A80)+COUNTIFS('Game History'!A:A,(">"&(TODAY()-365)),'Game History'!G:G,"WFTDA",'Game History'!H:H,"Sanc",'Game History'!J:J,Instructions!A80) -> 0 | D24: =COUNTIFS('Game History'!A:A,(">"&(TODAY()-365)),'Game History'!G:G,"WFTDA",'Game History'!H:H,"Reg",'Game History'!I:I,Instructions!A80)+COUNTIFS('Game History'!A:A,(">"&(TODAY()-365)),'Game History'!G:G,"WFTDA",'Game History'!H:H,"Reg",'Game History'!J:J,Instructions!A80) -> 0 | E24: =SUM(B24+C24+D24) -> 0 | F24: =COUNTIFS('Game History'!A:A,(">"&(TODAY()-365)),'Game History'!G:G,"WFTDA",'Game History'!I:I,A24,'Game History'!K:K,"Y")+COUNTIFS('Game History'!A:A,(">"&(TODAY()-365)),'Game History'!G:G,"WFTDA",'Game History'!J:J,A24,'Game History'!K:K,"Y") -> 0 | H24: OWB | I24: =COUNTIFS('Game History'!A:A,(">"&(TODAY()-548)),'Game History'!G:G,"WFTDA",'Game History'!H:H,"Champs",'Game History'!I:I,Instructions!A80)+COUNTIFS('Game History'!A:A,(">"&(TODAY()-548)),'Game History'!G:G,"WFTDA",'Game History'!H:H,"Playoff",'Game History'!I:I,Instructions!A80)+COUNTIFS('Game History'!A:A,(">"&(TODAY()-548)),'Game History'!G:G,"WFTDA",'Game History'!H:H,"Champs",'Game History'!J:J,Instructions!A80)+COUNTIFS('Game History'!A:A,(">"&(TODAY()-548)),'Game History'!G:G,"WFTDA",'Game History'!H:H,"Playoff",'Game History'!J:J,Instructions!A80) -> 0 | J24: =COUNTIFS('Game History'!A:A,(">"&(TODAY()-548)),'Game History'!G:G,"WFTDA",'Game History'!H:H,"Sanc",'Game History'!I:I,Instructions!A80)+COUNTIFS('Game History'!A:A,(">"&(TODAY()-548)),'Game History'!G:G,"WFTDA",'Game History'!H:H,"Sanc",'Game History'!J:J,Instructions!A80) -> 0 | K24: =COUNTIFS('Game History'!A:A,(">"&(TODAY()-548)),'Game History'!G:G,"WFTDA",'Game History'!H:H,"Reg",'Game History'!I:I,Instructions!A80)+COUNTIFS('Game History'!A:A,(">"&(TODAY()-548)),'Game History'!G:G,"WFTDA",'Game History'!H:H,"Reg",'Game History'!J:J,Instructions!A80) -> 0 | L24: =SUM(I24+J24+K24) -> 0 | M24: =COUNTIFS('Game History'!A:A,(">"&(TODAY()-548)),'Game History'!G:G,"WFTDA",'Game History'!I:I,A24,'Game History'!K:K,"Y")+COUNTIFS('Game History'!A:A,(">"&(TODAY()-548)),'Game History'!G:G,"WFTDA",'Game History'!J:J,A24,'Game History'!K:K,"Y") -> 0
A25: JT | B25: =COUNTIFS('Game History'!A:A,(">"&(TODAY()-365)),'Game History'!G:G,"WFTDA",'Game History'!H:H,"Champs",'Game History'!I:I,Instructions!A81)+COUNTIFS('Game History'!A:A,(">"&(TODAY()-365)),'Game History'!G:G,"WFTDA",'Game History'!H:H,"Playoff",'Game History'!I:I,Instructions!A81)+COUNTIFS('Game History'!A:A,(">"&(TODAY()-365)),'Game History'!G:G,"WFTDA",'Game History'!H:H,"Champs",'Game History'!J:J,Instructions!A81)+COUNTIFS('Game History'!A:A,(">"&(TODAY()-365)),'Game History'!G:G,"WFTDA",'Game History'!H:H,"Playoff",'Game History'!J:J,Instructions!A81) -> 0 | C25: =COUNTIFS('Game History'!A:A,(">"&(TODAY()-365)),'Game History'!G:G,"WFTDA",'Game History'!H:H,"Sanc",'Game History'!I:I,Instructions!A81)+COUNTIFS('Game History'!A:A,(">"&(TODAY()-365)),'Game History'!G:G,"WFTDA",'Game History'!H:H,"Sanc",'Game History'!J:J,Instructions!A81) -> 0 | D25: =COUNTIFS('Game History'!A:A,(">"&(TODAY()-365)),'Game History'!G:G,"WFTDA",'Game History'!H:H,"Reg",'Game History'!I:I,Instructions!A81)+COUNTIFS('Game History'!A:A,(">"&(TODAY()-365)),'Game History'!G:G,"WFTDA",'Game History'!H:H,"Reg",'Game History'!J:J,Instructions!A81) -> 0 | E25: =SUM(B25+C25+D25) -> 0 | F25: =COUNTIFS('Game History'!A:A,(">"&(TODAY()-365)),'Game History'!G:G,"WFTDA",'Game History'!I:I,A25,'Game History'!K:K,"Y")+COUNTIFS('Game History'!A:A,(">"&(TODAY()-365)),'Game History'!G:G,"WFTDA",'Game History'!J:J,A25,'Game History'!K:K,"Y") -> 0 | H25: JT | I25: =COUNTIFS('Game History'!A:A,(">"&(TODAY()-548)),'Game History'!G:G,"WFTDA",'Game History'!H:H,"Champs",'Game History'!I:I,Instructions!A81)+COUNTIFS('Game History'!A:A,(">"&(TODAY()-548)),'Game History'!G:G,"WFTDA",'Game History'!H:H,"Playoff",'Game History'!I:I,Instructions!A81)+COUNTIFS('Game History'!A:A,(">"&(TODAY()-548)),'Game History'!G:G,"WFTDA",'Game History'!H:H,"Champs",'Game History'!J:J,Instructions!A81)+COUNTIFS('Game History'!A:A,(">"&(TODAY()-548)),'Game History'!G:G,"WFTDA",'Game History'!H:H,"Playoff",'Game History'!J:J,Instructions!A81) -> 0 | J25: =COUNTIFS('Game History'!A:A,(">"&(TODAY()-548)),'Game History'!G:G,"WFTDA",'Game History'!H:H,"Sanc",'Game History'!I:I,Instructions!A81)+COUNTIFS('Game History'!A:A,(">"&(TODAY()-548)),'Game History'!G:G,"WFTDA",'Game History'!H:H,"Sanc",'Game History'!J:J,Instructions!A81) -> 0 | K25: =COUNTIFS('Game History'!A:A,(">"&(TODAY()-548)),'Game History'!G:G,"WFTDA",'Game History'!H:H,"Reg",'Game History'!I:I,Instructions!A81)+COUNTIFS('Game History'!A:A,(">"&(TODAY()-548)),'Game History'!G:G,"WFTDA",'Game History'!H:H,"Reg",'Game History'!J:J,Instructions!A81) -> 0 | L25: =SUM(I25+J25+K25) -> 0 | M25: =COUNTIFS('Game History'!A:A,(">"&(TODAY()-548)),'Game History'!G:G,"WFTDA",'Game History'!I:I,A25,'Game History'!K:K,"Y")+COUNTIFS('Game History'!A:A,(">"&(TODAY()-548)),'Game History'!G:G,"WFTDA",'Game History'!J:J,A25,'Game History'!K:K,"Y") -> 0
A26: SK | B26: =COUNTIFS('Game History'!A:A,(">"&(TODAY()-365)),'Game History'!G:G,"WFTDA",'Game History'!H:H,"Champs",'Game History'!I:I,Instructions!A82)+COUNTIFS('Game History'!A:A,(">"&(TODAY()-365)),'Game History'!G:G,"WFTDA",'Game History'!H:H,"Playoff",'Game History'!I:I,Instructions!A82)+COUNTIFS('Game History'!A:A,(">"&(TODAY()-365)),'Game History'!G:G,"WFTDA",'Game History'!H:H,"Champs",'Game History'!J:J,Instructions!A82)+COUNTIFS('Game History'!A:A,(">"&(TODAY()-365)),'Game History'!G:G,"WFTDA",'Game History'!H:H,"Playoff",'Game History'!J:J,Instructions!A82) -> 0 | C26: =COUNTIFS('Game History'!A:A,(">"&(TODAY()-365)),'Game History'!G:G,"WFTDA",'Game History'!H:H,"Sanc",'Game History'!I:I,Instructions!A82)+COUNTIFS('Game History'!A:A,(">"&(TODAY()-365)),'Game History'!G:G,"WFTDA",'Game History'!H:H,"Sanc",'Game History'!J:J,Instructions!A82) -> 0 | D26: =COUNTIFS('Game History'!A:A,(">"&(TODAY()-365)),'Game History'!G:G,"WFTDA",'Game History'!H:H,"Reg",'Game History'!I:I,Instructions!A82)+COUNTIFS('Game History'!A:A,(">"&(TODAY()-365)),'Game History'!G:G,"WFTDA",'Game History'!H:H,"Reg",'Game History'!J:J,Instructions!A82) -> 0 | E26: =SUM(B26+C26+D26) -> 0 | F26: =COUNTIFS('Game History'!A:A,(">"&(TODAY()-365)),'Game History'!G:G,"WFTDA",'Game History'!I:I,A26,'Game History'!K:K,"Y")+COUNTIFS('Game History'!A:A,(">"&(TODAY()-365)),'Game History'!G:G,"WFTDA",'Game History'!J:J,A26,'Game History'!K:K,"Y") -> 0 | H26: SK | I26: =COUNTIFS('Game History'!A:A,(">"&(TODAY()-548)),'Game History'!G:G,"WFTDA",'Game History'!H:H,"Champs",'Game History'!I:I,Instructions!A82)+COUNTIFS('Game History'!A:A,(">"&(TODAY()-548)),'Game History'!G:G,"WFTDA",'Game History'!H:H,"Playoff",'Game History'!I:I,Instructions!A82)+COUNTIFS('Game History'!A:A,(">"&(TODAY()-548)),'Game History'!G:G,"WFTDA",'Game History'!H:H,"Champs",'Game History'!J:J,Instructions!A82)+COUNTIFS('Game History'!A:A,(">"&(TODAY()-548)),'Game History'!G:G,"WFTDA",'Game History'!H:H,"Playoff",'Game History'!J:J,Instructions!A82) -> 0 | J26: =COUNTIFS('Game History'!A:A,(">"&(TODAY()-548)),'Game History'!G:G,"WFTDA",'Game History'!H:H,"Sanc",'Game History'!I:I,Instructions!A82)+COUNTIFS('Game History'!A:A,(">"&(TODAY()-548)),'Game History'!G:G,"WFTDA",'Game History'!H:H,"Sanc",'Game History'!J:J,Instructions!A82) -> 0 | K26: =COUNTIFS('Game History'!A:A,(">"&(TODAY()-548)),'Game History'!G:G,"WFTDA",'Game History'!H:H,"Reg",'Game History'!I:I,Instructions!A82)+COUNTIFS('Game History'!A:A,(">"&(TODAY()-548)),'Game History'!G:G,"WFTDA",'Game History'!H:H,"Reg",'Game History'!J:J,Instructions!A82) -> 0 | L26: =SUM(I26+J26+K26) -> 0 | M26: =COUNTIFS('Game History'!A:A,(">"&(TODAY()-548)),'Game History'!G:G,"WFTDA",'Game History'!I:I,A26,'Game History'!K:K,"Y")+COUNTIFS('Game History'!A:A,(">"&(TODAY()-548)),'Game History'!G:G,"WFTDA",'Game History'!J:J,A26,'Game History'!K:K,"Y") -> 0
A27: SO | B27: =COUNTIFS('Game History'!A:A,(">"&(TODAY()-365)),'Game History'!G:G,"WFTDA",'Game History'!H:H,"Champs",'Game History'!I:I,Instructions!A83)+COUNTIFS('Game History'!A:A,(">"&(TODAY()-365)),'Game History'!G:G,"WFTDA",'Game History'!H:H,"Playoff",'Game History'!I:I,Instructions!A83)+COUNTIFS('Game History'!A:A,(">"&(TODAY()-365)),'Game History'!G:G,"WFTDA",'Game History'!H:H,"Champs",'Game History'!J:J,Instructions!A83)+COUNTIFS('Game History'!A:A,(">"&(TODAY()-365)),'Game History'!G:G,"WFTDA",'Game History'!H:H,"Playoff",'Game History'!J:J,Instructions!A83) -> 0 | C27: =COUNTIFS('Game History'!A:A,(">"&(TODAY()-365)),'Game History'!G:G,"WFTDA",'Game History'!H:H,"Sanc",'Game History'!I:I,Instructions!A83)+COUNTIFS('Game History'!A:A,(">"&(TODAY()-365)),'Game History'!G:G,"WFTDA",'Game History'!H:H,"Sanc",'Game History'!J:J,Instructions!A83) -> 0 | D27: =COUNTIFS('Game History'!A:A,(">"&(TODAY()-365)),'Game History'!G:G,"WFTDA",'Game History'!H:H,"Reg",'Game History'!I:I,Instructions!A83)+COUNTIFS('Game History'!A:A,(">"&(TODAY()-365)),'Game History'!G:G,"WFTDA",'Game History'!H:H,"Reg",'Game History'!J:J,Instructions!A83) -> 0 | E27: =SUM(B27+C27+D27) -> 0 | F27: =COUNTIFS('Game History'!A:A,(">"&(TODAY()-365)),'Game History'!G:G,"WFTDA",'Game History'!I:I,A27,'Game History'!K:K,"Y")+COUNTIFS('Game History'!A:A,(">"&(TODAY()-365)),'Game History'!G:G,"WFTDA",'Game History'!J:J,A27,'Game History'!K:K,"Y") -> 0 | H27: SO | I27: =COUNTIFS('Game History'!A:A,(">"&(TODAY()-548)),'Game History'!G:G,"WFTDA",'Game History'!H:H,"Champs",'Game History'!I:I,Instructions!A83)+COUNTIFS('Game History'!A:A,(">"&(TODAY()-548)),'Game History'!G:G,"WFTDA",'Game History'!H:H,"Playoff",'Game History'!I:I,Instructions!A83)+COUNTIFS('Game History'!A:A,(">"&(TODAY()-548)),'Game History'!G:G,"WFTDA",'Game History'!H:H,"Champs",'Game History'!J:J,Instructions!A83)+COUNTIFS('Game History'!A:A,(">"&(TODAY()-548)),'Game History'!G:G,"WFTDA",'Game History'!H:H,"Playoff",'Game History'!J:J,Instructions!A83) -> 0 | J27: =COUNTIFS('Game History'!A:A,(">"&(TODAY()-548)),'Game History'!G:G,"WFTDA",'Game History'!H:H,"Sanc",'Game History'!I:I,Instructions!A83)+COUNTIFS('Game History'!A:A,(">"&(TODAY()-548)),'Game History'!G:G,"WFTDA",'Game History'!H:H,"Sanc",'Game History'!J:J,Instructions!A83) -> 0 | K27: =COUNTIFS('Game History'!A:A,(">"&(TODAY()-548)),'Game History'!G:G,"WFTDA",'Game History'!H:H,"Reg",'Game History'!I:I,Instructions!A83)+COUNTIFS('Game History'!A:A,(">"&(TODAY()-548)),'Game History'!G:G,"WFTDA",'Game History'!H:H,"Reg",'Game History'!J:J,Instructions!A83) -> 0 | L27: =SUM(I27+J27+K27) -> 0 | M27: =COUNTIFS('Game History'!A:A,(">"&(TODAY()-548)),'Game History'!G:G,"WFTDA",'Game History'!I:I,A27,'Game History'!K:K,"Y")+COUNTIFS('Game History'!A:A,(">"&(TODAY()-548)),'Game History'!G:G,"WFTDA",'Game History'!J:J,A27,'Game History'!K:K,"Y") -> 0
A28: PBM | B28: =COUNTIFS('Game History'!A:A,(">"&(TODAY()-365)),'Game History'!G:G,"WFTDA",'Game History'!H:H,"Champs",'Game History'!I:I,Instructions!A84)+COUNTIFS('Game History'!A:A,(">"&(TODAY()-365)),'Game History'!G:G,"WFTDA",'Game History'!H:H,"Playoff",'Game History'!I:I,Instructions!A84)+COUNTIFS('Game History'!A:A,(">"&(TODAY()-365)),'Game History'!G:G,"WFTDA",'Game History'!H:H,"Champs",'Game History'!J:J,Instructions!A84)+COUNTIFS('Game History'!A:A,(">"&(TODAY()-365)),'Game History'!G:G,"WFTDA",'Game History'!H:H,"Playoff",'Game History'!J:J,Instructions!A84) -> 0 | C28: =COUNTIFS('Game History'!A:A,(">"&(TODAY()-365)),'Game History'!G:G,"WFTDA",'Game History'!H:H,"Sanc",'Game History'!I:I,Instructions!A84)+COUNTIFS('Game History'!A:A,(">"&(TODAY()-365)),'Game History'!G:G,"WFTDA",'Game History'!H:H,"Sanc",'Game History'!J:J,Instructions!A84) -> 0 | D28: =COUNTIFS('Game History'!A:A,(">"&(TODAY()-365)),'Game History'!G:G,"WFTDA",'Game History'!H:H,"Reg",'Game History'!I:I,Instructions!A84)+COUNTIFS('Game History'!A:A,(">"&(TODAY()-365)),'Game History'!G:G,"WFTDA",'Game History'!H:H,"Reg",'Game History'!J:J,Instructions!A84) -> 0 | E28: =SUM(B28+C28+D28) -> 0 | F28: =COUNTIFS('Game History'!A:A,(">"&(TODAY()-365)),'Game History'!G:G,"WFTDA",'Game History'!I:I,A28,'Game History'!K:K,"Y")+COUNTIFS('Game History'!A:A,(">"&(TODAY()-365)),'Game History'!G:G,"WFTDA",'Game History'!J:J,A28,'Game History'!K:K,"Y") -> 0 | H28: PBM | I28: =COUNTIFS('Game History'!A:A,(">"&(TODAY()-548)),'Game History'!G:G,"WFTDA",'Game History'!H:H,"Champs",'Game History'!I:I,Instructions!A84)+COUNTIFS('Game History'!A:A,(">"&(TODAY()-548)),'Game History'!G:G,"WFTDA",'Game History'!H:H,"Playoff",'Game History'!I:I,Instructions!A84)+COUNTIFS('Game History'!A:A,(">"&(TODAY()-548)),'Game History'!G:G,"WFTDA",'Game History'!H:H,"Champs",'Game History'!J:J,Instructions!A84)+COUNTIFS('Game History'!A:A,(">"&(TODAY()-548)),'Game History'!G:G,"WFTDA",'Game History'!H:H,"Playoff",'Game History'!J:J,Instructions!A84) -> 0 | J28: =COUNTIFS('Game History'!A:A,(">"&(TODAY()-548)),'Game History'!G:G,"WFTDA",'Game History'!H:H,"Sanc",'Game History'!I:I,Instructions!A84)+COUNTIFS('Game History'!A:A,(">"&(TODAY()-548)),'Game History'!G:G,"WFTDA",'Game History'!H:H,"Sanc",'Game History'!J:J,Instructions!A84) -> 0 | K28: =COUNTIFS('Game History'!A:A,(">"&(TODAY()-548)),'Game History'!G:G,"WFTDA",'Game History'!H:H,"Reg",'Game History'!I:I,Instructions!A84)+COUNTIFS('Game History'!A:A,(">"&(TODAY()-548)),'Game History'!G:G,"WFTDA",'Game History'!H:H,"Reg",'Game History'!J:J,Instructions!A84) -> 0 | L28: =SUM(I28+J28+K28) -> 0 | M28: =COUNTIFS('Game History'!A:A,(">"&(TODAY()-548)),'Game History'!G:G,"WFTDA",'Game History'!I:I,A28,'Game History'!K:K,"Y")+COUNTIFS('Game History'!A:A,(">"&(TODAY()-548)),'Game History'!G:G,"WFTDA",'Game History'!J:J,A28,'Game History'!K:K,"Y") -> 0
A29: PBT | B29: =COUNTIFS('Game History'!A:A,(">"&(TODAY()-365)),'Game History'!G:G,"WFTDA",'Game History'!H:H,"Champs",'Game History'!I:I,Instructions!A85)+COUNTIFS('Game History'!A:A,(">"&(TODAY()-365)),'Game History'!G:G,"WFTDA",'Game History'!H:H,"Playoff",'Game History'!I:I,Instructions!A85)+COUNTIFS('Game History'!A:A,(">"&(TODAY()-365)),'Game History'!G:G,"WFTDA",'Game History'!H:H,"Champs",'Game History'!J:J,Instructions!A85)+COUNTIFS('Game History'!A:A,(">"&(TODAY()-365)),'Game History'!G:G,"WFTDA",'Game History'!H:H,"Playoff",'Game History'!J:J,Instructions!A85) -> 0 | C29: =COUNTIFS('Game History'!A:A,(">"&(TODAY()-365)),'Game History'!G:G,"WFTDA",'Game History'!H:H,"Sanc",'Game History'!I:I,Instructions!A85)+COUNTIFS('Game History'!A:A,(">"&(TODAY()-365)),'Game History'!G:G,"WFTDA",'Game History'!H:H,"Sanc",'Game History'!J:J,Instructions!A85) -> 0 | D29: =COUNTIFS('Game History'!A:A,(">"&(TODAY()-365)),'Game History'!G:G,"WFTDA",'Game History'!H:H,"Reg",'Game History'!I:I,Instructions!A85)+COUNTIFS('Game History'!A:A,(">"&(TODAY()-365)),'Game History'!G:G,"WFTDA",'Game History'!H:H,"Reg",'Game History'!J:J,Instructions!A85) -> 0 | E29: =SUM(B29+C29+D29) -> 0 | F29: =COUNTIFS('Game History'!A:A,(">"&(TODAY()-365)),'Game History'!G:G,"WFTDA",'Game History'!I:I,A29,'Game History'!K:K,"Y")+COUNTIFS('Game History'!A:A,(">"&(TODAY()-365)),'Game History'!G:G,"WFTDA",'Game History'!J:J,A29,'Game History'!K:K,"Y") -> 0 | H29: PBT | I29: =COUNTIFS('Game History'!A:A,(">"&(TODAY()-548)),'Game History'!G:G,"WFTDA",'Game History'!H:H,"Champs",'Game History'!I:I,Instructions!A85)+COUNTIFS('Game History'!A:A,(">"&(TODAY()-548)),'Game History'!G:G,"WFTDA",'Game History'!H:H,"Playoff",'Game History'!I:I,Instructions!A85)+COUNTIFS('Game History'!A:A,(">"&(TODAY()-548)),'Game History'!G:G,"WFTDA",'Game History'!H:H,"Champs",'Game History'!J:J,Instructions!A85)+COUNTIFS('Game History'!A:A,(">"&(TODAY()-548)),'Game History'!G:G,"WFTDA",'Game History'!H:H,"Playoff",'Game History'!J:J,Instructions!A85) -> 0 | J29: =COUNTIFS('Game History'!A:A,(">"&(TODAY()-548)),'Game History'!G:G,"WFTDA",'Game History'!H:H,"Sanc",'Game History'!I:I,Instructions!A85)+COUNTIFS('Game History'!A:A,(">"&(TODAY()-548)),'Game History'!G:G,"WFTDA",'Game History'!H:H,"Sanc",'Game History'!J:J,Instructions!A85) -> 0 | K29: =COUNTIFS('Game History'!A:A,(">"&(TODAY()-548)),'Game History'!G:G,"WFTDA",'Game History'!H:H,"Reg",'Game History'!I:I,Instructions!A85)+COUNTIFS('Game History'!A:A,(">"&(TODAY()-548)),'Game History'!G:G,"WFTDA",'Game History'!H:H,"Reg",'Game History'!J:J,Instructions!A85) -> 0 | L29: =SUM(I29+J29+K29) -> 0 | M29: =COUNTIFS('Game History'!A:A,(">"&(TODAY()-548)),'Game History'!G:G,"WFTDA",'Game History'!I:I,A29,'Game History'!K:K,"Y")+COUNTIFS('Game History'!A:A,(">"&(TODAY()-548)),'Game History'!G:G,"WFTDA",'Game History'!J:J,A29,'Game History'!K:K,"Y") -> 0
A30: LT | B30: =COUNTIFS('Game History'!A:A,(">"&(TODAY()-365)),'Game History'!G:G,"WFTDA",'Game History'!H:H,"Champs",'Game History'!I:I,Instructions!A86)+COUNTIFS('Game History'!A:A,(">"&(TODAY()-365)),'Game History'!G:G,"WFTDA",'Game History'!H:H,"Playoff",'Game History'!I:I,Instructions!A86)+COUNTIFS('Game History'!A:A,(">"&(TODAY()-365)),'Game History'!G:G,"WFTDA",'Game History'!H:H,"Champs",'Game History'!J:J,Instructions!A86)+COUNTIFS('Game History'!A:A,(">"&(TODAY()-365)),'Game History'!G:G,"WFTDA",'Game History'!H:H,"Playoff",'Game History'!J:J,Instructions!A86) -> 0 | C30: =COUNTIFS('Game History'!A:A,(">"&(TODAY()-365)),'Game History'!G:G,"WFTDA",'Game History'!H:H,"Sanc",'Game History'!I:I,Instructions!A86)+COUNTIFS('Game History'!A:A,(">"&(TODAY()-365)),'Game History'!G:G,"WFTDA",'Game History'!H:H,"Sanc",'Game History'!J:J,Instructions!A86) -> 0 | D30: =COUNTIFS('Game History'!A:A,(">"&(TODAY()-365)),'Game History'!G:G,"WFTDA",'Game History'!H:H,"Reg",'Game History'!I:I,Instructions!A86)+COUNTIFS('Game History'!A:A,(">"&(TODAY()-365)),'Game History'!G:G,"WFTDA",'Game History'!H:H,"Reg",'Game History'!J:J,Instructions!A86) -> 0 | E30: =SUM(B30+C30+D30) -> 0 | F30: =COUNTIFS('Game History'!A:A,(">"&(TODAY()-365)),'Game History'!G:G,"WFTDA",'Game History'!I:I,A30,'Game History'!K:K,"Y")+COUNTIFS('Game History'!A:A,(">"&(TODAY()-365)),'Game History'!G:G,"WFTDA",'Game History'!J:J,A30,'Game History'!K:K,"Y") -> 0 | H30: LT | I30: =COUNTIFS('Game History'!A:A,(">"&(TODAY()-548)),'Game History'!G:G,"WFTDA",'Game History'!H:H,"Champs",'Game History'!I:I,Instructions!A86)+COUNTIFS('Game History'!A:A,(">"&(TODAY()-548)),'Game History'!G:G,"WFTDA",'Game History'!H:H,"Playoff",'Game History'!I:I,Instructions!A86)+COUNTIFS('Game History'!A:A,(">"&(TODAY()-548)),'Game History'!G:G,"WFTDA",'Game History'!H:H,"Champs",'Game History'!J:J,Instructions!A86)+COUNTIFS('Game History'!A:A,(">"&(TODAY()-548)),'Game History'!G:G,"WFTDA",'Game History'!H:H,"Playoff",'Game History'!J:J,Instructions!A86) -> 0 | J30: =COUNTIFS('Game History'!A:A,(">"&(TODAY()-548)),'Game History'!G:G,"WFTDA",'Game History'!H:H,"Sanc",'Game History'!I:I,Instructions!A86)+COUNTIFS('Game History'!A:A,(">"&(TODAY()-548)),'Game History'!G:G,"WFTDA",'Game History'!H:H,"Sanc",'Game History'!J:J,Instructions!A86) -> 0 | K30: =COUNTIFS('Game History'!A:A,(">"&(TODAY()-548)),'Game History'!G:G,"WFTDA",'Game History'!H:H,"Reg",'Game History'!I:I,Instructions!A86)+COUNTIFS('Game History'!A:A,(">"&(TODAY()-548)),'Game History'!G:G,"WFTDA",'Game History'!H:H,"Reg",'Game History'!J:J,Instructions!A86) -> 0 | L30: =SUM(I30+J30+K30) -> 0 | M30: =COUNTIFS('Game History'!A:A,(">"&(TODAY()-548)),'Game History'!G:G,"WFTDA",'Game History'!I:I,A30,'Game History'!K:K,"Y")+COUNTIFS('Game History'!A:A,(">"&(TODAY()-548)),'Game History'!G:G,"WFTDA",'Game History'!J:J,A30,'Game History'!K:K,"Y") -> 0
A31: ALT | B31: =COUNTIFS('Game History'!A:A,(">"&(TODAY()-365)),'Game History'!G:G,"WFTDA",'Game History'!H:H,"Champs",'Game History'!I:I,Instructions!A88)+COUNTIFS('Game History'!A:A,(">"&(TODAY()-365)),'Game History'!G:G,"WFTDA",'Game History'!H:H,"Playoff",'Game History'!I:I,Instructions!A88) -> 0 | C31: =COUNTIFS('Game History'!A:A,(">"&(TODAY()-365)),'Game History'!G:G,"WFTDA",'Game History'!H:H,"Sanc",'Game History'!I:I,Instructions!A88) -> 0 | D31: =COUNTIFS('Game History'!A:A,(">"&(TODAY()-365)),'Game History'!G:G,"WFTDA",'Game History'!H:H,"Reg",'Game History'!I:I,Instructions!A88) -> 0 | E31: =SUM(B31+C31+D31) -> 0 | H31: ALT | I31: =COUNTIFS('Game History'!A:A,(">"&(TODAY()-548)),'Game History'!G:G,"WFTDA",'Game History'!H:H,"Champs",'Game History'!I:I,Instructions!A88)+COUNTIFS('Game History'!A:A,(">"&(TODAY()-548)),'Game History'!G:G,"WFTDA",'Game History'!H:H,"Playoff",'Game History'!I:I,Instructions!A88) -> 0 | J31: =COUNTIFS('Game History'!A:A,(">"&(TODAY()-548)),'Game History'!G:G,"WFTDA",'Game History'!H:H,"Sanc",'Game History'!I:I,Instructions!A88) -> 0 | K31: =COUNTIFS('Game History'!A:A,(">"&(TODAY()-548)),'Game History'!G:G,"WFTDA",'Game History'!H:H,"Reg",'Game History'!I:I,Instructions!A88) -> 0 | L31: =SUM(I31+J31+K31) -> 0
A32: Total* | B32: =SUM(B18:B31) -> 0 | C32: =SUM(C18:C31) -> 0 | D32: =SUM(D18:D31) -> 0 | E32: =SUM(E18:E31) -> 0 | F32: =SUM(F21:F30) -> 0 | H32: Total* | I32: =SUM(I18:I31) -> 0 | J32: =SUM(J18:J31) -> 0 | K32: =SUM(K18:K31) -> 0 | L32: =SUM(L18:L31) -> 0 | M32: =SUM(M21:M30) -> 0
A34: Positional Family Totals (1 Year) | H34: Positional Family Totals (18 MONTHS)
A35: HNSO | D35: =SUM(E18:E20) -> 0 | H35: HNSO | K35: =SUM(L18:L20) -> 0
A36: Penalty Tracking | D36: =SUM(E21:E24) -> 0 | H36: Penalty Tracking | K36: =SUM(L21:L24) -> 0
A37: Scoring and Timing | D37: =SUM(E25:E27) -> 0 | H37: Scoring and Timing | K37: =SUM(L25:L27) -> 0
A38: Penalty Management | D38: =SUM(E28:E30) -> 0 | H38: Penalty Management | K38: =SUM(L28:L30) -> 0
A41: MRDA Referee
A43: 1 YEAR | B43: Playoff | C43: Sanc | D43: Reg | E43: Total | H43: 2 YEARS | I43: Playoff | J43: Sanc | K43: Reg | L43: Total
A44: THR | B44: =COUNTIFS('Game History'!A:A,(">"&(TODAY()-365)),'Game History'!G:G,"MRDA",'Game History'!H:H,"Champs",'Game History'!I:I,Instructions!A68)+COUNTIFS('Game History'!A:A,(">"&(TODAY()-365)),'Game History'!G:G,"MRDA",'Game History'!H:H,"Playoff",'Game History'!I:I,Instructions!A68) -> 0 | C44: =COUNTIFS('Game History'!A:A,(">"&(TODAY()-365)),'Game History'!G:G,"MRDA",'Game History'!H:H,"Sanc",'Game History'!I:I,Instructions!A68) -> 0 | D44: =COUNTIFS('Game History'!A:A,(">"&(TODAY()-365)),'Game History'!G:G,"MRDA",'Game History'!H:H,"Reg",'Game History'!I:I,Instructions!A68) -> 0 | E44: =SUM(B44,C44,D44) -> 0 | H44: THR | I44: =COUNTIFS('Game History'!A:A,(">"&(TODAY()-548)),'Game History'!G:G,"MRDA",'Game History'!H:H,"Champs",'Game History'!I:I,Instructions!A68)+COUNTIFS('Game History'!A:A,(">"&(TODAY()-548)),'Game History'!G:G,"MRDA",'Game History'!H:H,"Playoff",'Game History'!I:I,Instructions!A68) -> 0 | J44: =COUNTIFS('Game History'!A:A,(">"&(TODAY()-548)),'Game History'!G:G,"MRDA",'Game History'!H:H,"Sanc",'Game History'!I:I,Instructions!A68) -> 0 | K44: =COUNTIFS('Game History'!A:A,(">"&(TODAY()-548)),'Game History'!G:G,"MRDA",'Game History'!H:H,"Reg",'Game History'!I:I,Instructions!A68) -> 0 | L44: =SUM(I44,J44,K44) -> 0
A45: CHR | B45: =COUNTIFS('Game History'!A:A,(">"&(TODAY()-365)),'Game History'!G:G,"MRDA",'Game History'!H:H,"Champs",'Game History'!I:I,Instructions!A69)+COUNTIFS('Game History'!A:A,(">"&(TODAY()-365)),'Game History'!G:G,"MRDA",'Game History'!H:H,"Playoff",'Game History'!I:I,Instructions!A69)+COUNTIFS('Game History'!A:A,(">"&(TODAY()-365)),'Game History'!G:G,"MRDA",'Game History'!H:H,"Champs",'Game History'!I:I,Instructions!A70)+COUNTIFS('Game History'!A:A,(">"&(TODAY()-365)),'Game History'!G:G,"MRDA",'Game History'!H:H,"Playoff",'Game History'!I:I,Instructions!A70) -> 0 | C45: =COUNTIFS('Game History'!A:A,(">"&(TODAY()-365)),'Game History'!G:G,"MRDA",'Game History'!H:H,"Sanc",'Game History'!I:I,Instructions!A69) -> 0 | D45: =COUNTIFS('Game History'!A:A,(">"&(TODAY()-365)),'Game History'!G:G,"MRDA",'Game History'!H:H,"Reg",'Game History'!I:I,Instructions!A69) -> 0 | E45: =SUM(B45,C45,D45) -> 0 | H45: CHR | I45: =COUNTIFS('Game History'!A:A,(">"&(TODAY()-548)),'Game History'!G:G,"MRDA",'Game History'!H:H,"Champs",'Game History'!I:I,Instructions!A69)+COUNTIFS('Game History'!A:A,(">"&(TODAY()-548)),'Game History'!G:G,"MRDA",'Game History'!H:H,"Playoff",'Game History'!I:I,Instructions!A69)+COUNTIFS('Game History'!A:A,(">"&(TODAY()-548)),'Game History'!G:G,"MRDA",'Game History'!H:H,"Champs",'Game History'!I:I,Instructions!A70)+COUNTIFS('Game History'!A:A,(">"&(TODAY()-548)),'Game History'!G:G,"MRDA",'Game History'!H:H,"Playoff",'Game History'!I:I,Instructions!A70) -> 0 | J45: =COUNTIFS('Game History'!A:A,(">"&(TODAY()-548)),'Game History'!G:G,"MRDA",'Game History'!H:H,"Sanc",'Game History'!I:I,Instructions!A69) -> 0 | K45: =COUNTIFS('Game History'!A:A,(">"&(TODAY()-548)),'Game History'!G:G,"MRDA",'Game History'!H:H,"Reg",'Game History'!I:I,Instructions!A69) -> 0 | L45: =SUM(I45,J45,K45) -> 0
A46: HR | B46: — | C46: =COUNTIFS('Game History'!A:A,(">"&(TODAY()-365)),'Game History'!G:G,"MRDA",'Game History'!H:H,"Sanc",'Game History'!I:I,Instructions!A70) -> 0 | D46: =COUNTIFS('Game History'!A:A,(">"&(TODAY()-365)),'Game History'!G:G,"MRDA",'Game History'!H:H,"Reg",'Game History'!I:I,Instructions!A70) -> 0 | E46: =SUM(C46+D46) -> 0 | H46: HR | I46: — | J46: =COUNTIFS('Game History'!A:A,(">"&(TODAY()-548)),'Game History'!G:G,"MRDA",'Game History'!H:H,"Sanc",'Game History'!I:I,Instructions!A70) -> 0 | K46: =COUNTIFS('Game History'!A:A,(">"&(TODAY()-548)),'Game History'!G:G,"MRDA",'Game History'!H:H,"Reg",'Game History'!I:I,Instructions!A70) -> 0 | L46: =SUM(J46+K46) -> 0
A47: JR | B47: =COUNTIFS('Game History'!A:A,(">"&(TODAY()-365)),'Game History'!G:G,"MRDA",'Game History'!H:H,"Champs",'Game History'!I:I,Instructions!A74)+COUNTIFS('Game History'!A:A,(">"&(TODAY()-365)),'Game History'!G:G,"MRDA",'Game History'!H:H,"Playoff",'Game History'!I:I,Instructions!A74)+COUNTIFS('Game History'!A:A,(">"&(TODAY()-365)),'Game History'!G:G,"MRDA",'Game History'!H:H,"Champs",'Game History'!J:J,Instructions!A74)+COUNTIFS('Game History'!A:A,(">"&(TODAY()-365)),'Game History'!G:G,"MRDA",'Game History'!H:H,"Playoff",'Game History'!J:J,Instructions!A74) -> 0 | C47: =COUNTIFS('Game History'!A:A,(">"&(TODAY()-365)),'Game History'!G:G,"MRDA",'Game History'!H:H,"Sanc",'Game History'!I:I,Instructions!A74)+COUNTIFS('Game History'!A:A,(">"&(TODAY()-365)),'Game History'!G:G,"MRDA",'Game History'!H:H,"Sanc",'Game History'!J:J,Instructions!A74) -> 0 | D47: =COUNTIFS('Game History'!A:A,(">"&(TODAY()-365)),'Game History'!G:G,"MRDA",'Game History'!H:H,"Reg",'Game History'!I:I,Instructions!A74)+COUNTIFS('Game History'!A:A,(">"&(TODAY()-365)),'Game History'!G:G,"MRDA",'Game History'!H:H,"Reg",'Game History'!J:J,Instructions!A74) -> 0 | E47: =SUM(B47,C47,D47) -> 0 | H47: JR | I47: =COUNTIFS('Game History'!A:A,(">"&(TODAY()-548)),'Game History'!G:G,"MRDA",'Game History'!H:H,"Champs",'Game History'!I:I,Instructions!A74)+COUNTIFS('Game History'!A:A,(">"&(TODAY()-548)),'Game History'!G:G,"MRDA",'Game History'!H:H,"Playoff",'Game History'!I:I,Instructions!A74)+COUNTIFS('Game History'!A:A,(">"&(TODAY()-548)),'Game History'!G:G,"MRDA",'Game History'!H:H,"Champs",'Game History'!J:J,Instructions!A74)+COUNTIFS('Game History'!A:A,(">"&(TODAY()-548)),'Game History'!G:G,"MRDA",'Game History'!H:H,"Playoff",'Game History'!J:J,Instructions!A74) -> 0 | J47: =COUNTIFS('Game History'!A:A,(">"&(TODAY()-548)),'Game History'!G:G,"MRDA",'Game History'!H:H,"Sanc",'Game History'!I:I,Instructions!A74)+COUNTIFS('Game History'!A:A,(">"&(TODAY()-548)),'Game History'!G:G,"MRDA",'Game History'!H:H,"Sanc",'Game History'!J:J,Instructions!A74) -> 0 | K47: =COUNTIFS('Game History'!A:A,(">"&(TODAY()-548)),'Game History'!G:G,"MRDA",'Game History'!H:H,"Reg",'Game History'!I:I,Instructions!A74)+COUNTIFS('Game History'!A:A,(">"&(TODAY()-548)),'Game History'!G:G,"MRDA",'Game History'!H:H,"Reg",'Game History'!J:J,Instructions!A74) -> 0 | L47: =SUM(I47,J47,K47) -> 0
A48: IPR | B48: =COUNTIFS('Game History'!A:A,(">"&(TODAY()-365)),'Game History'!G:G,"MRDA",'Game History'!H:H,"Champs",'Game History'!I:I,Instructions!A75)+COUNTIFS('Game History'!A:A,(">"&(TODAY()-365)),'Game History'!G:G,"MRDA",'Game History'!H:H,"Playoff",'Game History'!I:I,Instructions!A75)+COUNTIFS('Game History'!A:A,(">"&(TODAY()-365)),'Game History'!G:G,"MRDA",'Game History'!H:H,"Champs",'Game History'!J:J,Instructions!A75)+COUNTIFS('Game History'!A:A,(">"&(TODAY()-365)),'Game History'!G:G,"MRDA",'Game History'!H:H,"Playoff",'Game History'!J:J,Instructions!A75) -> 0 | C48: =COUNTIFS('Game History'!A:A,(">"&(TODAY()-365)),'Game History'!G:G,"MRDA",'Game History'!H:H,"Sanc",'Game History'!I:I,Instructions!A75)+COUNTIFS('Game History'!A:A,(">"&(TODAY()-365)),'Game History'!G:G,"MRDA",'Game History'!H:H,"Sanc",'Game History'!J:J,Instructions!A75) -> 0 | D48: =COUNTIFS('Game History'!A:A,(">"&(TODAY()-365)),'Game History'!G:G,"MRDA",'Game History'!H:H,"Reg",'Game History'!I:I,Instructions!A75)+COUNTIFS('Game History'!A:A,(">"&(TODAY()-365)),'Game History'!G:G,"MRDA",'Game History'!H:H,"Reg",'Game History'!J:J,Instructions!A75) -> 0 | E48: =SUM(B48,C48,D48) -> 0 | H48: IPR | I48: =COUNTIFS('Game History'!A:A,(">"&(TODAY()-548)),'Game History'!G:G,"MRDA",'Game History'!H:H,"Champs",'Game History'!I:I,Instructions!A75)+COUNTIFS('Game History'!A:A,(">"&(TODAY()-548)),'Game History'!G:G,"MRDA",'Game History'!H:H,"Playoff",'Game History'!I:I,Instructions!A75)+COUNTIFS('Game History'!A:A,(">"&(TODAY()-548)),'Game History'!G:G,"MRDA",'Game History'!H:H,"Champs",'Game History'!J:J,Instructions!A75)+COUNTIFS('Game History'!A:A,(">"&(TODAY()-548)),'Game History'!G:G,"MRDA",'Game History'!H:H,"Playoff",'Game History'!J:J,Instructions!A75) -> 0 | J48: =COUNTIFS('Game History'!A:A,(">"&(TODAY()-548)),'Game History'!G:G,"MRDA",'Game History'!H:H,"Sanc",'Game History'!I:I,Instructions!A75)+COUNTIFS('Game History'!A:A,(">"&(TODAY()-548)),'Game History'!G:G,"MRDA",'Game History'!H:H,"Sanc",'Game History'!J:J,Instructions!A75) -> 0 | K48: =COUNTIFS('Game History'!A:A,(">"&(TODAY()-548)),'Game History'!G:G,"MRDA",'Game History'!H:H,"Reg",'Game History'!I:I,Instructions!A75)+COUNTIFS('Game History'!A:A,(">"&(TODAY()-548)),'Game History'!G:G,"MRDA",'Game History'!H:H,"Reg",'Game History'!J:J,Instructions!A75) -> 0 | L48: =SUM(I48,J48,K48) -> 0
A49: OPR | B49: =COUNTIFS('Game History'!A:A,(">"&(TODAY()-365)),'Game History'!G:G,"MRDA",'Game History'!H:H,"Champs",'Game History'!I:I,Instructions!A76)+COUNTIFS('Game History'!A:A,(">"&(TODAY()-365)),'Game History'!G:G,"MRDA",'Game History'!H:H,"Playoff",'Game History'!I:I,Instructions!A76)+COUNTIFS('Game History'!A:A,(">"&(TODAY()-365)),'Game History'!G:G,"MRDA",'Game History'!H:H,"Champs",'Game History'!J:J,Instructions!A76)+COUNTIFS('Game History'!A:A,(">"&(TODAY()-365)),'Game History'!G:G,"MRDA",'Game History'!H:H,"Playoff",'Game History'!J:J,Instructions!A76) -> 0 | C49: =COUNTIFS('Game History'!A:A,(">"&(TODAY()-365)),'Game History'!G:G,"MRDA",'Game History'!H:H,"Sanc",'Game History'!I:I,Instructions!A76)+COUNTIFS('Game History'!A:A,(">"&(TODAY()-365)),'Game History'!G:G,"MRDA",'Game History'!H:H,"Sanc",'Game History'!J:J,Instructions!A76) -> 0 | D49: =COUNTIFS('Game History'!A:A,(">"&(TODAY()-365)),'Game History'!G:G,"MRDA",'Game History'!H:H,"Reg",'Game History'!I:I,Instructions!A76)+COUNTIFS('Game History'!A:A,(">"&(TODAY()-365)),'Game History'!G:G,"MRDA",'Game History'!H:H,"Reg",'Game History'!J:J,Instructions!A76) -> 0 | E49: =SUM(B49,C49,D49) -> 0 | H49: OPR | I49: =COUNTIFS('Game History'!A:A,(">"&(TODAY()-548)),'Game History'!G:G,"MRDA",'Game History'!H:H,"Champs",'Game History'!I:I,Instructions!A76)+COUNTIFS('Game History'!A:A,(">"&(TODAY()-548)),'Game History'!G:G,"MRDA",'Game History'!H:H,"Playoff",'Game History'!I:I,Instructions!A76)+COUNTIFS('Game History'!A:A,(">"&(TODAY()-548)),'Game History'!G:G,"MRDA",'Game History'!H:H,"Champs",'Game History'!J:J,Instructions!A76)+COUNTIFS('Game History'!A:A,(">"&(TODAY()-548)),'Game History'!G:G,"MRDA",'Game History'!H:H,"Playoff",'Game History'!J:J,Instructions!A76) -> 0 | J49: =COUNTIFS('Game History'!A:A,(">"&(TODAY()-548)),'Game History'!G:G,"MRDA",'Game History'!H:H,"Sanc",'Game History'!I:I,Instructions!A76)+COUNTIFS('Game History'!A:A,(">"&(TODAY()-548)),'Game History'!G:G,"MRDA",'Game History'!H:H,"Sanc",'Game History'!J:J,Instructions!A76) -> 0 | K49: =COUNTIFS('Game History'!A:A,(">"&(TODAY()-548)),'Game History'!G:G,"MRDA",'Game History'!H:H,"Reg",'Game History'!I:I,Instructions!A76)+COUNTIFS('Game History'!A:A,(">"&(TODAY()-548)),'Game History'!G:G,"MRDA",'Game History'!H:H,"Reg",'Game History'!J:J,Instructions!A76) -> 0 | L49: =SUM(I49,J49,K49) -> 0
A50: ALT | B50: =COUNTIFS('Game History'!A:A,(">"&(TODAY()-365)),'Game History'!G:G,"MRDA",'Game History'!H:H,"Champs",'Game History'!I:I,Instructions!A87)+COUNTIFS('Game History'!A:A,(">"&(TODAY()-365)),'Game History'!G:G,"MRDA",'Game History'!H:H,"Playoff",'Game History'!I:I,Instructions!A87) -> 0 | C50: =COUNTIFS('Game History'!A:A,(">"&(TODAY()-365)),'Game History'!G:G,"MRDA",'Game History'!H:H,"Sanc",'Game History'!I:I,Instructions!A87) -> 0 | D50: =COUNTIFS('Game History'!A:A,(">"&(TODAY()-365)),'Game History'!G:G,"MRDA",'Game History'!H:H,"Reg",'Game History'!I:I,Instructions!A87) -> 0 | E50: =SUM(B50,C50,D50) -> 0 | H50: ALT | I50: =COUNTIFS('Game History'!A:A,(">"&(TODAY()-548)),'Game History'!G:G,"MRDA",'Game History'!H:H,"Champs",'Game History'!I:I,Instructions!A87)+COUNTIFS('Game History'!A:A,(">"&(TODAY()-548)),'Game History'!G:G,"MRDA",'Game History'!H:H,"Playoff",'Game History'!I:I,Instructions!A87) -> 0 | J50: =COUNTIFS('Game History'!A:A,(">"&(TODAY()-548)),'Game History'!G:G,"MRDA",'Game History'!H:H,"Sanc",'Game History'!I:I,Instructions!A87) -> 0 | K50: =COUNTIFS('Game History'!A:A,(">"&(TODAY()-548)),'Game History'!G:G,"MRDA",'Game History'!H:H,"Reg",'Game History'!I:I,Instructions!A87) -> 0 | L50: =SUM(I50,J50,K50) -> 0
A51: Total* | B51: =SUM(B44:B50) -> 0 | C51: =SUM(C44:C50) -> 0 | D51: =SUM(D44:D50) -> 0 | E51: =SUM(E44:E50) -> 0 | H51: Total* | I51: =SUM(I44:I50) -> 0 | J51: =SUM(J44:J50) -> 0 | K51: =SUM(K44:K50) -> 0 | L51: =SUM(L44:L50) -> 0
A54: MRDA Non-Skating Official
A56: 1 YEAR | B56: Playoff | C56: Sanc | D56: Reg | E56: Total | H56: 18 MONTHS | I56: Playoff | J56: Sanc | K56: Reg | L56: Total
A57: THNSO | B57: =COUNTIFS('Game History'!A:A,(">"&(TODAY()-365)),'Game History'!G:G,"MRDA",'Game History'!H:H,"Champs",'Game History'!I:I,Instructions!A71)+COUNTIFS('Game History'!A:A,(">"&(TODAY()-365)),'Game History'!G:G,"MRDA",'Game History'!H:H,"Playoff",'Game History'!I:I,Instructions!A71) -> 0 | C57: =COUNTIFS('Game History'!A:A,(">"&(TODAY()-365)),'Game History'!G:G,"MRDA",'Game History'!H:H,"Sanc",'Game History'!I:I,Instructions!A71) -> 0 | D57: =COUNTIFS('Game History'!A:A,(">"&(TODAY()-365)),'Game History'!G:G,"MRDA",'Game History'!H:H,"Reg",'Game History'!I:I,Instructions!A71) -> 0 | E57: =SUM(B57+C57+D57) -> 0 | H57: THNSO | I57: =COUNTIFS('Game History'!A:A,(">"&(TODAY()-548)),'Game History'!G:G,"MRDA",'Game History'!H:H,"Champs",'Game History'!I:I,Instructions!A71)+COUNTIFS('Game History'!A:A,(">"&(TODAY()-548)),'Game History'!G:G,"MRDA",'Game History'!H:H,"Playoff",'Game History'!I:I,Instructions!A71) -> 0 | J57: =COUNTIFS('Game History'!A:A,(">"&(TODAY()-548)),'Game History'!G:G,"MRDA",'Game History'!H:H,"Sanc",'Game History'!I:I,Instructions!A71) -> 0 | K57: =COUNTIFS('Game History'!A:A,(">"&(TODAY()-548)),'Game History'!G:G,"MRDA",'Game History'!H:H,"Reg",'Game History'!I:I,Instructions!A71) -> 0 | L57: =SUM(I57+J57+K57) -> 0
A58: CHNSO | B58: =COUNTIFS('Game History'!A:A,(">"&(TODAY()-365)),'Game History'!G:G,"MRDA",'Game History'!H:H,"Champs",'Game History'!I:I,Instructions!A72)+COUNTIFS('Game History'!A:A,(">"&(TODAY()-365)),'Game History'!G:G,"MRDA",'Game History'!H:H,"Playoff",'Game History'!I:I,Instructions!A72)+COUNTIFS('Game History'!A:A,(">"&(TODAY()-365)),'Game History'!G:G,"MRDA",'Game History'!H:H,"Champs",'Game History'!I:I,Instructions!A73)+COUNTIFS('Game History'!A:A,(">"&(TODAY()-365)),'Game History'!G:G,"MRDA",'Game History'!H:H,"Playoff",'Game History'!I:I,Instructions!A73) -> 0 | C58: =COUNTIFS('Game History'!A:A,(">"&(TODAY()-365)),'Game History'!G:G,"MRDA",'Game History'!H:H,"Sanc",'Game History'!I:I,Instructions!A72) -> 0 | D58: =COUNTIFS('Game History'!A:A,(">"&(TODAY()-365)),'Game History'!G:G,"MRDA",'Game History'!H:H,"Reg",'Game History'!I:I,Instructions!A72) -> 0 | E58: =SUM(B58+C58+D58) -> 0 | H58: CHNSO | I58: =COUNTIFS('Game History'!A:A,(">"&(TODAY()-548)),'Game History'!G:G,"MRDA",'Game History'!H:H,"Champs",'Game History'!I:I,Instructions!A72)+COUNTIFS('Game History'!A:A,(">"&(TODAY()-548)),'Game History'!G:G,"MRDA",'Game History'!H:H,"Playoff",'Game History'!I:I,Instructions!A72)+COUNTIFS('Game History'!A:A,(">"&(TODAY()-548)),'Game History'!G:G,"MRDA",'Game History'!H:H,"Champs",'Game History'!I:I,Instructions!A73)+COUNTIFS('Game History'!A:A,(">"&(TODAY()-548)),'Game History'!G:G,"MRDA",'Game History'!H:H,"Playoff",'Game History'!I:I,Instructions!A73) -> 0 | J58: =COUNTIFS('Game History'!A:A,(">"&(TODAY()-548)),'Game History'!G:G,"MRDA",'Game History'!H:H,"Sanc",'Game History'!I:I,Instructions!A72) -> 0 | K58: =COUNTIFS('Game History'!A:A,(">"&(TODAY()-548)),'Game History'!G:G,"MRDA",'Game History'!H:H,"Reg",'Game History'!I:I,Instructions!A72) -> 0 | L58: =SUM(I58+J58+K58) -> 0
A59: HNSO | B59: — | C59: =COUNTIFS('Game History'!A:A,(">"&(TODAY()-365)),'Game History'!G:G,"MRDA",'Game History'!H:H,"Sanc",'Game History'!I:I,Instructions!A73) -> 0 | D59: =COUNTIFS('Game History'!A:A,(">"&(TODAY()-365)),'Game History'!G:G,"MRDA",'Game History'!H:H,"Reg",'Game History'!I:I,Instructions!A73) -> 0 | E59: =SUM(C59+D59) -> 0 | F59: Operator | H59: HNSO | I59: — | J59: =COUNTIFS('Game History'!A:A,(">"&(TODAY()-548)),'Game History'!G:G,"MRDA",'Game History'!H:H,"Sanc",'Game History'!I:I,Instructions!A73) -> 0 | K59: =COUNTIFS('Game History'!A:A,(">"&(TODAY()-548)),'Game History'!G:G,"MRDA",'Game History'!H:H,"Reg",'Game History'!I:I,Instructions!A73) -> 0 | L59: =SUM(J59+K59) -> 0 | M59: Operator
A60: PT | B60: =COUNTIFS('Game History'!A:A,(">"&(TODAY()-365)),'Game History'!G:G,"MRDA",'Game History'!H:H,"Champs",'Game History'!I:I,Instructions!A77)+COUNTIFS('Game History'!A:A,(">"&(TODAY()-365)),'Game History'!G:G,"MRDA",'Game History'!H:H,"Playoff",'Game History'!I:I,Instructions!A77)+COUNTIFS('Game History'!A:A,(">"&(TODAY()-365)),'Game History'!G:G,"MRDA",'Game History'!H:H,"Champs",'Game History'!J:J,Instructions!A77)+COUNTIFS('Game History'!A:A,(">"&(TODAY()-365)),'Game History'!G:G,"MRDA",'Game History'!H:H,"Playoff",'Game History'!J:J,Instructions!A77) -> 0 | C60: =COUNTIFS('Game History'!A:A,(">"&(TODAY()-365)),'Game History'!G:G,"MRDA",'Game History'!H:H,"Sanc",'Game History'!I:I,Instructions!A77)+COUNTIFS('Game History'!A:A,(">"&(TODAY()-365)),'Game History'!G:G,"MRDA",'Game History'!H:H,"Sanc",'Game History'!J:J,Instructions!A77) -> 0 | D60: =COUNTIFS('Game History'!A:A,(">"&(TODAY()-365)),'Game History'!G:G,"MRDA",'Game History'!H:H,"Reg",'Game History'!I:I,Instructions!A77)+COUNTIFS('Game History'!A:A,(">"&(TODAY()-365)),'Game History'!G:G,"MRDA",'Game History'!H:H,"Reg",'Game History'!J:J,Instructions!A77) -> 0 | E60: =SUM(B60+C60+D60) -> 0 | F60: =COUNTIFS('Game History'!A:A,(">"&(TODAY()-365)),'Game History'!G:G,"MRDA",'Game History'!I:I,A60,'Game History'!K:K,"Y")+COUNTIFS('Game History'!A:A,(">"&(TODAY()-365)),'Game History'!G:G,"MRDA",'Game History'!J:J,A60,'Game History'!K:K,"Y") -> 0 | H60: PT | I60: =COUNTIFS('Game History'!A:A,(">"&(TODAY()-548)),'Game History'!G:G,"MRDA",'Game History'!H:H,"Champs",'Game History'!I:I,Instructions!A77)+COUNTIFS('Game History'!A:A,(">"&(TODAY()-548)),'Game History'!G:G,"MRDA",'Game History'!H:H,"Playoff",'Game History'!I:I,Instructions!A77)+COUNTIFS('Game History'!A:A,(">"&(TODAY()-548)),'Game History'!G:G,"MRDA",'Game History'!H:H,"Champs",'Game History'!J:J,Instructions!A77)+COUNTIFS('Game History'!A:A,(">"&(TODAY()-548)),'Game History'!G:G,"MRDA",'Game History'!H:H,"Playoff",'Game History'!J:J,Instructions!A77) -> 0 | J60: =COUNTIFS('Game History'!A:A,(">"&(TODAY()-548)),'Game History'!G:G,"MRDA",'Game History'!H:H,"Sanc",'Game History'!I:I,Instructions!A77)+COUNTIFS('Game History'!A:A,(">"&(TODAY()-548)),'Game History'!G:G,"MRDA",'Game History'!H:H,"Sanc",'Game History'!J:J,Instructions!A77) -> 0 | K60: =COUNTIFS('Game History'!A:A,(">"&(TODAY()-548)),'Game History'!G:G,"MRDA",'Game History'!H:H,"Reg",'Game History'!I:I,Instructions!A77)+COUNTIFS('Game History'!A:A,(">"&(TODAY()-548)),'Game History'!G:G,"MRDA",'Game History'!H:H,"Reg",'Game History'!J:J,Instructions!A77) -> 0 | L60: =SUM(I60+J60+K60) -> 0 | M60: =COUNTIFS('Game History'!A:A,(">"&(TODAY()-548)),'Game History'!G:G,"MRDA",'Game History'!I:I,A60,'Game History'!K:K,"Y")+COUNTIFS('Game History'!A:A,(">"&(TODAY()-548)),'Game History'!G:G,"MRDA",'Game History'!J:J,A60,'Game History'!K:K,"Y") -> 0
A61: PW | B61: =COUNTIFS('Game History'!A:A,(">"&(TODAY()-365)),'Game History'!G:G,"MRDA",'Game History'!H:H,"Champs",'Game History'!I:I,Instructions!A78)+COUNTIFS('Game History'!A:A,(">"&(TODAY()-365)),'Game History'!G:G,"MRDA",'Game History'!H:H,"Playoff",'Game History'!I:I,Instructions!A78)+COUNTIFS('Game History'!A:A,(">"&(TODAY()-365)),'Game History'!G:G,"MRDA",'Game History'!H:H,"Champs",'Game History'!J:J,Instructions!A78)+COUNTIFS('Game History'!A:A,(">"&(TODAY()-365)),'Game History'!G:G,"MRDA",'Game History'!H:H,"Playoff",'Game History'!J:J,Instructions!A78) -> 0 | C61: =COUNTIFS('Game History'!A:A,(">"&(TODAY()-365)),'Game History'!G:G,"MRDA",'Game History'!H:H,"Sanc",'Game History'!I:I,Instructions!A78)+COUNTIFS('Game History'!A:A,(">"&(TODAY()-365)),'Game History'!G:G,"MRDA",'Game History'!H:H,"Sanc",'Game History'!J:J,Instructions!A78) -> 0 | D61: =COUNTIFS('Game History'!A:A,(">"&(TODAY()-365)),'Game History'!G:G,"MRDA",'Game History'!H:H,"Reg",'Game History'!I:I,Instructions!A78)+COUNTIFS('Game History'!A:A,(">"&(TODAY()-365)),'Game History'!G:G,"MRDA",'Game History'!H:H,"Reg",'Game History'!J:J,Instructions!A78) -> 0 | E61: =SUM(B61+C61+D61) -> 0 | F61: =COUNTIFS('Game History'!A:A,(">"&(TODAY()-365)),'Game History'!G:G,"MRDA",'Game History'!I:I,A61,'Game History'!K:K,"Y")+COUNTIFS('Game History'!A:A,(">"&(TODAY()-365)),'Game History'!G:G,"MRDA",'Game History'!J:J,A61,'Game History'!K:K,"Y") -> 0 | H61: PW | I61: =COUNTIFS('Game History'!A:A,(">"&(TODAY()-548)),'Game History'!G:G,"MRDA",'Game History'!H:H,"Champs",'Game History'!I:I,Instructions!A78)+COUNTIFS('Game History'!A:A,(">"&(TODAY()-548)),'Game History'!G:G,"MRDA",'Game History'!H:H,"Playoff",'Game History'!I:I,Instructions!A78)+COUNTIFS('Game History'!A:A,(">"&(TODAY()-548)),'Game History'!G:G,"MRDA",'Game History'!H:H,"Champs",'Game History'!J:J,Instructions!A78)+COUNTIFS('Game History'!A:A,(">"&(TODAY()-548)),'Game History'!G:G,"MRDA",'Game History'!H:H,"Playoff",'Game History'!J:J,Instructions!A78) -> 0 | J61: =COUNTIFS('Game History'!A:A,(">"&(TODAY()-548)),'Game History'!G:G,"MRDA",'Game History'!H:H,"Sanc",'Game History'!I:I,Instructions!A78)+COUNTIFS('Game History'!A:A,(">"&(TODAY()-548)),'Game History'!G:G,"MRDA",'Game History'!H:H,"Sanc",'Game History'!J:J,Instructions!A78) -> 0 | K61: =COUNTIFS('Game History'!A:A,(">"&(TODAY()-548)),'Game History'!G:G,"MRDA",'Game History'!H:H,"Reg",'Game History'!I:I,Instructions!A78)+COUNTIFS('Game History'!A:A,(">"&(TODAY()-548)),'Game History'!G:G,"MRDA",'Game History'!H:H,"Reg",'Game History'!J:J,Instructions!A78) -> 0 | L61: =SUM(I61+J61+K61) -> 0 | M61: =COUNTIFS('Game History'!A:A,(">"&(TODAY()-548)),'Game History'!G:G,"MRDA",'Game History'!I:I,A61,'Game History'!K:K,"Y")+COUNTIFS('Game History'!A:A,(">"&(TODAY()-548)),'Game History'!G:G,"MRDA",'Game History'!J:J,A61,'Game History'!K:K,"Y") -> 0
A62: IWB | B62: =COUNTIFS('Game History'!A:A,(">"&(TODAY()-365)),'Game History'!G:G,"MRDA",'Game History'!H:H,"Champs",'Game History'!I:I,Instructions!A79)+COUNTIFS('Game History'!A:A,(">"&(TODAY()-365)),'Game History'!G:G,"MRDA",'Game History'!H:H,"Playoff",'Game History'!I:I,Instructions!A79)+COUNTIFS('Game History'!A:A,(">"&(TODAY()-365)),'Game History'!G:G,"MRDA",'Game History'!H:H,"Champs",'Game History'!J:J,Instructions!A79)+COUNTIFS('Game History'!A:A,(">"&(TODAY()-365)),'Game History'!G:G,"MRDA",'Game History'!H:H,"Playoff",'Game History'!J:J,Instructions!A79) -> 0 | C62: =COUNTIFS('Game History'!A:A,(">"&(TODAY()-365)),'Game History'!G:G,"MRDA",'Game History'!H:H,"Sanc",'Game History'!I:I,Instructions!A79)+COUNTIFS('Game History'!A:A,(">"&(TODAY()-365)),'Game History'!G:G,"MRDA",'Game History'!H:H,"Sanc",'Game History'!J:J,Instructions!A79) -> 0 | D62: =COUNTIFS('Game History'!A:A,(">"&(TODAY()-365)),'Game History'!G:G,"MRDA",'Game History'!H:H,"Reg",'Game History'!I:I,Instructions!A79)+COUNTIFS('Game History'!A:A,(">"&(TODAY()-365)),'Game History'!G:G,"MRDA",'Game History'!H:H,"Reg",'Game History'!J:J,Instructions!A79) -> 0 | E62: =SUM(B62+C62+D62) -> 0 | F62: =COUNTIFS('Game History'!A:A,(">"&(TODAY()-365)),'Game History'!G:G,"MRDA",'Game History'!I:I,A62,'Game History'!K:K,"Y")+COUNTIFS('Game History'!A:A,(">"&(TODAY()-365)),'Game History'!G:G,"MRDA",'Game History'!J:J,A62,'Game History'!K:K,"Y") -> 0 | H62: IWB | I62: =COUNTIFS('Game History'!A:A,(">"&(TODAY()-548)),'Game History'!G:G,"MRDA",'Game History'!H:H,"Champs",'Game History'!I:I,Instructions!A79)+COUNTIFS('Game History'!A:A,(">"&(TODAY()-548)),'Game History'!G:G,"MRDA",'Game History'!H:H,"Playoff",'Game History'!I:I,Instructions!A79)+COUNTIFS('Game History'!A:A,(">"&(TODAY()-548)),'Game History'!G:G,"MRDA",'Game History'!H:H,"Champs",'Game History'!J:J,Instructions!A79)+COUNTIFS('Game History'!A:A,(">"&(TODAY()-548)),'Game History'!G:G,"MRDA",'Game History'!H:H,"Playoff",'Game History'!J:J,Instructions!A79) -> 0 | J62: =COUNTIFS('Game History'!A:A,(">"&(TODAY()-548)),'Game History'!G:G,"MRDA",'Game History'!H:H,"Sanc",'Game History'!I:I,Instructions!A79)+COUNTIFS('Game History'!A:A,(">"&(TODAY()-548)),'Game History'!G:G,"MRDA",'Game History'!H:H,"Sanc",'Game History'!J:J,Instructions!A79) -> 0 | K62: =COUNTIFS('Game History'!A:A,(">"&(TODAY()-548)),'Game History'!G:G,"MRDA",'Game History'!H:H,"Reg",'Game History'!I:I,Instructions!A79)+COUNTIFS('Game History'!A:A,(">"&(TODAY()-548)),'Game History'!G:G,"MRDA",'Game History'!H:H,"Reg",'Game History'!J:J,Instructions!A79) -> 0 | L62: =SUM(I62+J62+K62) -> 0 | M62: =COUNTIFS('Game History'!A:A,(">"&(TODAY()-548)),'Game History'!G:G,"MRDA",'Game History'!I:I,A62,'Game History'!K:K,"Y")+COUNTIFS('Game History'!A:A,(">"&(TODAY()-548)),'Game History'!G:G,"MRDA",'Game History'!J:J,A62,'Game History'!K:K,"Y") -> 0
A63: OWB | B63: =COUNTIFS('Game History'!A:A,(">"&(TODAY()-365)),'Game History'!G:G,"MRDA",'Game History'!H:H,"Champs",'Game History'!I:I,Instructions!A80)+COUNTIFS('Game History'!A:A,(">"&(TODAY()-365)),'Game History'!G:G,"MRDA",'Game History'!H:H,"Playoff",'Game History'!I:I,Instructions!A80)+COUNTIFS('Game History'!A:A,(">"&(TODAY()-365)),'Game History'!G:G,"MRDA",'Game History'!H:H,"Champs",'Game History'!J:J,Instructions!A80)+COUNTIFS('Game History'!A:A,(">"&(TODAY()-365)),'Game History'!G:G,"MRDA",'Game History'!H:H,"Playoff",'Game History'!J:J,Instructions!A80) -> 0 | C63: =COUNTIFS('Game History'!A:A,(">"&(TODAY()-365)),'Game History'!G:G,"MRDA",'Game History'!H:H,"Sanc",'Game History'!I:I,Instructions!A80)+COUNTIFS('Game History'!A:A,(">"&(TODAY()-365)),'Game History'!G:G,"MRDA",'Game History'!H:H,"Sanc",'Game History'!J:J,Instructions!A80) -> 0 | D63: =COUNTIFS('Game History'!A:A,(">"&(TODAY()-365)),'Game History'!G:G,"MRDA",'Game History'!H:H,"Reg",'Game History'!I:I,Instructions!A80)+COUNTIFS('Game History'!A:A,(">"&(TODAY()-365)),'Game History'!G:G,"MRDA",'Game History'!H:H,"Reg",'Game History'!J:J,Instructions!A80) -> 0 | E63: =SUM(B63+C63+D63) -> 0 | F63: =COUNTIFS('Game History'!A:A,(">"&(TODAY()-365)),'Game History'!G:G,"MRDA",'Game History'!I:I,A63,'Game History'!K:K,"Y")+COUNTIFS('Game History'!A:A,(">"&(TODAY()-365)),'Game History'!G:G,"MRDA",'Game History'!J:J,A63,'Game History'!K:K,"Y") -> 0 | H63: OWB | I63: =COUNTIFS('Game History'!A:A,(">"&(TODAY()-548)),'Game History'!G:G,"MRDA",'Game History'!H:H,"Champs",'Game History'!I:I,Instructions!A80)+COUNTIFS('Game History'!A:A,(">"&(TODAY()-548)),'Game History'!G:G,"MRDA",'Game History'!H:H,"Playoff",'Game History'!I:I,Instructions!A80)+COUNTIFS('Game History'!A:A,(">"&(TODAY()-548)),'Game History'!G:G,"MRDA",'Game History'!H:H,"Champs",'Game History'!J:J,Instructions!A80)+COUNTIFS('Game History'!A:A,(">"&(TODAY()-548)),'Game History'!G:G,"MRDA",'Game History'!H:H,"Playoff",'Game History'!J:J,Instructions!A80) -> 0 | J63: =COUNTIFS('Game History'!A:A,(">"&(TODAY()-548)),'Game History'!G:G,"MRDA",'Game History'!H:H,"Sanc",'Game History'!I:I,Instructions!A80)+COUNTIFS('Game History'!A:A,(">"&(TODAY()-548)),'Game History'!G:G,"MRDA",'Game History'!H:H,"Sanc",'Game History'!J:J,Instructions!A80) -> 0 | K63: =COUNTIFS('Game History'!A:A,(">"&(TODAY()-548)),'Game History'!G:G,"MRDA",'Game History'!H:H,"Reg",'Game History'!I:I,Instructions!A80)+COUNTIFS('Game History'!A:A,(">"&(TODAY()-548)),'Game History'!G:G,"MRDA",'Game History'!H:H,"Reg",'Game History'!J:J,Instructions!A80) -> 0 | L63: =SUM(I63+J63+K63) -> 0 | M63: =COUNTIFS('Game History'!A:A,(">"&(TODAY()-548)),'Game History'!G:G,"MRDA",'Game History'!I:I,A63,'Game History'!K:K,"Y")+COUNTIFS('Game History'!A:A,(">"&(TODAY()-548)),'Game History'!G:G,"MRDA",'Game History'!J:J,A63,'Game History'!K:K,"Y") -> 0
A64: JT | B64: =COUNTIFS('Game History'!A:A,(">"&(TODAY()-365)),'Game History'!G:G,"MRDA",'Game History'!H:H,"Champs",'Game History'!I:I,Instructions!A81)+COUNTIFS('Game History'!A:A,(">"&(TODAY()-365)),'Game History'!G:G,"MRDA",'Game History'!H:H,"Playoff",'Game History'!I:I,Instructions!A81)+COUNTIFS('Game History'!A:A,(">"&(TODAY()-365)),'Game History'!G:G,"MRDA",'Game History'!H:H,"Champs",'Game History'!J:J,Instructions!A81)+COUNTIFS('Game History'!A:A,(">"&(TODAY()-365)),'Game History'!G:G,"MRDA",'Game History'!H:H,"Playoff",'Game History'!J:J,Instructions!A81) -> 0 | C64: =COUNTIFS('Game History'!A:A,(">"&(TODAY()-365)),'Game History'!G:G,"MRDA",'Game History'!H:H,"Sanc",'Game History'!I:I,Instructions!A81)+COUNTIFS('Game History'!A:A,(">"&(TODAY()-365)),'Game History'!G:G,"MRDA",'Game History'!H:H,"Sanc",'Game History'!J:J,Instructions!A81) -> 0 | D64: =COUNTIFS('Game History'!A:A,(">"&(TODAY()-365)),'Game History'!G:G,"MRDA",'Game History'!H:H,"Reg",'Game History'!I:I,Instructions!A81)+COUNTIFS('Game History'!A:A,(">"&(TODAY()-365)),'Game History'!G:G,"MRDA",'Game History'!H:H,"Reg",'Game History'!J:J,Instructions!A81) -> 0 | E64: =SUM(B64+C64+D64) -> 0 | F64: =COUNTIFS('Game History'!A:A,(">"&(TODAY()-365)),'Game History'!G:G,"MRDA",'Game History'!I:I,A64,'Game History'!K:K,"Y")+COUNTIFS('Game History'!A:A,(">"&(TODAY()-365)),'Game History'!G:G,"MRDA",'Game History'!J:J,A64,'Game History'!K:K,"Y") -> 0 | H64: JT | I64: =COUNTIFS('Game History'!A:A,(">"&(TODAY()-548)),'Game History'!G:G,"MRDA",'Game History'!H:H,"Champs",'Game History'!I:I,Instructions!A81)+COUNTIFS('Game History'!A:A,(">"&(TODAY()-548)),'Game History'!G:G,"MRDA",'Game History'!H:H,"Playoff",'Game History'!I:I,Instructions!A81)+COUNTIFS('Game History'!A:A,(">"&(TODAY()-548)),'Game History'!G:G,"MRDA",'Game History'!H:H,"Champs",'Game History'!J:J,Instructions!A81)+COUNTIFS('Game History'!A:A,(">"&(TODAY()-548)),'Game History'!G:G,"MRDA",'Game History'!H:H,"Playoff",'Game History'!J:J,Instructions!A81) -> 0 | J64: =COUNTIFS('Game History'!A:A,(">"&(TODAY()-548)),'Game History'!G:G,"MRDA",'Game History'!H:H,"Sanc",'Game History'!I:I,Instructions!A81)+COUNTIFS('Game History'!A:A,(">"&(TODAY()-548)),'Game History'!G:G,"MRDA",'Game History'!H:H,"Sanc",'Game History'!J:J,Instructions!A81) -> 0 | K64: =COUNTIFS('Game History'!A:A,(">"&(TODAY()-548)),'Game History'!G:G,"MRDA",'Game History'!H:H,"Reg",'Game History'!I:I,Instructions!A81)+COUNTIFS('Game History'!A:A,(">"&(TODAY()-548)),'Game History'!G:G,"MRDA",'Game History'!H:H,"Reg",'Game History'!J:J,Instructions!A81) -> 0 | L64: =SUM(I64+J64+K64) -> 0 | M64: =COUNTIFS('Game History'!A:A,(">"&(TODAY()-548)),'Game History'!G:G,"MRDA",'Game History'!I:I,A64,'Game History'!K:K,"Y")+COUNTIFS('Game History'!A:A,(">"&(TODAY()-548)),'Game History'!G:G,"MRDA",'Game History'!J:J,A64,'Game History'!K:K,"Y") -> 0
A65: SK | B65: =COUNTIFS('Game History'!A:A,(">"&(TODAY()-365)),'Game History'!G:G,"MRDA",'Game History'!H:H,"Champs",'Game History'!I:I,Instructions!A82)+COUNTIFS('Game History'!A:A,(">"&(TODAY()-365)),'Game History'!G:G,"MRDA",'Game History'!H:H,"Playoff",'Game History'!I:I,Instructions!A82)+COUNTIFS('Game History'!A:A,(">"&(TODAY()-365)),'Game History'!G:G,"MRDA",'Game History'!H:H,"Champs",'Game History'!J:J,Instructions!A82)+COUNTIFS('Game History'!A:A,(">"&(TODAY()-365)),'Game History'!G:G,"MRDA",'Game History'!H:H,"Playoff",'Game History'!J:J,Instructions!A82) -> 0 | C65: =COUNTIFS('Game History'!A:A,(">"&(TODAY()-365)),'Game History'!G:G,"MRDA",'Game History'!H:H,"Sanc",'Game History'!I:I,Instructions!A82)+COUNTIFS('Game History'!A:A,(">"&(TODAY()-365)),'Game History'!G:G,"MRDA",'Game History'!H:H,"Sanc",'Game History'!J:J,Instructions!A82) -> 0 | D65: =COUNTIFS('Game History'!A:A,(">"&(TODAY()-365)),'Game History'!G:G,"MRDA",'Game History'!H:H,"Reg",'Game History'!I:I,Instructions!A82)+COUNTIFS('Game History'!A:A,(">"&(TODAY()-365)),'Game History'!G:G,"MRDA",'Game History'!H:H,"Reg",'Game History'!J:J,Instructions!A82) -> 0 | E65: =SUM(B65+C65+D65) -> 0 | F65: =COUNTIFS('Game History'!A:A,(">"&(TODAY()-365)),'Game History'!G:G,"MRDA",'Game History'!I:I,A65,'Game History'!K:K,"Y")+COUNTIFS('Game History'!A:A,(">"&(TODAY()-365)),'Game History'!G:G,"MRDA",'Game History'!J:J,A65,'Game History'!K:K,"Y") -> 0 | H65: SK | I65: =COUNTIFS('Game History'!A:A,(">"&(TODAY()-548)),'Game History'!G:G,"MRDA",'Game History'!H:H,"Champs",'Game History'!I:I,Instructions!A82)+COUNTIFS('Game History'!A:A,(">"&(TODAY()-548)),'Game History'!G:G,"MRDA",'Game History'!H:H,"Playoff",'Game History'!I:I,Instructions!A82)+COUNTIFS('Game History'!A:A,(">"&(TODAY()-548)),'Game History'!G:G,"MRDA",'Game History'!H:H,"Champs",'Game History'!J:J,Instructions!A82)+COUNTIFS('Game History'!A:A,(">"&(TODAY()-548)),'Game History'!G:G,"MRDA",'Game History'!H:H,"Playoff",'Game History'!J:J,Instructions!A82) -> 0 | J65: =COUNTIFS('Game History'!A:A,(">"&(TODAY()-548)),'Game History'!G:G,"MRDA",'Game History'!H:H,"Sanc",'Game History'!I:I,Instructions!A82)+COUNTIFS('Game History'!A:A,(">"&(TODAY()-548)),'Game History'!G:G,"MRDA",'Game History'!H:H,"Sanc",'Game History'!J:J,Instructions!A82) -> 0 | K65: =COUNTIFS('Game History'!A:A,(">"&(TODAY()-548)),'Game History'!G:G,"MRDA",'Game History'!H:H,"Reg",'Game History'!I:I,Instructions!A82)+COUNTIFS('Game History'!A:A,(">"&(TODAY()-548)),'Game History'!G:G,"MRDA",'Game History'!H:H,"Reg",'Game History'!J:J,Instructions!A82) -> 0 | L65: =SUM(I65+J65+K65) -> 0 | M65: =COUNTIFS('Game History'!A:A,(">"&(TODAY()-548)),'Game History'!G:G,"MRDA",'Game History'!I:I,A65,'Game History'!K:K,"Y")+COUNTIFS('Game History'!A:A,(">"&(TODAY()-548)),'Game History'!G:G,"MRDA",'Game History'!J:J,A65,'Game History'!K:K,"Y") -> 0
A66: SO | B66: =COUNTIFS('Game History'!A:A,(">"&(TODAY()-365)),'Game History'!G:G,"MRDA",'Game History'!H:H,"Champs",'Game History'!I:I,Instructions!A83)+COUNTIFS('Game History'!A:A,(">"&(TODAY()-365)),'Game History'!G:G,"MRDA",'Game History'!H:H,"Playoff",'Game History'!I:I,Instructions!A83)+COUNTIFS('Game History'!A:A,(">"&(TODAY()-365)),'Game History'!G:G,"MRDA",'Game History'!H:H,"Champs",'Game History'!J:J,Instructions!A83)+COUNTIFS('Game History'!A:A,(">"&(TODAY()-365)),'Game History'!G:G,"MRDA",'Game History'!H:H,"Playoff",'Game History'!J:J,Instructions!A83) -> 0 | C66: =COUNTIFS('Game History'!A:A,(">"&(TODAY()-365)),'Game History'!G:G,"MRDA",'Game History'!H:H,"Sanc",'Game History'!I:I,Instructions!A83)+COUNTIFS('Game History'!A:A,(">"&(TODAY()-365)),'Game History'!G:G,"MRDA",'Game History'!H:H,"Sanc",'Game History'!J:J,Instructions!A83) -> 0 | D66: =COUNTIFS('Game History'!A:A,(">"&(TODAY()-365)),'Game History'!G:G,"MRDA",'Game History'!H:H,"Reg",'Game History'!I:I,Instructions!A83)+COUNTIFS('Game History'!A:A,(">"&(TODAY()-365)),'Game History'!G:G,"MRDA",'Game History'!H:H,"Reg",'Game History'!J:J,Instructions!A83) -> 0 | E66: =SUM(B66+C66+D66) -> 0 | F66: =COUNTIFS('Game History'!A:A,(">"&(TODAY()-365)),'Game History'!G:G,"MRDA",'Game History'!I:I,A66,'Game History'!K:K,"Y")+COUNTIFS('Game History'!A:A,(">"&(TODAY()-365)),'Game History'!G:G,"MRDA",'Game History'!J:J,A66,'Game History'!K:K,"Y") -> 0 | H66: SO | I66: =COUNTIFS('Game History'!A:A,(">"&(TODAY()-548)),'Game History'!G:G,"MRDA",'Game History'!H:H,"Champs",'Game History'!I:I,Instructions!A83)+COUNTIFS('Game History'!A:A,(">"&(TODAY()-548)),'Game History'!G:G,"MRDA",'Game History'!H:H,"Playoff",'Game History'!I:I,Instructions!A83)+COUNTIFS('Game History'!A:A,(">"&(TODAY()-548)),'Game History'!G:G,"MRDA",'Game History'!H:H,"Champs",'Game History'!J:J,Instructions!A83)+COUNTIFS('Game History'!A:A,(">"&(TODAY()-548)),'Game History'!G:G,"MRDA",'Game History'!H:H,"Playoff",'Game History'!J:J,Instructions!A83) -> 0 | J66: =COUNTIFS('Game History'!A:A,(">"&(TODAY()-548)),'Game History'!G:G,"MRDA",'Game History'!H:H,"Sanc",'Game History'!I:I,Instructions!A83)+COUNTIFS('Game History'!A:A,(">"&(TODAY()-548)),'Game History'!G:G,"MRDA",'Game History'!H:H,"Sanc",'Game History'!J:J,Instructions!A83) -> 0 | K66: =COUNTIFS('Game History'!A:A,(">"&(TODAY()-548)),'Game History'!G:G,"MRDA",'Game History'!H:H,"Reg",'Game History'!I:I,Instructions!A83)+COUNTIFS('Game History'!A:A,(">"&(TODAY()-548)),'Game History'!G:G,"MRDA",'Game History'!H:H,"Reg",'Game History'!J:J,Instructions!A83) -> 0 | L66: =SUM(I66+J66+K66) -> 0 | M66: =COUNTIFS('Game History'!A:A,(">"&(TODAY()-548)),'Game History'!G:G,"MRDA",'Game History'!I:I,A66,'Game History'!K:K,"Y")+COUNTIFS('Game History'!A:A,(">"&(TODAY()-548)),'Game History'!G:G,"MRDA",'Game History'!J:J,A66,'Game History'!K:K,"Y") -> 0
A67: PBM | B67: =COUNTIFS('Game History'!A:A,(">"&(TODAY()-365)),'Game History'!G:G,"MRDA",'Game History'!H:H,"Champs",'Game History'!I:I,Instructions!A84)+COUNTIFS('Game History'!A:A,(">"&(TODAY()-365)),'Game History'!G:G,"MRDA",'Game History'!H:H,"Playoff",'Game History'!I:I,Instructions!A84)+COUNTIFS('Game History'!A:A,(">"&(TODAY()-365)),'Game History'!G:G,"MRDA",'Game History'!H:H,"Champs",'Game History'!J:J,Instructions!A84)+COUNTIFS('Game History'!A:A,(">"&(TODAY()-365)),'Game History'!G:G,"MRDA",'Game History'!H:H,"Playoff",'Game History'!J:J,Instructions!A84) -> 0 | C67: =COUNTIFS('Game History'!A:A,(">"&(TODAY()-365)),'Game History'!G:G,"MRDA",'Game History'!H:H,"Sanc",'Game History'!I:I,Instructions!A84)+COUNTIFS('Game History'!A:A,(">"&(TODAY()-365)),'Game History'!G:G,"MRDA",'Game History'!H:H,"Sanc",'Game History'!J:J,Instructions!A84) -> 0 | D67: =COUNTIFS('Game History'!A:A,(">"&(TODAY()-365)),'Game History'!G:G,"MRDA",'Game History'!H:H,"Reg",'Game History'!I:I,Instructions!A84)+COUNTIFS('Game History'!A:A,(">"&(TODAY()-365)),'Game History'!G:G,"MRDA",'Game History'!H:H,"Reg",'Game History'!J:J,Instructions!A84) -> 0 | E67: =SUM(B67+C67+D67) -> 0 | F67: =COUNTIFS('Game History'!A:A,(">"&(TODAY()-365)),'Game History'!G:G,"MRDA",'Game History'!I:I,A67,'Game History'!K:K,"Y")+COUNTIFS('Game History'!A:A,(">"&(TODAY()-365)),'Game History'!G:G,"MRDA",'Game History'!J:J,A67,'Game History'!K:K,"Y") -> 0 | H67: PBM | I67: =COUNTIFS('Game History'!A:A,(">"&(TODAY()-548)),'Game History'!G:G,"MRDA",'Game History'!H:H,"Champs",'Game History'!I:I,Instructions!A84)+COUNTIFS('Game History'!A:A,(">"&(TODAY()-548)),'Game History'!G:G,"MRDA",'Game History'!H:H,"Playoff",'Game History'!I:I,Instructions!A84)+COUNTIFS('Game History'!A:A,(">"&(TODAY()-548)),'Game History'!G:G,"MRDA",'Game History'!H:H,"Champs",'Game History'!J:J,Instructions!A84)+COUNTIFS('Game History'!A:A,(">"&(TODAY()-548)),'Game History'!G:G,"MRDA",'Game History'!H:H,"Playoff",'Game History'!J:J,Instructions!A84) -> 0 | J67: =COUNTIFS('Game History'!A:A,(">"&(TODAY()-548)),'Game History'!G:G,"MRDA",'Game History'!H:H,"Sanc",'Game History'!I:I,Instructions!A84)+COUNTIFS('Game History'!A:A,(">"&(TODAY()-548)),'Game History'!G:G,"MRDA",'Game History'!H:H,"Sanc",'Game History'!J:J,Instructions!A84) -> 0 | K67: =COUNTIFS('Game History'!A:A,(">"&(TODAY()-548)),'Game History'!G:G,"MRDA",'Game History'!H:H,"Reg",'Game History'!I:I,Instructions!A84)+COUNTIFS('Game History'!A:A,(">"&(TODAY()-548)),'Game History'!G:G,"MRDA",'Game History'!H:H,"Reg",'Game History'!J:J,Instructions!A84) -> 0 | L67: =SUM(I67+J67+K67) -> 0 | M67: =COUNTIFS('Game History'!A:A,(">"&(TODAY()-548)),'Game History'!G:G,"MRDA",'Game History'!I:I,A67,'Game History'!K:K,"Y")+COUNTIFS('Game History'!A:A,(">"&(TODAY()-548)),'Game History'!G:G,"MRDA",'Game History'!J:J,A67,'Game History'!K:K,"Y") -> 0
A68: PBT | B68: =COUNTIFS('Game History'!A:A,(">"&(TODAY()-365)),'Game History'!G:G,"MRDA",'Game History'!H:H,"Champs",'Game History'!I:I,Instructions!A85)+COUNTIFS('Game History'!A:A,(">"&(TODAY()-365)),'Game History'!G:G,"MRDA",'Game History'!H:H,"Playoff",'Game History'!I:I,Instructions!A85)+COUNTIFS('Game History'!A:A,(">"&(TODAY()-365)),'Game History'!G:G,"MRDA",'Game History'!H:H,"Champs",'Game History'!J:J,Instructions!A85)+COUNTIFS('Game History'!A:A,(">"&(TODAY()-365)),'Game History'!G:G,"MRDA",'Game History'!H:H,"Playoff",'Game History'!J:J,Instructions!A85) -> 0 | C68: =COUNTIFS('Game History'!A:A,(">"&(TODAY()-365)),'Game History'!G:G,"MRDA",'Game History'!H:H,"Sanc",'Game History'!I:I,Instructions!A85)+COUNTIFS('Game History'!A:A,(">"&(TODAY()-365)),'Game History'!G:G,"MRDA",'Game History'!H:H,"Sanc",'Game History'!J:J,Instructions!A85) -> 0 | D68: =COUNTIFS('Game History'!A:A,(">"&(TODAY()-365)),'Game History'!G:G,"MRDA",'Game History'!H:H,"Reg",'Game History'!I:I,Instructions!A85)+COUNTIFS('Game History'!A:A,(">"&(TODAY()-365)),'Game History'!G:G,"MRDA",'Game History'!H:H,"Reg",'Game History'!J:J,Instructions!A85) -> 0 | E68: =SUM(B68+C68+D68) -> 0 | F68: =COUNTIFS('Game History'!A:A,(">"&(TODAY()-365)),'Game History'!G:G,"MRDA",'Game History'!I:I,A68,'Game History'!K:K,"Y")+COUNTIFS('Game History'!A:A,(">"&(TODAY()-365)),'Game History'!G:G,"MRDA",'Game History'!J:J,A68,'Game History'!K:K,"Y") -> 0 | H68: PBT | I68: =COUNTIFS('Game History'!A:A,(">"&(TODAY()-548)),'Game History'!G:G,"MRDA",'Game History'!H:H,"Champs",'Game History'!I:I,Instructions!A85)+COUNTIFS('Game History'!A:A,(">"&(TODAY()-548)),'Game History'!G:G,"MRDA",'Game History'!H:H,"Playoff",'Game History'!I:I,Instructions!A85)+COUNTIFS('Game History'!A:A,(">"&(TODAY()-548)),'Game History'!G:G,"MRDA",'Game History'!H:H,"Champs",'Game History'!J:J,Instructions!A85)+COUNTIFS('Game History'!A:A,(">"&(TODAY()-548)),'Game History'!G:G,"MRDA",'Game History'!H:H,"Playoff",'Game History'!J:J,Instructions!A85) -> 0 | J68: =COUNTIFS('Game History'!A:A,(">"&(TODAY()-548)),'Game History'!G:G,"MRDA",'Game History'!H:H,"Sanc",'Game History'!I:I,Instructions!A85)+COUNTIFS('Game History'!A:A,(">"&(TODAY()-548)),'Game History'!G:G,"MRDA",'Game History'!H:H,"Sanc",'Game History'!J:J,Instructions!A85) -> 0 | K68: =COUNTIFS('Game History'!A:A,(">"&(TODAY()-548)),'Game History'!G:G,"MRDA",'Game History'!H:H,"Reg",'Game History'!I:I,Instructions!A85)+COUNTIFS('Game History'!A:A,(">"&(TODAY()-548)),'Game History'!G:G,"MRDA",'Game History'!H:H,"Reg",'Game History'!J:J,Instructions!A85) -> 0 | L68: =SUM(I68+J68+K68) -> 0 | M68: =COUNTIFS('Game History'!A:A,(">"&(TODAY()-548)),'Game History'!G:G,"MRDA",'Game History'!I:I,A68,'Game History'!K:K,"Y")+COUNTIFS('Game History'!A:A,(">"&(TODAY()-548)),'Game History'!G:G,"MRDA",'Game History'!J:J,A68,'Game History'!K:K,"Y") -> 0
A69: LT | B69: =COUNTIFS('Game History'!A:A,(">"&(TODAY()-365)),'Game History'!G:G,"MRDA",'Game History'!H:H,"Champs",'Game History'!I:I,Instructions!A86)+COUNTIFS('Game History'!A:A,(">"&(TODAY()-365)),'Game History'!G:G,"MRDA",'Game History'!H:H,"Playoff",'Game History'!I:I,Instructions!A86)+COUNTIFS('Game History'!A:A,(">"&(TODAY()-365)),'Game History'!G:G,"MRDA",'Game History'!H:H,"Champs",'Game History'!J:J,Instructions!A86)+COUNTIFS('Game History'!A:A,(">"&(TODAY()-365)),'Game History'!G:G,"MRDA",'Game History'!H:H,"Playoff",'Game History'!J:J,Instructions!A86) -> 0 | C69: =COUNTIFS('Game History'!A:A,(">"&(TODAY()-365)),'Game History'!G:G,"MRDA",'Game History'!H:H,"Sanc",'Game History'!I:I,Instructions!A86)+COUNTIFS('Game History'!A:A,(">"&(TODAY()-365)),'Game History'!G:G,"MRDA",'Game History'!H:H,"Sanc",'Game History'!J:J,Instructions!A86) -> 0 | D69: =COUNTIFS('Game History'!A:A,(">"&(TODAY()-365)),'Game History'!G:G,"MRDA",'Game History'!H:H,"Reg",'Game History'!I:I,Instructions!A86)+COUNTIFS('Game History'!A:A,(">"&(TODAY()-365)),'Game History'!G:G,"MRDA",'Game History'!H:H,"Reg",'Game History'!J:J,Instructions!A86) -> 0 | E69: =SUM(B69+C69+D69) -> 0 | F69: =COUNTIFS('Game History'!A:A,(">"&(TODAY()-365)),'Game History'!G:G,"MRDA",'Game History'!I:I,A69,'Game History'!K:K,"Y")+COUNTIFS('Game History'!A:A,(">"&(TODAY()-365)),'Game History'!G:G,"MRDA",'Game History'!J:J,A69,'Game History'!K:K,"Y") -> 0 | H69: LT | I69: =COUNTIFS('Game History'!A:A,(">"&(TODAY()-548)),'Game History'!G:G,"MRDA",'Game History'!H:H,"Champs",'Game History'!I:I,Instructions!A86)+COUNTIFS('Game History'!A:A,(">"&(TODAY()-548)),'Game History'!G:G,"MRDA",'Game History'!H:H,"Playoff",'Game History'!I:I,Instructions!A86)+COUNTIFS('Game History'!A:A,(">"&(TODAY()-548)),'Game History'!G:G,"MRDA",'Game History'!H:H,"Champs",'Game History'!J:J,Instructions!A86)+COUNTIFS('Game History'!A:A,(">"&(TODAY()-548)),'Game History'!G:G,"MRDA",'Game History'!H:H,"Playoff",'Game History'!J:J,Instructions!A86) -> 0 | J69: =COUNTIFS('Game History'!A:A,(">"&(TODAY()-548)),'Game History'!G:G,"MRDA",'Game History'!H:H,"Sanc",'Game History'!I:I,Instructions!A86)+COUNTIFS('Game History'!A:A,(">"&(TODAY()-548)),'Game History'!G:G,"MRDA",'Game History'!H:H,"Sanc",'Game History'!J:J,Instructions!A86) -> 0 | K69: =COUNTIFS('Game History'!A:A,(">"&(TODAY()-548)),'Game History'!G:G,"MRDA",'Game History'!H:H,"Reg",'Game History'!I:I,Instructions!A86)+COUNTIFS('Game History'!A:A,(">"&(TODAY()-548)),'Game History'!G:G,"MRDA",'Game History'!H:H,"Reg",'Game History'!J:J,Instructions!A86) -> 0 | L69: =SUM(I69+J69+K69) -> 0 | M69: =COUNTIFS('Game History'!A:A,(">"&(TODAY()-548)),'Game History'!G:G,"MRDA",'Game History'!I:I,A69,'Game History'!K:K,"Y")+COUNTIFS('Game History'!A:A,(">"&(TODAY()-548)),'Game History'!G:G,"MRDA",'Game History'!J:J,A69,'Game History'!K:K,"Y") -> 0
A70: ALT | B70: =COUNTIFS('Game History'!A:A,(">"&(TODAY()-365)),'Game History'!G:G,"MRDA",'Game History'!H:H,"Champs",'Game History'!I:I,Instructions!A88)+COUNTIFS('Game History'!A:A,(">"&(TODAY()-365)),'Game History'!G:G,"MRDA",'Game History'!H:H,"Playoff",'Game History'!I:I,Instructions!A88) -> 0 | C70: =COUNTIFS('Game History'!A:A,(">"&(TODAY()-365)),'Game History'!G:G,"MRDA",'Game History'!H:H,"Sanc",'Game History'!I:I,Instructions!A88) -> 0 | D70: =COUNTIFS('Game History'!A:A,(">"&(TODAY()-365)),'Game History'!G:G,"MRDA",'Game History'!H:H,"Reg",'Game History'!I:I,Instructions!A88) -> 0 | E70: =SUM(B70+C70+D70) -> 0 | H70: ALT | I70: =COUNTIFS('Game History'!A:A,(">"&(TODAY()-548)),'Game History'!G:G,"MRDA",'Game History'!H:H,"Champs",'Game History'!I:I,Instructions!A88)+COUNTIFS('Game History'!A:A,(">"&(TODAY()-548)),'Game History'!G:G,"MRDA",'Game History'!H:H,"Playoff",'Game History'!I:I,Instructions!A88) -> 0 | J70: =COUNTIFS('Game History'!A:A,(">"&(TODAY()-548)),'Game History'!G:G,"MRDA",'Game History'!H:H,"Sanc",'Game History'!I:I,Instructions!A88) -> 0 | K70: =COUNTIFS('Game History'!A:A,(">"&(TODAY()-548)),'Game History'!G:G,"MRDA",'Game History'!H:H,"Reg",'Game History'!I:I,Instructions!A88) -> 0 | L70: =SUM(I70+J70+K70) -> 0
A71: Total* | B71: =SUM(B57:B70) -> 0 | C71: =SUM(C57:C70) -> 0 | D71: =SUM(D57:D70) -> 0 | E71: =SUM(E57:E70) -> 0 | F71: =SUM(F60:F69) -> 0 | H71: Total* | I71: =SUM(I57:I70) -> 0 | J71: =SUM(J57:J70) -> 0 | K71: =SUM(K57:K70) -> 0 | L71: =SUM(L57:L70) -> 0 | M71: =SUM(M60:M69) -> 0
A73: Positional Family Totals (1 Year) | H73: Positional Family Totals (18 MONTHS)
A74: HNSO | D74: =SUM(E57:E59) -> 0 | H74: HNSO | K74: =SUM(L57:L59) -> 0
A75: Penalty Tracking | D75: =SUM(E60:E63) -> 0 | H75: Penalty Tracking | K75: =SUM(L60:L63) -> 0
A76: Scoring and Timing | D76: =SUM(E64:E66) -> 0 | H76: Scoring & Timing | K76: =SUM(L64:L66) -> 0
A77: Penalty Management | D77: =SUM(E67:E69) -> 0 | H77: Penalty Management | K77: =SUM(L67:L69) -> 0

Sheet Other Summary
A1: ALL OTHER DERBY
A2: Skating Positions | C2: Code | D2: Game Designation | I2: Non-Skating Positions | J2: Code | K2: Game Designation
D3: Playoff | E3: Sanc | F3: Reg | G3: Other | K3: Playoff | L3: Sanc | M3: Reg | N3: Other
A4: Head Referee | C4: HR | D4: — | E4: =COUNTIFS('Other History'!H:H,"Sanc",'Other History'!I:I,Instructions!A70) -> 0 | F4: =COUNTIFS('Other History'!H:H,"Reg",'Other History'!I:I,Instructions!A70) -> 0 | G4: =COUNTIFS('Other History'!H:H,"Other",'Other History'!I:I,Instructions!A70) -> 0 | I4: Head NSO | J4: HNSO | K4: — | L4: =COUNTIFS('Other History'!H:H,"Sanc",'Other History'!I:I,Instructions!A73) -> 0 | M4: =COUNTIFS('Other History'!H:H,"Reg",'Other History'!I:I,Instructions!A73) -> 0 | N4: =COUNTIFS('Other History'!H:H,"Other",'Other History'!I:I,Instructions!A73) -> 0
A5: Jammer Referee | C5: JR | D5: =COUNTIFS('Other History'!H:H,"Champs",'Other History'!I:I,Instructions!A74)+COUNTIFS('Other History'!H:H,"Playoff",'Other History'!I:I,Instructions!A74) -> 0 | E5: =COUNTIFS('Other History'!H:H,"Sanc",'Other History'!I:I,Instructions!A74) -> 0 | F5: =COUNTIFS('Other History'!H:H,"Reg",'Other History'!I:I,Instructions!A74) -> 0 | G5: =COUNTIFS('Other History'!H:H,"Other",'Other History'!I:I,Instructions!A74) -> 0 | I5: Penalty Tracker | J5: PT | K5: =COUNTIFS('Other History'!H:H,"Champs",'Other History'!I:I,Instructions!A77)+COUNTIFS('Other History'!H:H,"Playoff",'Other History'!I:I,Instructions!A77) -> 0 | L5: =COUNTIFS('Other History'!H:H,"Sanc",'Other History'!I:I,Instructions!A77) -> 0 | M5: =COUNTIFS('Other History'!H:H,"Reg",'Other History'!I:I,Instructions!A77) -> 0 | N5: =COUNTIFS('Other History'!H:H,"Other",'Other History'!I:I,Instructions!A77) -> 0
A6: Inside Pack Referee | C6: IPR | D6: =COUNTIFS('Other History'!H:H,"Champs",'Other History'!I:I,Instructions!A75)+COUNTIFS('Other History'!H:H,"Playoff",'Other History'!I:I,Instructions!A75) -> 0 | E6: =COUNTIFS('Other History'!H:H,"Sanc",'Other History'!I:I,Instructions!A75) -> 0 | F6: =COUNTIFS('Other History'!H:H,"Reg",'Other History'!I:I,Instructions!A75) -> 0 | G6: =COUNTIFS('Other History'!H:H,"Other",'Other History'!I:I,Instructions!A75) -> 0 | I6: Penalty Wrangler | J6: PW | K6: =COUNTIFS('Other History'!H:H,"Champs",'Other History'!I:I,Instructions!A78)+COUNTIFS('Other History'!H:H,"Playoff",'Other History'!I:I,Instructions!A78) -> 0 | L6: =COUNTIFS('Other History'!H:H,"Sanc",'Other History'!I:I,Instructions!A78) -> 0 | M6: =COUNTIFS('Other History'!H:H,"Reg",'Other History'!I:I,Instructions!A78) -> 0 | N6: =COUNTIFS('Other History'!H:H,"Other",'Other History'!I:I,Instructions!A78) -> 0
A7: Outside Pack Referee | C7: OPR | D7: =COUNTIFS('Other History'!H:H,"Champs",'Other History'!I:I,Instructions!A76)+COUNTIFS('Other History'!H:H,"Playoff",'Other History'!I:I,Instructions!A76) -> 0 | E7: =COUNTIFS('Other History'!H:H,"Sanc",'Other History'!I:I,Instructions!A76) -> 0 | F7: =COUNTIFS('Other History'!H:H,"Reg",'Other History'!I:I,Instructions!A76) -> 0 | G7: =COUNTIFS('Other History'!H:H,"Other",'Other History'!I:I,Instructions!A76) -> 0 | I7: Inside White Board | J7: IWB | K7: =COUNTIFS('Other History'!H:H,"Champs",'Other History'!I:I,Instructions!A79)+COUNTIFS('Other History'!H:H,"Playoff",'Other History'!I:I,Instructions!A79) -> 0 | L7: =COUNTIFS('Other History'!H:H,"Sanc",'Other History'!I:I,Instructions!A79) -> 0 | M7: =COUNTIFS('Other History'!H:H,"Reg",'Other History'!I:I,Instructions!A79) -> 0 | N7: =COUNTIFS('Other History'!H:H,"Other",'Other History'!I:I,Instructions!A79) -> 0
A8: Alternate Referee | C8: ALTR | D8: =COUNTIFS('Other History'!H:H,"Champs",'Other History'!I:I,Instructions!A87)+COUNTIFS('Other History'!H:H,"Playoff",'Other History'!I:I,Instructions!A87) -> 0 | E8: =COUNTIFS('Other History'!H:H,"Sanc",'Other History'!I:I,Instructions!A87) -> 0 | F8: =COUNTIFS('Other History'!H:H,"Reg",'Other History'!I:I,Instructions!A87) -> 0 | G8: =COUNTIFS('Other History'!H:H,"Other",'Other History'!I:I,Instructions!A87) -> 0 | I8: Outside White Board | J8: OWB | K8: =COUNTIFS('Other History'!H:H,"Champs",'Other History'!I:I,Instructions!A80)+COUNTIFS('Other History'!H:H,"Playoff",'Other History'!I:I,Instructions!A80) -> 0 | L8: =COUNTIFS('Other History'!H:H,"Sanc",'Other History'!I:I,Instructions!A80) -> 0 | M8: =COUNTIFS('Other History'!H:H,"Reg",'Other History'!I:I,Instructions!A80) -> 0 | N8: =COUNTIFS('Other History'!H:H,"Other",'Other History'!I:I,Instructions!A80) -> 0
A9: Total Referee | D9: =SUM(D5:D8) -> 0 | E9: =SUM(E4:E8) -> 0 | F9: =SUM(F4:F8) -> 0 | G9: =SUM(G4:G8) -> 0 | I9: Jam Timer | J9: JT | K9: =COUNTIFS('Other History'!H:H,"Champs",'Other History'!I:I,Instructions!A81)+COUNTIFS('Other History'!H:H,"Playoff",'Other History'!I:I,Instructions!A81) -> 0 | L9: =COUNTIFS('Other History'!H:H,"Sanc",'Other History'!I:I,Instructions!A81) -> 0 | M9: =COUNTIFS('Other History'!H:H,"Reg",'Other History'!I:I,Instructions!A81) -> 0 | N9: =COUNTIFS('Other History'!H:H,"Other",'Other History'!I:I,Instructions!A81) -> 0
I10: Scorekeeper | J10: SK | K10: =COUNTIFS('Other History'!H:H,"Champs",'Other History'!I:I,Instructions!A82)+COUNTIFS('Other History'!H:H,"Playoff",'Other History'!I:I,Instructions!A82) -> 0 | L10: =COUNTIFS('Other History'!H:H,"Sanc",'Other History'!I:I,Instructions!A82) -> 0 | M10: =COUNTIFS('Other History'!H:H,"Reg",'Other History'!I:I,Instructions!A82) -> 0 | N10: =COUNTIFS('Other History'!H:H,"Other",'Other History'!I:I,Instructions!A82) -> 0
A11: Tournament Head Referee | C11: THR | D11: =COUNTIFS('Other History'!H:H,"Champs",'Other History'!I:I,Instructions!A68)+COUNTIFS('Other History'!H:H,"Playoff",'Other History'!I:I,Instructions!A68) -> 0 | E11: =COUNTIFS('Other History'!H:H,"Sanc",'Other History'!I:I,Instructions!A68) -> 0 | F11: =COUNTIFS('Other History'!H:H,"Reg",'Other History'!I:I,Instructions!A68) -> 0 | G11: =COUNTIFS('Other History'!H:H,"Other",'Other History'!I:I,Instructions!A68) -> 0 | I11: Scoreboard Operator | J11: SO | K11: =COUNTIFS('Other History'!H:H,"Champs",'Other History'!I:I,Instructions!A83)+COUNTIFS('Other History'!H:H,"Playoff",'Other History'!I:I,Instructions!A83) -> 0 | L11: =COUNTIFS('Other History'!H:H,"Sanc",'Other History'!I:I,Instructions!A83) -> 0 | M11: =COUNTIFS('Other History'!H:H,"Reg",'Other History'!I:I,Instructions!A83) -> 0 | N11: =COUNTIFS('Other History'!H:H,"Other",'Other History'!I:I,Instructions!A83) -> 0
A12: Crew Head Referee | C12: CHR | D12: =COUNTIFS('Other History'!H:H,"Champs",'Other History'!I:I,Instructions!A69)+COUNTIFS('Other History'!H:H,"Playoff",'Other History'!I:I,Instructions!A69)+COUNTIFS('Other History'!H:H,"Champs",'Other History'!I:I,Instructions!A70)+COUNTIFS('Other History'!H:H,"Playoff",'Other History'!I:I,Instructions!A70) -> 0 | E12: =COUNTIFS('Other History'!H:H,"Sanc",'Other History'!I:I,Instructions!A69) -> 0 | F12: =COUNTIFS('Other History'!H:H,"Reg",'Other History'!I:I,Instructions!A69) -> 0 | G12: =COUNTIFS('Other History'!H:H,"Other",'Other History'!I:I,Instructions!A69) -> 0 | I12: Penalty Box Manager | J12: PBM | K12: =COUNTIFS('Other History'!H:H,"Champs",'Other History'!I:I,Instructions!A84)+COUNTIFS('Other History'!H:H,"Playoff",'Other History'!I:I,Instructions!A84) -> 0 | L12: =COUNTIFS('Other History'!H:H,"Sanc",'Other History'!I:I,Instructions!A84) -> 0 | M12: =COUNTIFS('Other History'!H:H,"Reg",'Other History'!I:I,Instructions!A84) -> 0 | N12: =COUNTIFS('Other History'!H:H,"Other",'Other History'!I:I,Instructions!A84) -> 0
A13: Games Official | C13: GO | D13: =COUNTIFS('Other History'!H:H,"Champs",'Other History'!I:I,Instructions!A67)+COUNTIFS('Other History'!H:H,"Playoff",'Other History'!I:I,Instructions!A67) -> 0 | E13: =COUNTIFS('Other History'!H:H,"Sanc",'Other History'!I:I,Instructions!A67) -> 0 | F13: =COUNTIFS('Other History'!H:H,"Reg",'Other History'!I:I,Instructions!A67) -> 0 | G13: =COUNTIFS('Other History'!H:H,"Other",'Other History'!I:I,Instructions!A67) -> 0 | I13: Penalty Box Timer | J13: PBT | K13: =COUNTIFS('Other History'!H:H,"Champs",'Other History'!I:I,Instructions!A85)+COUNTIFS('Other History'!H:H,"Playoff",'Other History'!I:I,Instructions!A85) -> 0 | L13: =COUNTIFS('Other History'!H:H,"Sanc",'Other History'!I:I,Instructions!A85) -> 0 | M13: =COUNTIFS('Other History'!H:H,"Reg",'Other History'!I:I,Instructions!A85) -> 0 | N13: =COUNTIFS('Other History'!H:H,"Other",'Other History'!I:I,Instructions!A85) -> 0
A14: Tournament Head NSO | C14: THNSO | D14: =COUNTIFS('Other History'!H:H,"Champs",'Other History'!I:I,Instructions!A71)+COUNTIFS('Other History'!H:H,"Playoff",'Other History'!I:I,Instructions!A71) -> 0 | E14: =COUNTIFS('Other History'!H:H,"Sanc",'Other History'!I:I,Instructions!A71) -> 0 | F14: =COUNTIFS('Other History'!H:H,"Reg",'Other History'!I:I,Instructions!A71) -> 0 | G14: =COUNTIFS('Other History'!H:H,"Other",'Other History'!I:I,Instructions!A71) -> 0 | I14: Lineup Tracker | J14: LT | K14: =COUNTIFS('Other History'!H:H,"Champs",'Other History'!I:I,Instructions!A86)+COUNTIFS('Other History'!H:H,"Playoff",'Other History'!I:I,Instructions!A86) -> 0 | L14: =COUNTIFS('Other History'!H:H,"Sanc",'Other History'!I:I,Instructions!A86) -> 0 | M14: =COUNTIFS('Other History'!H:H,"Reg",'Other History'!I:I,Instructions!A86) -> 0 | N14: =COUNTIFS('Other History'!H:H,"Other",'Other History'!I:I,Instructions!A86) -> 0
A15: Crew Head NSO | C15: CHNSO | D15: =COUNTIFS('Other History'!H:H,"Champs",'Other History'!I:I,Instructions!A72)+COUNTIFS('Other History'!H:H,"Playoff",'Other History'!I:I,Instructions!A72)+COUNTIFS('Other History'!H:H,"Champs",'Other History'!I:I,Instructions!A73)+COUNTIFS('Other History'!H:H,"Playoff",'Other History'!I:I,Instructions!A73) -> 0 | E15: =COUNTIFS('Other History'!H:H,"Sanc",'Other History'!I:I,Instructions!A72) -> 0 | F15: =COUNTIFS('Other History'!H:H,"Reg",'Other History'!I:I,Instructions!A72) -> 0 | G15: =COUNTIFS('Other History'!H:H,"Other",'Other History'!I:I,Instructions!A72) -> 0 | I15: Alternate NSO | J15: ALTN | K15: =COUNTIFS('Other History'!H:H,"Champs",'Other History'!I:I,Instructions!A88)+COUNTIFS('Other History'!H:H,"Playoff",'Other History'!I:I,Instructions!A88) -> 0 | L15: =COUNTIFS('Other History'!H:H,"Sanc",'Other History'!I:I,Instructions!A88) -> 0 | M15: =COUNTIFS('Other History'!H:H,"Reg",'Other History'!I:I,Instructions!A88) -> 0 | N15: =COUNTIFS('Other History'!H:H,"Other",'Other History'!I:I,Instructions!A88) -> 0
I16: Total NSO | K16: =SUM(K5:K15) -> 0 | L16: =SUM(L4:L15) -> 0 | M16: =SUM(M4:M15) -> 0 | N16: =SUM(N4:N15) -> 0
A17: All Other Officiating Clinics Attended | I17: Total Software Operator Game Experience | M17: =COUNTIFS('Other History'!H:H,"JRDA",'Other History'!L:L,"Y") -> 0
A18: REF or NSO Track | B18: Location | C18: Year | D18: REF or NSO Track | E18: Location | G18: Year
I19: All Other Games Totals | K19: Current Rule Set | M19: Lifetime
K20: Referee | L20: NSO | M20: Referee | N20: NSO
K21: =COUNTIFS('Other History'!A:A,(">="&Instructions!B103),'Other History'!I:I,Instructions!A68)+COUNTIFS('Other History'!A:A,(">="&Instructions!B103),'Other History'!I:I,Instructions!A69)+COUNTIFS('Other History'!A:A,(">="&Instructions!B103),'Other History'!I:I,Instructions!A70)+COUNTIFS('Other History'!A:A,(">="&Instructions!B103),'Other History'!I:I,Instructions!A74)+COUNTIFS('Other History'!A:A,(">="&Instructions!B103),'Other History'!I:I,Instructions!A75)+COUNTIFS('Other History'!A:A,(">="&Instructions!B103),'Other History'!I:I,Instructions!A76)+COUNTIFS('Other History'!A:A,(">="&Instructions!B103),'Other History'!I:I,Instructions!A87) -> 0 | L21: =COUNTIFS('Other History'!A:A,(">="&Instructions!B103),'Other History'!I:I,Instructions!A71)+COUNTIFS('Other History'!A:A,(">="&Instructions!B103),'Other History'!I:I,Instructions!A72)+COUNTIFS('Other History'!A:A,(">="&Instructions!B103),'Other History'!I:I,Instructions!A73)+COUNTIFS('Other History'!A:A,(">="&Instructions!B103),'Other History'!I:I,Instructions!A77)+COUNTIFS('Other History'!A:A,(">="&Instructions!B103),'Other History'!I:I,Instructions!A78)+COUNTIFS('Other History'!A:A,(">="&Instructions!B103),'Other History'!I:I,Instructions!A79)+COUNTIFS('Other History'!A:A,(">="&Instructions!B103),'Other History'!I:I,Instructions!A80)+COUNTIFS('Other History'!A:A,(">="&Instructions!B103),'Other History'!I:I,Instructions!A81)+COUNTIFS('Other History'!A:A,(">="&Instructions!B103),'Other History'!I:I,Instructions!A82)+COUNTIFS('Other History'!A:A,(">="&Instructions!B103),'Other History'!I:I,Instructions!A83)+COUNTIFS('Other History'!A:A,(">="&Instructions!B103),'Other History'!I:I,Instructions!A84)+COUNTIFS('Other History'!A:A,(">="&Instructions!B103),'Other History'!I:I,Instructions!A85)+COUNTIFS('Other History'!A:A,(">="&Instructions!B103),'Other History'!I:I,Instructions!A86)+COUNTIFS('Other History'!A:A,(">="&Instructions!B103),'Other History'!I:I,Instructions!A88) -> 0 | M21: =SUM(D9+E9+F9+G9+D11+E11+F11+G11+D12+E12+F12+G12) -> 0 | N21: =SUM(K16+L16+M16+N16+D14+E14+F14+G14+D15+E15+F15+G15) -> 0

Sheet Other History
A1: Other Officiating Game and Position History
A2: Event Details | D2: Leagues and Teams | I2: Game Specifics | L2: Head Referee/Witness | M2: Head NSO/Witness | N2: Notes
A3: Date | B3: Tournament | C3: Location | D3: Host League | E3: Home Team | F3: Visiting Team | G3: Rules | H3: Type | I3: Position | J3: HO 2nd Position (if applicable) | K3: Positional Software Operator?
